player_id,player_name,team_id,team_name,season_id,season_year,season_type,games_played,games_started,rushing_yards,rushing_touchdowns,receiving_yards,receiving_touchdowns,kick_return_yards,fumbles,fetched_at
0cd56f20-55d3-11f0-8ba3-059567f97ec8,Player_0cd56f,,,754e4990-efc7-11ef-bb2a-5d2d22b9215e,2025,REG,,,,,,,,,2026-04-16 13:16:23.143676+00:00
0df3ae40-74bd-11f0-addf-d95e01ada62f,Player_0df3ae,,,754e4990-efc7-11ef-bb2a-5d2d22b9215e,2025,REG,,,,,,,,,2026-04-16 13:16:25.201055+00:00
0e40e373-9eb9-49d5-9c85-ee6e7aa52fc3,Player_0e40e3,,,17d91be7-4bd3-4407-80e2-eca205c9284a,2020,REG,,,,,,,,,2026-04-16 13:16:27.236974+00:00
0e40e373-9eb9-49d5-9c85-ee6e7aa52fc3,Player_0e40e3,,,d1132b13-2c29-4e6d-9011-b627c7fd9a17,2021,REG,,,,,,,,,2026-04-16 13:16:27.236984+00:00
0e40e373-9eb9-49d5-9c85-ee6e7aa52fc3,Player_0e40e3,,,ff53e5e4-10ef-4842-a0b7-b489956fa07e,2022,REG,,,,,,,,,2026-04-16 13:16:27.236988+00:00
0e40e373-9eb9-49d5-9c85-ee6e7aa52fc3,Player_0e40e3,,,f58c6dbf-9dfe-487e-8b0b-af66af887206,2023,REG,,,,,,,,,2026-04-16 13:16:27.236992+00:00
0e40e373-9eb9-49d5-9c85-ee6e7aa52fc3,Player_0e40e3,,,908fbc20-f5c7-11ee-a306-c311afc28263,2024,REG,,,,,,,,,2026-04-16 13:16:27.236995+00:00
0ffc9700-8ecb-11ec-8d02-85ead82574a9,Player_0ffc97,,,ff53e5e4-10ef-4842-a0b7-b489956fa07e,2022,REG,,,,,,,,,2026-04-16 13:16:29.084883+00:00
0ffc9700-8ecb-11ec-8d02-85ead82574a9,Player_0ffc97,,,f58c6dbf-9dfe-487e-8b0b-af66af887206,2023,REG,,,,,,,,,2026-04-16 13:16:29.084891+00:00
0ffc9700-8ecb-11ec-8d02-85ead82574a9,Player_0ffc97,,,908fbc20-f5c7-11ee-a306-c311afc28263,2024,REG,,,,,,,,,2026-04-16 13:16:29.084894+00:00
0ffc9700-8ecb-11ec-8d02-85ead82574a9,Player_0ffc97,,,754e4990-efc7-11ef-bb2a-5d2d22b9215e,2025,REG,,,,,,,,,2026-04-16 13:16:29.084896+00:00
10626c40-5513-11ef-830c-e539946aedf9,Player_10626c,,,908fbc20-f5c7-11ee-a306-c311afc28263,2024,REG,,,,,,,,,2026-04-16 13:16:31.190977+00:00
10626c40-5513-11ef-830c-e539946aedf9,Player_10626c,,,754e4990-efc7-11ef-bb2a-5d2d22b9215e,2025,REG,,,,,,,,,2026-04-16 13:16:31.190985+00:00
109eeb62-2c58-4600-a9e1-22cd82316dde,Player_109eeb,,,a89f105a-fe49-4331-b638-4ee12dae0493,2019,REG,,,,,,,,,2026-04-16 13:16:33.021176+00:00
109eeb62-2c58-4600-a9e1-22cd82316dde,Player_109eeb,,,17d91be7-4bd3-4407-80e2-eca205c9284a,2020,REG,,,,,,,,,2026-04-16 13:16:33.021184+00:00
109eeb62-2c58-4600-a9e1-22cd82316dde,Player_109eeb,,,d1132b13-2c29-4e6d-9011-b627c7fd9a17,2021,REG,,,,,,,,,2026-04-16 13:16:33.021186+00:00
109eeb62-2c58-4600-a9e1-22cd82316dde,Player_109eeb,,,ff53e5e4-10ef-4842-a0b7-b489956fa07e,2022,REG,,,,,,,,,2026-04-16 13:16:33.021189+00:00
109eeb62-2c58-4600-a9e1-22cd82316dde,Player_109eeb,,,f58c6dbf-9dfe-487e-8b0b-af66af887206,2023,REG,,,,,,,,,2026-04-16 13:16:33.021192+00:00
109eeb62-2c58-4600-a9e1-22cd82316dde,Player_109eeb,,,908fbc20-f5c7-11ee-a306-c311afc28263,2024,REG,,,,,,,,,2026-04-16 13:16:33.021194+00:00
109eeb62-2c58-4600-a9e1-22cd82316dde,Player_109eeb,,,754e4990-efc7-11ef-bb2a-5d2d22b9215e,2025,REG,,,,,,,,,2026-04-16 13:16:33.021196+00:00
11723729-0313-461b-b439-f160fed91704,Player_117237,,,d1132b13-2c29-4e6d-9011-b627c7fd9a17,2021,REG,,,,,,,,,2026-04-16 13:16:35.009757+00:00
11723729-0313-461b-b439-f160fed91704,Player_117237,,,ff53e5e4-10ef-4842-a0b7-b489956fa07e,2022,REG,,,,,,,,,2026-04-16 13:16:35.009772+00:00
11723729-0313-461b-b439-f160fed91704,Player_117237,,,f58c6dbf-9dfe-487e-8b0b-af66af887206,2023,REG,,,,,,,,,2026-04-16 13:16:35.009775+00:00
11723729-0313-461b-b439-f160fed91704,Player_117237,,,908fbc20-f5c7-11ee-a306-c311afc28263,2024,REG,,,,,,,,,2026-04-16 13:16:35.009777+00:00
11723729-0313-461b-b439-f160fed91704,Player_117237,,,754e4990-efc7-11ef-bb2a-5d2d22b9215e,2025,REG,,,,,,,,,2026-04-16 13:16:35.009779+00:00
12522540-0c4a-11ed-834d-b52ea748578e,Player_125225,,,ff53e5e4-10ef-4842-a0b7-b489956fa07e,2022,REG,,,,,,,,,2026-04-16 13:16:36.816892+00:00
12522540-0c4a-11ed-834d-b52ea748578e,Player_125225,,,f58c6dbf-9dfe-487e-8b0b-af66af887206,2023,REG,,,,,,,,,2026-04-16 13:16:36.816901+00:00
12522540-0c4a-11ed-834d-b52ea748578e,Player_125225,,,908fbc20-f5c7-11ee-a306-c311afc28263,2024,REG,,,,,,,,,2026-04-16 13:16:36.816903+00:00
12522540-0c4a-11ed-834d-b52ea748578e,Player_125225,,,754e4990-efc7-11ef-bb2a-5d2d22b9215e,2025,REG,,,,,,,,,2026-04-16 13:16:36.816905+00:00
188ad070-f96f-11ed-a7e6-5b9f42549cff,Player_188ad0,,,f58c6dbf-9dfe-487e-8b0b-af66af887206,2023,REG,,,,,,,,,2026-04-16 13:16:38.650658+00:00
188ad070-f96f-11ed-a7e6-5b9f42549cff,Player_188ad0,,,908fbc20-f5c7-11ee-a306-c311afc28263,2024,REG,,,,,,,,,2026-04-16 13:16:38.650665+00:00
188ad070-f96f-11ed-a7e6-5b9f42549cff,Player_188ad0,,,754e4990-efc7-11ef-bb2a-5d2d22b9215e,2025,REG,,,,,,,,,2026-04-16 13:16:38.650668+00:00
1d6051f0-c602-11ee-a136-e78d78ebe5d6,Player_1d6051,,,908fbc20-f5c7-11ee-a306-c311afc28263,2024,REG,,,,,,,,,2026-04-16 13:16:40.510325+00:00
1d6051f0-c602-11ee-a136-e78d78ebe5d6,Player_1d6051,,,754e4990-efc7-11ef-bb2a-5d2d22b9215e,2025,REG,,,,,,,,,2026-04-16 13:16:40.510333+00:00
2051aa40-9002-11ec-8556-6fa97bcffaf0,Player_2051aa,,,ff53e5e4-10ef-4842-a0b7-b489956fa07e,2022,REG,,,,,,,,,2026-04-16 13:16:42.387130+00:00
2051aa40-9002-11ec-8556-6fa97bcffaf0,Player_2051aa,,,f58c6dbf-9dfe-487e-8b0b-af66af887206,2023,REG,,,,,,,,,2026-04-16 13:16:42.387140+00:00
2051aa40-9002-11ec-8556-6fa97bcffaf0,Player_2051aa,,,908fbc20-f5c7-11ee-a306-c311afc28263,2024,REG,,,,,,,,,2026-04-16 13:16:42.387144+00:00
2051aa40-9002-11ec-8556-6fa97bcffaf0,Player_2051aa,,,754e4990-efc7-11ef-bb2a-5d2d22b9215e,2025,REG,,,,,,,,,2026-04-16 13:16:42.387147+00:00
24521cb3-4799-4130-903a-07e2add18eaf,Player_24521c,,,17d91be7-4bd3-4407-80e2-eca205c9284a,2020,REG,,,,,,,,,2026-04-16 13:16:44.284271+00:00
24521cb3-4799-4130-903a-07e2add18eaf,Player_24521c,,,d1132b13-2c29-4e6d-9011-b627c7fd9a17,2021,REG,,,,,,,,,2026-04-16 13:16:44.284280+00:00
24521cb3-4799-4130-903a-07e2add18eaf,Player_24521c,,,ff53e5e4-10ef-4842-a0b7-b489956fa07e,2022,REG,,,,,,,,,2026-04-16 13:16:44.284282+00:00
24521cb3-4799-4130-903a-07e2add18eaf,Player_24521c,,,908fbc20-f5c7-11ee-a306-c311afc28263,2024,REG,,,,,,,,,2026-04-16 13:16:44.284285+00:00
24521cb3-4799-4130-903a-07e2add18eaf,Player_24521c,,,754e4990-efc7-11ef-bb2a-5d2d22b9215e,2025,REG,,,,,,,,,2026-04-16 13:16:44.284287+00:00
25379af0-5daa-11f0-9d42-bbf85d3c3e0a,Player_25379a,,,754e4990-efc7-11ef-bb2a-5d2d22b9215e,2025,REG,,,,,,,,,2026-04-16 13:16:46.070369+00:00
27c2d1c0-993c-11ed-961f-17b5255c6c3e,Player_27c2d1,,,f58c6dbf-9dfe-487e-8b0b-af66af887206,2023,REG,,,,,,,,,2026-04-16 13:16:48.884644+00:00
27c2d1c0-993c-11ed-961f-17b5255c6c3e,Player_27c2d1,,,908fbc20-f5c7-11ee-a306-c311afc28263,2024,REG,,,,,,,,,2026-04-16 13:16:48.884655+00:00
27c2d1c0-993c-11ed-961f-17b5255c6c3e,Player_27c2d1,,,754e4990-efc7-11ef-bb2a-5d2d22b9215e,2025,REG,,,,,,,,,2026-04-16 13:16:48.884659+00:00
28794af0-c06d-11ee-86a6-9d30df5b5397,Player_28794a,,,908fbc20-f5c7-11ee-a306-c311afc28263,2024,REG,,,,,,,,,2026-04-16 13:16:50.734311+00:00
28794af0-c06d-11ee-86a6-9d30df5b5397,Player_28794a,,,754e4990-efc7-11ef-bb2a-5d2d22b9215e,2025,REG,,,,,,,,,2026-04-16 13:16:50.734319+00:00
291247a0-5dab-11f0-ae7d-0b5add8e8157,Player_291247,,,754e4990-efc7-11ef-bb2a-5d2d22b9215e,2025,REG,,,,,,,,,2026-04-16 13:16:52.629457+00:00
2a0f33d5-3ddc-4eac-930e-250b630ac785,Player_2a0f33,,,d1132b13-2c29-4e6d-9011-b627c7fd9a17,2021,REG,,,,,,,,,2026-04-16 13:16:54.422209+00:00
2a0f33d5-3ddc-4eac-930e-250b630ac785,Player_2a0f33,,,ff53e5e4-10ef-4842-a0b7-b489956fa07e,2022,REG,,,,,,,,,2026-04-16 13:16:54.422217+00:00
2a0f33d5-3ddc-4eac-930e-250b630ac785,Player_2a0f33,,,f58c6dbf-9dfe-487e-8b0b-af66af887206,2023,REG,,,,,,,,,2026-04-16 13:16:54.422220+00:00
2a0f33d5-3ddc-4eac-930e-250b630ac785,Player_2a0f33,,,908fbc20-f5c7-11ee-a306-c311afc28263,2024,REG,,,,,,,,,2026-04-16 13:16:54.422223+00:00
2a0f33d5-3ddc-4eac-930e-250b630ac785,Player_2a0f33,,,754e4990-efc7-11ef-bb2a-5d2d22b9215e,2025,REG,,,,,,,,,2026-04-16 13:16:54.422225+00:00
2c0ef5c8-26e3-495a-83c1-c5dfaf726332,Player_2c0ef5,,,d1132b13-2c29-4e6d-9011-b627c7fd9a17,2021,REG,,,,,,,,,2026-04-16 13:16:56.250141+00:00
2c0ef5c8-26e3-495a-83c1-c5dfaf726332,Player_2c0ef5,,,ff53e5e4-10ef-4842-a0b7-b489956fa07e,2022,REG,,,,,,,,,2026-04-16 13:16:56.250149+00:00
2c0ef5c8-26e3-495a-83c1-c5dfaf726332,Player_2c0ef5,,,f58c6dbf-9dfe-487e-8b0b-af66af887206,2023,REG,,,,,,,,,2026-04-16 13:16:56.250153+00:00
2c0ef5c8-26e3-495a-83c1-c5dfaf726332,Player_2c0ef5,,,908fbc20-f5c7-11ee-a306-c311afc28263,2024,REG,,,,,,,,,2026-04-16 13:16:56.250155+00:00
2c0ef5c8-26e3-495a-83c1-c5dfaf726332,Player_2c0ef5,,,754e4990-efc7-11ef-bb2a-5d2d22b9215e,2025,REG,,,,,,,,,2026-04-16 13:16:56.250157+00:00
3423a3a5-3ffc-4702-bae4-d016cb9c55bb,Player_3423a3,,,17d91be7-4bd3-4407-80e2-eca205c9284a,2020,REG,,,,,,,,,2026-04-16 13:16:58.053079+00:00
3423a3a5-3ffc-4702-bae4-d016cb9c55bb,Player_3423a3,,,d1132b13-2c29-4e6d-9011-b627c7fd9a17,2021,REG,,,,,,,,,2026-04-16 13:16:58.053087+00:00
3423a3a5-3ffc-4702-bae4-d016cb9c55bb,Player_3423a3,,,ff53e5e4-10ef-4842-a0b7-b489956fa07e,2022,REG,,,,,,,,,2026-04-16 13:16:58.053090+00:00
3423a3a5-3ffc-4702-bae4-d016cb9c55bb,Player_3423a3,,,f58c6dbf-9dfe-487e-8b0b-af66af887206,2023,REG,,,,,,,,,2026-04-16 13:16:58.053092+00:00
3423a3a5-3ffc-4702-bae4-d016cb9c55bb,Player_3423a3,,,908fbc20-f5c7-11ee-a306-c311afc28263,2024,REG,,,,,,,,,2026-04-16 13:16:58.053094+00:00
3423a3a5-3ffc-4702-bae4-d016cb9c55bb,Player_3423a3,,,754e4990-efc7-11ef-bb2a-5d2d22b9215e,2025,REG,,,,,,,,,2026-04-16 13:16:58.053098+00:00
370cf600-c600-11ee-a136-e78d78ebe5d6,Player_370cf6,,,908fbc20-f5c7-11ee-a306-c311afc28263,2024,REG,,,,,,,,,2026-04-16 13:17:00.030293+00:00
370cf600-c600-11ee-a136-e78d78ebe5d6,Player_370cf6,,,754e4990-efc7-11ef-bb2a-5d2d22b9215e,2025,REG,,,,,,,,,2026-04-16 13:17:00.030307+00:00
37ed7580-c601-11ee-a136-e78d78ebe5d6,Player_37ed75,,,908fbc20-f5c7-11ee-a306-c311afc28263,2024,REG,,,,,,,,,2026-04-16 13:17:01.888039+00:00
37ed7580-c601-11ee-a136-e78d78ebe5d6,Player_37ed75,,,754e4990-efc7-11ef-bb2a-5d2d22b9215e,2025,REG,,,,,,,,,2026-04-16 13:17:01.888050+00:00
39f1cb80-5510-11ef-830c-e539946aedf9,Player_39f1cb,,,908fbc20-f5c7-11ee-a306-c311afc28263,2024,REG,,,,,,,,,2026-04-16 13:17:03.840932+00:00
39f1cb80-5510-11ef-830c-e539946aedf9,Player_39f1cb,,,754e4990-efc7-11ef-bb2a-5d2d22b9215e,2025,REG,,,,,,,,,2026-04-16 13:17:03.840945+00:00
3b6ea290-edf9-11ee-8f73-394a1207192d,Player_3b6ea2,,,908fbc20-f5c7-11ee-a306-c311afc28263,2024,REG,,,,,,,,,2026-04-16 13:17:05.670768+00:00
3b6ea290-edf9-11ee-8f73-394a1207192d,Player_3b6ea2,,,754e4990-efc7-11ef-bb2a-5d2d22b9215e,2025,REG,,,,,,,,,2026-04-16 13:17:05.670776+00:00
3ece6d70-0fd2-11f0-afee-8b37bdbeabef,Player_3ece6d,,,754e4990-efc7-11ef-bb2a-5d2d22b9215e,2025,REG,,,,,,,,,2026-04-16 13:17:07.530185+00:00
3efdb810-0b7f-11ec-88fe-27c45d3b5fb1,Player_3efdb8,,,d1132b13-2c29-4e6d-9011-b627c7fd9a17,2021,REG,,,,,,,,,2026-04-16 13:17:09.514912+00:00
3efdb810-0b7f-11ec-88fe-27c45d3b5fb1,Player_3efdb8,,,ff53e5e4-10ef-4842-a0b7-b489956fa07e,2022,REG,,,,,,,,,2026-04-16 13:17:09.514920+00:00
3efdb810-0b7f-11ec-88fe-27c45d3b5fb1,Player_3efdb8,,,f58c6dbf-9dfe-487e-8b0b-af66af887206,2023,REG,,,,,,,,,2026-04-16 13:17:09.514923+00:00
3efdb810-0b7f-11ec-88fe-27c45d3b5fb1,Player_3efdb8,,,908fbc20-f5c7-11ee-a306-c311afc28263,2024,REG,,,,,,,,,2026-04-16 13:17:09.514926+00:00
3efdb810-0b7f-11ec-88fe-27c45d3b5fb1,Player_3efdb8,,,754e4990-efc7-11ef-bb2a-5d2d22b9215e,2025,REG,,,,,,,,,2026-04-16 13:17:09.514928+00:00
3fcec0e0-c603-11ee-a136-e78d78ebe5d6,Player_3fcec0,,,908fbc20-f5c7-11ee-a306-c311afc28263,2024,REG,,,,,,,,,2026-04-16 13:17:11.654258+00:00
3fcec0e0-c603-11ee-a136-e78d78ebe5d6,Player_3fcec0,,,754e4990-efc7-11ef-bb2a-5d2d22b9215e,2025,REG,,,,,,,,,2026-04-16 13:17:11.654266+00:00
432ada80-0ad0-11ec-9466-75df4dae1e10,Player_432ada,,,d1132b13-2c29-4e6d-9011-b627c7fd9a17,2021,REG,,,,,,,,,2026-04-16 13:17:13.432730+00:00
432ada80-0ad0-11ec-9466-75df4dae1e10,Player_432ada,,,ff53e5e4-10ef-4842-a0b7-b489956fa07e,2022,REG,,,,,,,,,2026-04-16 13:17:13.432741+00:00
432ada80-0ad0-11ec-9466-75df4dae1e10,Player_432ada,,,f58c6dbf-9dfe-487e-8b0b-af66af887206,2023,REG,,,,,,,,,2026-04-16 13:17:13.432745+00:00
432ada80-0ad0-11ec-9466-75df4dae1e10,Player_432ada,,,908fbc20-f5c7-11ee-a306-c311afc28263,2024,REG,,,,,,,,,2026-04-16 13:17:13.432749+00:00
432ada80-0ad0-11ec-9466-75df4dae1e10,Player_432ada,,,754e4990-efc7-11ef-bb2a-5d2d22b9215e,2025,REG,,,,,,,,,2026-04-16 13:17:13.432752+00:00
491c0c80-c06c-11ee-86a6-9d30df5b5397,Player_491c0c,,,908fbc20-f5c7-11ee-a306-c311afc28263,2024,REG,,,,,,,,,2026-04-16 13:17:15.272240+00:00
491c0c80-c06c-11ee-86a6-9d30df5b5397,Player_491c0c,,,754e4990-efc7-11ef-bb2a-5d2d22b9215e,2025,REG,,,,,,,,,2026-04-16 13:17:15.272248+00:00
49eaf800-8a82-11ec-9b75-81689e0737c4,Player_49eaf8,,,ff53e5e4-10ef-4842-a0b7-b489956fa07e,2022,REG,,,,,,,,,2026-04-16 13:17:17.081174+00:00
49eaf800-8a82-11ec-9b75-81689e0737c4,Player_49eaf8,,,f58c6dbf-9dfe-487e-8b0b-af66af887206,2023,REG,,,,,,,,,2026-04-16 13:17:17.081181+00:00
49eaf800-8a82-11ec-9b75-81689e0737c4,Player_49eaf8,,,908fbc20-f5c7-11ee-a306-c311afc28263,2024,REG,,,,,,,,,2026-04-16 13:17:17.081184+00:00
49eaf800-8a82-11ec-9b75-81689e0737c4,Player_49eaf8,,,754e4990-efc7-11ef-bb2a-5d2d22b9215e,2025,REG,,,,,,,,,2026-04-16 13:17:17.081186+00:00
4b9b73f0-9daf-11ed-affb-d7de6d7f398d,Player_4b9b73,,,f58c6dbf-9dfe-487e-8b0b-af66af887206,2023,REG,,,,,,,,,2026-04-16 13:17:18.860947+00:00
4b9b73f0-9daf-11ed-affb-d7de6d7f398d,Player_4b9b73,,,908fbc20-f5c7-11ee-a306-c311afc28263,2024,REG,,,,,,,,,2026-04-16 13:17:18.860955+00:00
4b9b73f0-9daf-11ed-affb-d7de6d7f398d,Player_4b9b73,,,754e4990-efc7-11ef-bb2a-5d2d22b9215e,2025,REG,,,,,,,,,2026-04-16 13:17:18.860958+00:00
4f6b30b0-550f-11ef-830c-e539946aedf9,Player_4f6b30,,,908fbc20-f5c7-11ee-a306-c311afc28263,2024,REG,,,,,,,,,2026-04-16 13:17:20.765454+00:00
4f6b30b0-550f-11ef-830c-e539946aedf9,Player_4f6b30,,,754e4990-efc7-11ef-bb2a-5d2d22b9215e,2025,REG,,,,,,,,,2026-04-16 13:17:20.765461+00:00
500a86f1-d63c-4dc8-b49e-68430ace70eb,Player_500a86,,,d1132b13-2c29-4e6d-9011-b627c7fd9a17,2021,REG,,,,,,,,,2026-04-16 13:17:22.782924+00:00
500a86f1-d63c-4dc8-b49e-68430ace70eb,Player_500a86,,,ff53e5e4-10ef-4842-a0b7-b489956fa07e,2022,REG,,,,,,,,,2026-04-16 13:17:22.782932+00:00
500a86f1-d63c-4dc8-b49e-68430ace70eb,Player_500a86,,,f58c6dbf-9dfe-487e-8b0b-af66af887206,2023,REG,,,,,,,,,2026-04-16 13:17:22.782934+00:00
500a86f1-d63c-4dc8-b49e-68430ace70eb,Player_500a86,,,908fbc20-f5c7-11ee-a306-c311afc28263,2024,REG,,,,,,,,,2026-04-16 13:17:22.782938+00:00
500a86f1-d63c-4dc8-b49e-68430ace70eb,Player_500a86,,,754e4990-efc7-11ef-bb2a-5d2d22b9215e,2025,REG,,,,,,,,,2026-04-16 13:17:22.782941+00:00
53f4c5e0-f636-11ec-a454-0195ac6142b0,Player_53f4c5,,,ff53e5e4-10ef-4842-a0b7-b489956fa07e,2022,REG,,,,,,,,,2026-04-16 13:17:24.606739+00:00
53f4c5e0-f636-11ec-a454-0195ac6142b0,Player_53f4c5,,,f58c6dbf-9dfe-487e-8b0b-af66af887206,2023,REG,,,,,,,,,2026-04-16 13:17:24.606749+00:00
53f4c5e0-f636-11ec-a454-0195ac6142b0,Player_53f4c5,,,908fbc20-f5c7-11ee-a306-c311afc28263,2024,REG,,,,,,,,,2026-04-16 13:17:24.606754+00:00
53f4c5e0-f636-11ec-a454-0195ac6142b0,Player_53f4c5,,,754e4990-efc7-11ef-bb2a-5d2d22b9215e,2025,REG,,,,,,,,,2026-04-16 13:17:24.606759+00:00
5844d160-94d6-11ec-9a13-bdad2320c674,Player_5844d1,,,ff53e5e4-10ef-4842-a0b7-b489956fa07e,2022,REG,,,,,,,,,2026-04-16 13:17:26.437669+00:00
5844d160-94d6-11ec-9a13-bdad2320c674,Player_5844d1,,,754e4990-efc7-11ef-bb2a-5d2d22b9215e,2025,REG,,,,,,,,,2026-04-16 13:17:26.437757+00:00
594a3360-0641-11ee-b45e-43d642150b47,Player_594a33,,,f58c6dbf-9dfe-487e-8b0b-af66af887206,2023,REG,,,,,,,,,2026-04-16 13:17:28.203928+00:00
594a3360-0641-11ee-b45e-43d642150b47,Player_594a33,,,908fbc20-f5c7-11ee-a306-c311afc28263,2024,REG,,,,,,,,,2026-04-16 13:17:28.203936+00:00
594a3360-0641-11ee-b45e-43d642150b47,Player_594a33,,,754e4990-efc7-11ef-bb2a-5d2d22b9215e,2025,REG,,,,,,,,,2026-04-16 13:17:28.203939+00:00
5b6c4630-f899-11ec-8190-074ed0b20d38,Player_5b6c46,,,ff53e5e4-10ef-4842-a0b7-b489956fa07e,2022,REG,,,,,,,,,2026-04-16 13:17:30.207065+00:00
5b6c4630-f899-11ec-8190-074ed0b20d38,Player_5b6c46,,,f58c6dbf-9dfe-487e-8b0b-af66af887206,2023,REG,,,,,,,,,2026-04-16 13:17:30.207073+00:00
5b6c4630-f899-11ec-8190-074ed0b20d38,Player_5b6c46,,,908fbc20-f5c7-11ee-a306-c311afc28263,2024,REG,,,,,,,,,2026-04-16 13:17:30.207076+00:00
5b6c4630-f899-11ec-8190-074ed0b20d38,Player_5b6c46,,,754e4990-efc7-11ef-bb2a-5d2d22b9215e,2025,REG,,,,,,,,,2026-04-16 13:17:30.207078+00:00
5be87f40-c5ff-11ee-a136-e78d78ebe5d6,Player_5be87f,,,908fbc20-f5c7-11ee-a306-c311afc28263,2024,REG,,,,,,,,,2026-04-16 13:17:32.053102+00:00
5be87f40-c5ff-11ee-a136-e78d78ebe5d6,Player_5be87f,,,754e4990-efc7-11ef-bb2a-5d2d22b9215e,2025,REG,,,,,,,,,2026-04-16 13:17:32.053110+00:00
5e6b81a0-5dab-11f0-84a7-571b82393123,Player_5e6b81,,,754e4990-efc7-11ef-bb2a-5d2d22b9215e,2025,REG,,,,,,,,,2026-04-16 13:17:33.874783+00:00
6247d884-40c6-4af5-8276-16cc34a37f25,Player_6247d8,,,d1132b13-2c29-4e6d-9011-b627c7fd9a17,2021,REG,,,,,,,,,2026-04-16 13:17:35.688875+00:00
6247d884-40c6-4af5-8276-16cc34a37f25,Player_6247d8,,,ff53e5e4-10ef-4842-a0b7-b489956fa07e,2022,REG,,,,,,,,,2026-04-16 13:17:35.688887+00:00
6247d884-40c6-4af5-8276-16cc34a37f25,Player_6247d8,,,f58c6dbf-9dfe-487e-8b0b-af66af887206,2023,REG,,,,,,,,,2026-04-16 13:17:35.688892+00:00
6247d884-40c6-4af5-8276-16cc34a37f25,Player_6247d8,,,908fbc20-f5c7-11ee-a306-c311afc28263,2024,REG,,,,,,,,,2026-04-16 13:17:35.688896+00:00
6247d884-40c6-4af5-8276-16cc34a37f25,Player_6247d8,,,754e4990-efc7-11ef-bb2a-5d2d22b9215e,2025,REG,,,,,,,,,2026-04-16 13:17:35.688901+00:00
64fb7230-5dcb-11f0-915e-91585bd5e9e7,Player_64fb72,,,754e4990-efc7-11ef-bb2a-5d2d22b9215e,2025,REG,,,,,,,,,2026-04-16 13:17:37.538978+00:00
67ad5355-7dac-47b1-8a50-8579f464cf0e,Player_67ad53,,,17d91be7-4bd3-4407-80e2-eca205c9284a,2020,REG,,,,,,,,,2026-04-16 13:17:39.472263+00:00
67ad5355-7dac-47b1-8a50-8579f464cf0e,Player_67ad53,,,d1132b13-2c29-4e6d-9011-b627c7fd9a17,2021,REG,,,,,,,,,2026-04-16 13:17:39.472272+00:00
67ad5355-7dac-47b1-8a50-8579f464cf0e,Player_67ad53,,,ff53e5e4-10ef-4842-a0b7-b489956fa07e,2022,REG,,,,,,,,,2026-04-16 13:17:39.472275+00:00
67ad5355-7dac-47b1-8a50-8579f464cf0e,Player_67ad53,,,908fbc20-f5c7-11ee-a306-c311afc28263,2024,REG,,,,,,,,,2026-04-16 13:17:39.472278+00:00
67ad5355-7dac-47b1-8a50-8579f464cf0e,Player_67ad53,,,754e4990-efc7-11ef-bb2a-5d2d22b9215e,2025,REG,,,,,,,,,2026-04-16 13:17:39.472280+00:00
6814857f-8b26-4034-9770-8a32f8eb5f87,Player_681485,,,d1132b13-2c29-4e6d-9011-b627c7fd9a17,2021,REG,,,,,,,,,2026-04-16 13:17:41.305128+00:00
6814857f-8b26-4034-9770-8a32f8eb5f87,Player_681485,,,ff53e5e4-10ef-4842-a0b7-b489956fa07e,2022,REG,,,,,,,,,2026-04-16 13:17:41.305136+00:00
6814857f-8b26-4034-9770-8a32f8eb5f87,Player_681485,,,f58c6dbf-9dfe-487e-8b0b-af66af887206,2023,REG,,,,,,,,,2026-04-16 13:17:41.305138+00:00
6814857f-8b26-4034-9770-8a32f8eb5f87,Player_681485,,,908fbc20-f5c7-11ee-a306-c311afc28263,2024,REG,,,,,,,,,2026-04-16 13:17:41.305140+00:00
6814857f-8b26-4034-9770-8a32f8eb5f87,Player_681485,,,754e4990-efc7-11ef-bb2a-5d2d22b9215e,2025,REG,,,,,,,,,2026-04-16 13:17:41.305143+00:00
6a685880-d8a9-11ee-b4ab-d9199a278cc1,Player_6a6858,,,908fbc20-f5c7-11ee-a306-c311afc28263,2024,REG,,,,,,,,,2026-04-16 13:17:43.165544+00:00
6a685880-d8a9-11ee-b4ab-d9199a278cc1,Player_6a6858,,,754e4990-efc7-11ef-bb2a-5d2d22b9215e,2025,REG,,,,,,,,,2026-04-16 13:17:43.165552+00:00
6cdd7500-9fc1-11ec-8d3e-25cbf0d2c00a,Player_6cdd75,,,ff53e5e4-10ef-4842-a0b7-b489956fa07e,2022,REG,,,,,,,,,2026-04-16 13:17:45.008023+00:00
6cdd7500-9fc1-11ec-8d3e-25cbf0d2c00a,Player_6cdd75,,,f58c6dbf-9dfe-487e-8b0b-af66af887206,2023,REG,,,,,,,,,2026-04-16 13:17:45.008031+00:00
6cdd7500-9fc1-11ec-8d3e-25cbf0d2c00a,Player_6cdd75,,,908fbc20-f5c7-11ee-a306-c311afc28263,2024,REG,,,,,,,,,2026-04-16 13:17:45.008033+00:00
6cdd7500-9fc1-11ec-8d3e-25cbf0d2c00a,Player_6cdd75,,,754e4990-efc7-11ef-bb2a-5d2d22b9215e,2025,REG,,,,,,,,,2026-04-16 13:17:45.008036+00:00
6e67e781-f023-44d0-94ae-3d547bace361,Player_6e67e7,,,17d91be7-4bd3-4407-80e2-eca205c9284a,2020,REG,,,,,,,,,2026-04-16 13:17:46.853151+00:00
6e67e781-f023-44d0-94ae-3d547bace361,Player_6e67e7,,,d1132b13-2c29-4e6d-9011-b627c7fd9a17,2021,REG,,,,,,,,,2026-04-16 13:17:46.853174+00:00
6e67e781-f023-44d0-94ae-3d547bace361,Player_6e67e7,,,ff53e5e4-10ef-4842-a0b7-b489956fa07e,2022,REG,,,,,,,,,2026-04-16 13:17:46.853177+00:00
6e67e781-f023-44d0-94ae-3d547bace361,Player_6e67e7,,,f58c6dbf-9dfe-487e-8b0b-af66af887206,2023,REG,,,,,,,,,2026-04-16 13:17:46.853192+00:00
6e67e781-f023-44d0-94ae-3d547bace361,Player_6e67e7,,,908fbc20-f5c7-11ee-a306-c311afc28263,2024,REG,,,,,,,,,2026-04-16 13:17:46.853195+00:00
6e67e781-f023-44d0-94ae-3d547bace361,Player_6e67e7,,,754e4990-efc7-11ef-bb2a-5d2d22b9215e,2025,REG,,,,,,,,,2026-04-16 13:17:46.853199+00:00
6f7bdaaa-138f-4fec-8a61-6c1be48511c3,Player_6f7bda,,,d1132b13-2c29-4e6d-9011-b627c7fd9a17,2021,REG,,,,,,,,,2026-04-16 13:17:48.687723+00:00
6f7bdaaa-138f-4fec-8a61-6c1be48511c3,Player_6f7bda,,,ff53e5e4-10ef-4842-a0b7-b489956fa07e,2022,REG,,,,,,,,,2026-04-16 13:17:48.687735+00:00
6f7bdaaa-138f-4fec-8a61-6c1be48511c3,Player_6f7bda,,,f58c6dbf-9dfe-487e-8b0b-af66af887206,2023,REG,,,,,,,,,2026-04-16 13:17:48.687740+00:00
6f7bdaaa-138f-4fec-8a61-6c1be48511c3,Player_6f7bda,,,908fbc20-f5c7-11ee-a306-c311afc28263,2024,REG,,,,,,,,,2026-04-16 13:17:48.687745+00:00
6f7bdaaa-138f-4fec-8a61-6c1be48511c3,Player_6f7bda,,,754e4990-efc7-11ef-bb2a-5d2d22b9215e,2025,REG,,,,,,,,,2026-04-16 13:17:48.687750+00:00
71811820-538b-11ef-b0d0-47e136320378,Player_718118,,,908fbc20-f5c7-11ee-a306-c311afc28263,2024,REG,,,,,,,,,2026-04-16 13:17:50.502670+00:00
71811820-538b-11ef-b0d0-47e136320378,Player_718118,,,754e4990-efc7-11ef-bb2a-5d2d22b9215e,2025,REG,,,,,,,,,2026-04-16 13:17:50.502756+00:00
7e6c1e60-550f-11ef-830c-e539946aedf9,Player_7e6c1e,,,908fbc20-f5c7-11ee-a306-c311afc28263,2024,REG,,,,,,,,,2026-04-16 13:17:52.417241+00:00
7e6c1e60-550f-11ef-830c-e539946aedf9,Player_7e6c1e,,,754e4990-efc7-11ef-bb2a-5d2d22b9215e,2025,REG,,,,,,,,,2026-04-16 13:17:52.417249+00:00
7f827cf6-3e26-4b20-8b59-53c8295b056c,Player_7f827c,,,d1132b13-2c29-4e6d-9011-b627c7fd9a17,2021,REG,,,,,,,,,2026-04-16 13:17:54.253177+00:00
7f827cf6-3e26-4b20-8b59-53c8295b056c,Player_7f827c,,,ff53e5e4-10ef-4842-a0b7-b489956fa07e,2022,REG,,,,,,,,,2026-04-16 13:17:54.253190+00:00
7f827cf6-3e26-4b20-8b59-53c8295b056c,Player_7f827c,,,f58c6dbf-9dfe-487e-8b0b-af66af887206,2023,REG,,,,,,,,,2026-04-16 13:17:54.253195+00:00
7f827cf6-3e26-4b20-8b59-53c8295b056c,Player_7f827c,,,908fbc20-f5c7-11ee-a306-c311afc28263,2024,REG,,,,,,,,,2026-04-16 13:17:54.253200+00:00
7f827cf6-3e26-4b20-8b59-53c8295b056c,Player_7f827c,,,754e4990-efc7-11ef-bb2a-5d2d22b9215e,2025,REG,,,,,,,,,2026-04-16 13:17:54.253202+00:00
7ffa1fa0-0fd3-11f0-a080-c54fe575f217,Player_7ffa1f,,,754e4990-efc7-11ef-bb2a-5d2d22b9215e,2025,REG,,,,,,,,,2026-04-16 13:17:56.076091+00:00
8091cd90-c601-11ee-a136-e78d78ebe5d6,Player_8091cd,,,908fbc20-f5c7-11ee-a306-c311afc28263,2024,REG,,,,,,,,,2026-04-16 13:17:57.896268+00:00
8091cd90-c601-11ee-a136-e78d78ebe5d6,Player_8091cd,,,754e4990-efc7-11ef-bb2a-5d2d22b9215e,2025,REG,,,,,,,,,2026-04-16 13:17:57.896276+00:00
84cca790-0fd9-11f0-b450-dbc542057566,Player_84cca7,,,754e4990-efc7-11ef-bb2a-5d2d22b9215e,2025,REG,,,,,,,,,2026-04-16 13:17:59.892669+00:00
89586320-5daa-11f0-8856-e339958c5358,Player_895863,,,754e4990-efc7-11ef-bb2a-5d2d22b9215e,2025,REG,,,,,,,,,2026-04-16 13:18:01.778564+00:00
89cd1d40-74bc-11f0-addf-d95e01ada62f,Player_89cd1d,,,754e4990-efc7-11ef-bb2a-5d2d22b9215e,2025,REG,,,,,,,,,2026-04-16 13:18:03.604155+00:00
8b539af0-c9e5-11ee-998a-fb9969bce195,Player_8b539a,,,908fbc20-f5c7-11ee-a306-c311afc28263,2024,REG,,,,,,,,,2026-04-16 13:18:05.454294+00:00
8b539af0-c9e5-11ee-998a-fb9969bce195,Player_8b539a,,,754e4990-efc7-11ef-bb2a-5d2d22b9215e,2025,REG,,,,,,,,,2026-04-16 13:18:05.454303+00:00
8c517d10-9bfb-11ec-a07d-ffdc5a3c6e65,Player_8c517d,,,ff53e5e4-10ef-4842-a0b7-b489956fa07e,2022,REG,,,,,,,,,2026-04-16 13:18:07.297418+00:00
8c517d10-9bfb-11ec-a07d-ffdc5a3c6e65,Player_8c517d,,,f58c6dbf-9dfe-487e-8b0b-af66af887206,2023,REG,,,,,,,,,2026-04-16 13:18:07.297427+00:00
8c517d10-9bfb-11ec-a07d-ffdc5a3c6e65,Player_8c517d,,,908fbc20-f5c7-11ee-a306-c311afc28263,2024,REG,,,,,,,,,2026-04-16 13:18:07.297429+00:00
8c517d10-9bfb-11ec-a07d-ffdc5a3c6e65,Player_8c517d,,,754e4990-efc7-11ef-bb2a-5d2d22b9215e,2025,REG,,,,,,,,,2026-04-16 13:18:07.297431+00:00
9041fb00-0a99-11ec-8b62-01d2825cc870,Player_9041fb,,,d1132b13-2c29-4e6d-9011-b627c7fd9a17,2021,REG,,,,,,,,,2026-04-16 13:18:09.142143+00:00
9041fb00-0a99-11ec-8b62-01d2825cc870,Player_9041fb,,,ff53e5e4-10ef-4842-a0b7-b489956fa07e,2022,REG,,,,,,,,,2026-04-16 13:18:09.142151+00:00
9041fb00-0a99-11ec-8b62-01d2825cc870,Player_9041fb,,,908fbc20-f5c7-11ee-a306-c311afc28263,2024,REG,,,,,,,,,2026-04-16 13:18:09.142153+00:00
9041fb00-0a99-11ec-8b62-01d2825cc870,Player_9041fb,,,754e4990-efc7-11ef-bb2a-5d2d22b9215e,2025,REG,,,,,,,,,2026-04-16 13:18:09.142156+00:00
90bf2f90-1aca-11f0-aae7-45b2cf1c4160,Player_90bf2f,,,754e4990-efc7-11ef-bb2a-5d2d22b9215e,2025,REG,,,,,,,,,2026-04-16 13:18:11.031819+00:00
97f670b0-90eb-11f0-9c1f-13825b654c5a,Player_97f670,,,754e4990-efc7-11ef-bb2a-5d2d22b9215e,2025,REG,,,,,,,,,2026-04-16 13:18:12.870202+00:00
9844c580-5dab-11f0-ba90-a53e454377ef,Player_9844c5,,,754e4990-efc7-11ef-bb2a-5d2d22b9215e,2025,REG,,,,,,,,,2026-04-16 13:18:14.726768+00:00
98dfbd30-9061-11ec-8556-6fa97bcffaf0,Player_98dfbd,,,ff53e5e4-10ef-4842-a0b7-b489956fa07e,2022,REG,,,,,,,,,2026-04-16 13:18:16.666312+00:00
98dfbd30-9061-11ec-8556-6fa97bcffaf0,Player_98dfbd,,,f58c6dbf-9dfe-487e-8b0b-af66af887206,2023,REG,,,,,,,,,2026-04-16 13:18:16.666321+00:00
98dfbd30-9061-11ec-8556-6fa97bcffaf0,Player_98dfbd,,,908fbc20-f5c7-11ee-a306-c311afc28263,2024,REG,,,,,,,,,2026-04-16 13:18:16.666324+00:00
98dfbd30-9061-11ec-8556-6fa97bcffaf0,Player_98dfbd,,,754e4990-efc7-11ef-bb2a-5d2d22b9215e,2025,REG,,,,,,,,,2026-04-16 13:18:16.666326+00:00
9b0760a0-c74b-11ed-9fa8-892eecf2a8d4,Player_9b0760,,,f58c6dbf-9dfe-487e-8b0b-af66af887206,2023,REG,,,,,,,,,2026-04-16 13:18:18.489578+00:00
9b0760a0-c74b-11ed-9fa8-892eecf2a8d4,Player_9b0760,,,908fbc20-f5c7-11ee-a306-c311afc28263,2024,REG,,,,,,,,,2026-04-16 13:18:18.489586+00:00
9b0760a0-c74b-11ed-9fa8-892eecf2a8d4,Player_9b0760,,,754e4990-efc7-11ef-bb2a-5d2d22b9215e,2025,REG,,,,,,,,,2026-04-16 13:18:18.489589+00:00
9b5fb8a2-a5a0-4190-96fd-97510f6295db,Player_9b5fb8,,,d1132b13-2c29-4e6d-9011-b627c7fd9a17,2021,REG,,,,,,,,,2026-04-16 13:18:20.315971+00:00
9b5fb8a2-a5a0-4190-96fd-97510f6295db,Player_9b5fb8,,,ff53e5e4-10ef-4842-a0b7-b489956fa07e,2022,REG,,,,,,,,,2026-04-16 13:18:20.315979+00:00
9b5fb8a2-a5a0-4190-96fd-97510f6295db,Player_9b5fb8,,,f58c6dbf-9dfe-487e-8b0b-af66af887206,2023,REG,,,,,,,,,2026-04-16 13:18:20.315983+00:00
9b5fb8a2-a5a0-4190-96fd-97510f6295db,Player_9b5fb8,,,908fbc20-f5c7-11ee-a306-c311afc28263,2024,REG,,,,,,,,,2026-04-16 13:18:20.315985+00:00
9b5fb8a2-a5a0-4190-96fd-97510f6295db,Player_9b5fb8,,,754e4990-efc7-11ef-bb2a-5d2d22b9215e,2025,REG,,,,,,,,,2026-04-16 13:18:20.315987+00:00
9c762670-9c57-11ed-8502-732faaf2b36c,Player_9c7626,,,f58c6dbf-9dfe-487e-8b0b-af66af887206,2023,REG,,,,,,,,,2026-04-16 13:18:22.153649+00:00
9c762670-9c57-11ed-8502-732faaf2b36c,Player_9c7626,,,908fbc20-f5c7-11ee-a306-c311afc28263,2024,REG,,,,,,,,,2026-04-16 13:18:22.153657+00:00
9c762670-9c57-11ed-8502-732faaf2b36c,Player_9c7626,,,754e4990-efc7-11ef-bb2a-5d2d22b9215e,2025,REG,,,,,,,,,2026-04-16 13:18:22.153659+00:00
9ccf9f00-cb3d-11ee-a7bd-81f1a0967bfc,Player_9ccf9f,,,908fbc20-f5c7-11ee-a306-c311afc28263,2024,REG,,,,,,,,,2026-04-16 13:18:23.971760+00:00
9ccf9f00-cb3d-11ee-a7bd-81f1a0967bfc,Player_9ccf9f,,,754e4990-efc7-11ef-bb2a-5d2d22b9215e,2025,REG,,,,,,,,,2026-04-16 13:18:23.971771+00:00
9efaed50-550f-11ef-830c-e539946aedf9,Player_9efaed,,,908fbc20-f5c7-11ee-a306-c311afc28263,2024,REG,,,,,,,,,2026-04-16 13:18:25.792270+00:00
9efaed50-550f-11ef-830c-e539946aedf9,Player_9efaed,,,754e4990-efc7-11ef-bb2a-5d2d22b9215e,2025,REG,,,,,,,,,2026-04-16 13:18:25.792277+00:00
a01963d0-9a5c-11ec-aa2d-1dee8c2946d2,Player_a01963,,,ff53e5e4-10ef-4842-a0b7-b489956fa07e,2022,REG,,,,,,,,,2026-04-16 13:18:27.595807+00:00
a01963d0-9a5c-11ec-aa2d-1dee8c2946d2,Player_a01963,,,f58c6dbf-9dfe-487e-8b0b-af66af887206,2023,REG,,,,,,,,,2026-04-16 13:18:27.595816+00:00
a01963d0-9a5c-11ec-aa2d-1dee8c2946d2,Player_a01963,,,908fbc20-f5c7-11ee-a306-c311afc28263,2024,REG,,,,,,,,,2026-04-16 13:18:27.595819+00:00
a01963d0-9a5c-11ec-aa2d-1dee8c2946d2,Player_a01963,,,754e4990-efc7-11ef-bb2a-5d2d22b9215e,2025,REG,,,,,,,,,2026-04-16 13:18:27.595822+00:00
a205a550-c601-11ee-a136-e78d78ebe5d6,Player_a205a5,,,908fbc20-f5c7-11ee-a306-c311afc28263,2024,REG,,,,,,,,,2026-04-16 13:18:29.424910+00:00
a205a550-c601-11ee-a136-e78d78ebe5d6,Player_a205a5,,,754e4990-efc7-11ef-bb2a-5d2d22b9215e,2025,REG,,,,,,,,,2026-04-16 13:18:29.424918+00:00
a473ef04-9c3e-49a1-9319-d3ec996a67ec,Player_a473ef,,,d1132b13-2c29-4e6d-9011-b627c7fd9a17,2021,REG,,,,,,,,,2026-04-16 13:18:31.243630+00:00
a473ef04-9c3e-49a1-9319-d3ec996a67ec,Player_a473ef,,,ff53e5e4-10ef-4842-a0b7-b489956fa07e,2022,REG,,,,,,,,,2026-04-16 13:18:31.243638+00:00
a473ef04-9c3e-49a1-9319-d3ec996a67ec,Player_a473ef,,,f58c6dbf-9dfe-487e-8b0b-af66af887206,2023,REG,,,,,,,,,2026-04-16 13:18:31.243641+00:00
a473ef04-9c3e-49a1-9319-d3ec996a67ec,Player_a473ef,,,908fbc20-f5c7-11ee-a306-c311afc28263,2024,REG,,,,,,,,,2026-04-16 13:18:31.243643+00:00
a473ef04-9c3e-49a1-9319-d3ec996a67ec,Player_a473ef,,,754e4990-efc7-11ef-bb2a-5d2d22b9215e,2025,REG,,,,,,,,,2026-04-16 13:18:31.243669+00:00
a509f8d3-042e-4928-a938-9aab59ae9467,Player_a509f8,,,d1132b13-2c29-4e6d-9011-b627c7fd9a17,2021,REG,,,,,,,,,2026-04-16 13:18:33.112667+00:00
a509f8d3-042e-4928-a938-9aab59ae9467,Player_a509f8,,,ff53e5e4-10ef-4842-a0b7-b489956fa07e,2022,REG,,,,,,,,,2026-04-16 13:18:33.112719+00:00
a509f8d3-042e-4928-a938-9aab59ae9467,Player_a509f8,,,f58c6dbf-9dfe-487e-8b0b-af66af887206,2023,REG,,,,,,,,,2026-04-16 13:18:33.112724+00:00
a509f8d3-042e-4928-a938-9aab59ae9467,Player_a509f8,,,908fbc20-f5c7-11ee-a306-c311afc28263,2024,REG,,,,,,,,,2026-04-16 13:18:33.112730+00:00
a509f8d3-042e-4928-a938-9aab59ae9467,Player_a509f8,,,754e4990-efc7-11ef-bb2a-5d2d22b9215e,2025,REG,,,,,,,,,2026-04-16 13:18:33.112734+00:00
a55ae680-7f04-11f0-94c4-d54c749da4ec,Player_a55ae6,,,754e4990-efc7-11ef-bb2a-5d2d22b9215e,2025,REG,,,,,,,,,2026-04-16 13:18:34.909941+00:00
a9564c20-039c-11ed-82c0-ed1d42e26c7b,Player_a9564c,,,ff53e5e4-10ef-4842-a0b7-b489956fa07e,2022,REG,,,,,,,,,2026-04-16 13:18:36.722475+00:00
a9564c20-039c-11ed-82c0-ed1d42e26c7b,Player_a9564c,,,f58c6dbf-9dfe-487e-8b0b-af66af887206,2023,REG,,,,,,,,,2026-04-16 13:18:36.722486+00:00
a9564c20-039c-11ed-82c0-ed1d42e26c7b,Player_a9564c,,,908fbc20-f5c7-11ee-a306-c311afc28263,2024,REG,,,,,,,,,2026-04-16 13:18:36.722491+00:00
a9564c20-039c-11ed-82c0-ed1d42e26c7b,Player_a9564c,,,754e4990-efc7-11ef-bb2a-5d2d22b9215e,2025,REG,,,,,,,,,2026-04-16 13:18:36.722494+00:00
ab6a5cf0-8539-11f0-8653-cb8cb7441f0b,Player_ab6a5c,,,754e4990-efc7-11ef-bb2a-5d2d22b9215e,2025,REG,,,,,,,,,2026-04-16 13:18:38.691050+00:00
adab0510-edf9-11ee-b710-69770d9d52d5,Player_adab05,,,908fbc20-f5c7-11ee-a306-c311afc28263,2024,REG,,,,,,,,,2026-04-16 13:18:40.506189+00:00
adab0510-edf9-11ee-b710-69770d9d52d5,Player_adab05,,,754e4990-efc7-11ef-bb2a-5d2d22b9215e,2025,REG,,,,,,,,,2026-04-16 13:18:40.506197+00:00
af5eb820-90eb-11f0-b765-7947bb61b6bf,Player_af5eb8,,,754e4990-efc7-11ef-bb2a-5d2d22b9215e,2025,REG,,,,,,,,,2026-04-16 13:18:42.328204+00:00
b015e7e0-9421-11ec-a0a0-bfb4bc95dfd2,Player_b015e7,,,ff53e5e4-10ef-4842-a0b7-b489956fa07e,2022,REG,,,,,,,,,2026-04-16 13:18:44.153884+00:00
b015e7e0-9421-11ec-a0a0-bfb4bc95dfd2,Player_b015e7,,,f58c6dbf-9dfe-487e-8b0b-af66af887206,2023,REG,,,,,,,,,2026-04-16 13:18:44.153893+00:00
b015e7e0-9421-11ec-a0a0-bfb4bc95dfd2,Player_b015e7,,,908fbc20-f5c7-11ee-a306-c311afc28263,2024,REG,,,,,,,,,2026-04-16 13:18:44.153895+00:00
b015e7e0-9421-11ec-a0a0-bfb4bc95dfd2,Player_b015e7,,,754e4990-efc7-11ef-bb2a-5d2d22b9215e,2025,REG,,,,,,,,,2026-04-16 13:18:44.153898+00:00
b138e2d0-5daf-11ef-8f49-359551f881f7,Player_b138e2,,,908fbc20-f5c7-11ee-a306-c311afc28263,2024,REG,,,,,,,,,2026-04-16 13:18:45.983968+00:00
b138e2d0-5daf-11ef-8f49-359551f881f7,Player_b138e2,,,754e4990-efc7-11ef-bb2a-5d2d22b9215e,2025,REG,,,,,,,,,2026-04-16 13:18:45.983979+00:00
b1af8210-9d2a-11ed-a178-45615e5297d3,Player_b1af82,,,f58c6dbf-9dfe-487e-8b0b-af66af887206,2023,REG,,,,,,,,,2026-04-16 13:18:47.821862+00:00
b1af8210-9d2a-11ed-a178-45615e5297d3,Player_b1af82,,,908fbc20-f5c7-11ee-a306-c311afc28263,2024,REG,,,,,,,,,2026-04-16 13:18:47.821870+00:00
b1af8210-9d2a-11ed-a178-45615e5297d3,Player_b1af82,,,754e4990-efc7-11ef-bb2a-5d2d22b9215e,2025,REG,,,,,,,,,2026-04-16 13:18:47.821872+00:00
b1cbfe10-0fc7-11f0-97ae-ad404ec9be90,Player_b1cbfe,,,754e4990-efc7-11ef-bb2a-5d2d22b9215e,2025,REG,,,,,,,,,2026-04-16 13:18:49.665184+00:00
b2ea5310-5daa-11f0-a2dc-cbc8f0186027,Player_b2ea53,,,754e4990-efc7-11ef-bb2a-5d2d22b9215e,2025,REG,,,,,,,,,2026-04-16 13:18:51.744142+00:00
b9071ee0-4871-11ee-9e0e-63ed7dedca5c,Player_b9071e,,,f58c6dbf-9dfe-487e-8b0b-af66af887206,2023,REG,,,,,,,,,2026-04-16 13:18:53.821048+00:00
b9071ee0-4871-11ee-9e0e-63ed7dedca5c,Player_b9071e,,,908fbc20-f5c7-11ee-a306-c311afc28263,2024,REG,,,,,,,,,2026-04-16 13:18:53.821057+00:00
b9071ee0-4871-11ee-9e0e-63ed7dedca5c,Player_b9071e,,,754e4990-efc7-11ef-bb2a-5d2d22b9215e,2025,REG,,,,,,,,,2026-04-16 13:18:53.821060+00:00
c2d25380-5dab-11f0-8859-d336fc2c2655,Player_c2d253,,,754e4990-efc7-11ef-bb2a-5d2d22b9215e,2025,REG,,,,,,,,,2026-04-16 13:18:55.659567+00:00
c74154b0-863c-11ec-8b4f-bfdcdbacd7ed,Player_c74154,,,ff53e5e4-10ef-4842-a0b7-b489956fa07e,2022,REG,,,,,,,,,2026-04-16 13:18:57.476320+00:00
c74154b0-863c-11ec-8b4f-bfdcdbacd7ed,Player_c74154,,,f58c6dbf-9dfe-487e-8b0b-af66af887206,2023,REG,,,,,,,,,2026-04-16 13:18:57.476329+00:00
c74154b0-863c-11ec-8b4f-bfdcdbacd7ed,Player_c74154,,,908fbc20-f5c7-11ee-a306-c311afc28263,2024,REG,,,,,,,,,2026-04-16 13:18:57.476332+00:00
c74154b0-863c-11ec-8b4f-bfdcdbacd7ed,Player_c74154,,,754e4990-efc7-11ef-bb2a-5d2d22b9215e,2025,REG,,,,,,,,,2026-04-16 13:18:57.476334+00:00
c79c3bb0-550f-11ef-830c-e539946aedf9,Player_c79c3b,,,908fbc20-f5c7-11ee-a306-c311afc28263,2024,REG,,,,,,,,,2026-04-16 13:18:59.283717+00:00
c79c3bb0-550f-11ef-830c-e539946aedf9,Player_c79c3b,,,754e4990-efc7-11ef-bb2a-5d2d22b9215e,2025,REG,,,,,,,,,2026-04-16 13:18:59.283730+00:00
c88b87c0-0fda-11f0-a598-8956d934de94,Player_c88b87,,,754e4990-efc7-11ef-bb2a-5d2d22b9215e,2025,REG,,,,,,,,,2026-04-16 13:19:01.106874+00:00
cbcf1010-91f6-11ec-9587-0f8fa2cff168,Player_cbcf10,,,ff53e5e4-10ef-4842-a0b7-b489956fa07e,2022,REG,,,,,,,,,2026-04-16 13:19:03.051332+00:00
cbcf1010-91f6-11ec-9587-0f8fa2cff168,Player_cbcf10,,,f58c6dbf-9dfe-487e-8b0b-af66af887206,2023,REG,,,,,,,,,2026-04-16 13:19:03.051341+00:00
cbcf1010-91f6-11ec-9587-0f8fa2cff168,Player_cbcf10,,,908fbc20-f5c7-11ee-a306-c311afc28263,2024,REG,,,,,,,,,2026-04-16 13:19:03.051344+00:00
cbcf1010-91f6-11ec-9587-0f8fa2cff168,Player_cbcf10,,,754e4990-efc7-11ef-bb2a-5d2d22b9215e,2025,REG,,,,,,,,,2026-04-16 13:19:03.051346+00:00
ce7737d0-9de3-11ed-813d-779d9c1a4f45,Player_ce7737,,,f58c6dbf-9dfe-487e-8b0b-af66af887206,2023,REG,,,,,,,,,2026-04-16 13:19:04.883155+00:00
ce7737d0-9de3-11ed-813d-779d9c1a4f45,Player_ce7737,,,908fbc20-f5c7-11ee-a306-c311afc28263,2024,REG,,,,,,,,,2026-04-16 13:19:04.883163+00:00
ce7737d0-9de3-11ed-813d-779d9c1a4f45,Player_ce7737,,,754e4990-efc7-11ef-bb2a-5d2d22b9215e,2025,REG,,,,,,,,,2026-04-16 13:19:04.883167+00:00
cf09b3b0-0ad7-11ee-b11a-011e268a3a23,Player_cf09b3,,,908fbc20-f5c7-11ee-a306-c311afc28263,2024,REG,,,,,,,,,2026-04-16 13:19:06.671989+00:00
cf09b3b0-0ad7-11ee-b11a-011e268a3a23,Player_cf09b3,,,754e4990-efc7-11ef-bb2a-5d2d22b9215e,2025,REG,,,,,,,,,2026-04-16 13:19:06.671996+00:00
cfa89717-fbc0-4409-9f8c-8ba6d9cadc2e,Player_cfa897,,,d1132b13-2c29-4e6d-9011-b627c7fd9a17,2021,REG,,,,,,,,,2026-04-16 13:19:08.477124+00:00
cfa89717-fbc0-4409-9f8c-8ba6d9cadc2e,Player_cfa897,,,ff53e5e4-10ef-4842-a0b7-b489956fa07e,2022,REG,,,,,,,,,2026-04-16 13:19:08.477132+00:00
cfa89717-fbc0-4409-9f8c-8ba6d9cadc2e,Player_cfa897,,,f58c6dbf-9dfe-487e-8b0b-af66af887206,2023,REG,,,,,,,,,2026-04-16 13:19:08.477134+00:00
cfa89717-fbc0-4409-9f8c-8ba6d9cadc2e,Player_cfa897,,,908fbc20-f5c7-11ee-a306-c311afc28263,2024,REG,,,,,,,,,2026-04-16 13:19:08.477138+00:00
cfa89717-fbc0-4409-9f8c-8ba6d9cadc2e,Player_cfa897,,,754e4990-efc7-11ef-bb2a-5d2d22b9215e,2025,REG,,,,,,,,,2026-04-16 13:19:08.477140+00:00
d5d1d6b0-c601-11ee-a136-e78d78ebe5d6,Player_d5d1d6,,,908fbc20-f5c7-11ee-a306-c311afc28263,2024,REG,,,,,,,,,2026-04-16 13:19:10.486128+00:00
d5d1d6b0-c601-11ee-a136-e78d78ebe5d6,Player_d5d1d6,,,754e4990-efc7-11ef-bb2a-5d2d22b9215e,2025,REG,,,,,,,,,2026-04-16 13:19:10.486143+00:00
d9c86350-c76b-11ed-9fa8-892eecf2a8d4,Player_d9c863,,,f58c6dbf-9dfe-487e-8b0b-af66af887206,2023,REG,,,,,,,,,2026-04-16 13:19:12.298629+00:00
d9c86350-c76b-11ed-9fa8-892eecf2a8d4,Player_d9c863,,,908fbc20-f5c7-11ee-a306-c311afc28263,2024,REG,,,,,,,,,2026-04-16 13:19:12.298636+00:00
d9c86350-c76b-11ed-9fa8-892eecf2a8d4,Player_d9c863,,,754e4990-efc7-11ef-bb2a-5d2d22b9215e,2025,REG,,,,,,,,,2026-04-16 13:19:12.298639+00:00
d9d2d8f6-d58d-4a0a-8d9a-471bdcecf3b5,Player_d9d2d8,,,a89f105a-fe49-4331-b638-4ee12dae0493,2019,REG,,,,,,,,,2026-04-16 13:19:14.134772+00:00
d9d2d8f6-d58d-4a0a-8d9a-471bdcecf3b5,Player_d9d2d8,,,17d91be7-4bd3-4407-80e2-eca205c9284a,2020,REG,,,,,,,,,2026-04-16 13:19:14.134781+00:00
d9d2d8f6-d58d-4a0a-8d9a-471bdcecf3b5,Player_d9d2d8,,,d1132b13-2c29-4e6d-9011-b627c7fd9a17,2021,REG,,,,,,,,,2026-04-16 13:19:14.134783+00:00
d9d2d8f6-d58d-4a0a-8d9a-471bdcecf3b5,Player_d9d2d8,,,ff53e5e4-10ef-4842-a0b7-b489956fa07e,2022,REG,,,,,,,,,2026-04-16 13:19:14.134787+00:00
d9d2d8f6-d58d-4a0a-8d9a-471bdcecf3b5,Player_d9d2d8,,,f58c6dbf-9dfe-487e-8b0b-af66af887206,2023,REG,,,,,,,,,2026-04-16 13:19:14.134790+00:00
d9d2d8f6-d58d-4a0a-8d9a-471bdcecf3b5,Player_d9d2d8,,,908fbc20-f5c7-11ee-a306-c311afc28263,2024,REG,,,,,,,,,2026-04-16 13:19:14.134794+00:00
d9d2d8f6-d58d-4a0a-8d9a-471bdcecf3b5,Player_d9d2d8,,,754e4990-efc7-11ef-bb2a-5d2d22b9215e,2025,REG,,,,,,,,,2026-04-16 13:19:14.134800+00:00
dc4812a0-c5fe-11ee-a136-e78d78ebe5d6,Player_dc4812,,,908fbc20-f5c7-11ee-a306-c311afc28263,2024,REG,,,,,,,,,2026-04-16 13:19:15.944583+00:00
dc4812a0-c5fe-11ee-a136-e78d78ebe5d6,Player_dc4812,,,754e4990-efc7-11ef-bb2a-5d2d22b9215e,2025,REG,,,,,,,,,2026-04-16 13:19:15.944591+00:00
de90f780-9062-11ec-8556-6fa97bcffaf0,Player_de90f7,,,ff53e5e4-10ef-4842-a0b7-b489956fa07e,2022,REG,,,,,,,,,2026-04-16 13:19:17.765097+00:00
de90f780-9062-11ec-8556-6fa97bcffaf0,Player_de90f7,,,f58c6dbf-9dfe-487e-8b0b-af66af887206,2023,REG,,,,,,,,,2026-04-16 13:19:17.765105+00:00
de90f780-9062-11ec-8556-6fa97bcffaf0,Player_de90f7,,,908fbc20-f5c7-11ee-a306-c311afc28263,2024,REG,,,,,,,,,2026-04-16 13:19:17.765109+00:00
de90f780-9062-11ec-8556-6fa97bcffaf0,Player_de90f7,,,754e4990-efc7-11ef-bb2a-5d2d22b9215e,2025,REG,,,,,,,,,2026-04-16 13:19:17.765111+00:00
dff75150-63e6-11ef-b3bd-6f25221c143b,Player_dff751,,,908fbc20-f5c7-11ee-a306-c311afc28263,2024,REG,,,,,,,,,2026-04-16 13:19:19.690453+00:00
e27be9b0-f4f1-11ec-a1bd-5b7e571ac891,Player_e27be9,,,ff53e5e4-10ef-4842-a0b7-b489956fa07e,2022,REG,,,,,,,,,2026-04-16 13:19:21.490718+00:00
e27be9b0-f4f1-11ec-a1bd-5b7e571ac891,Player_e27be9,,,f58c6dbf-9dfe-487e-8b0b-af66af887206,2023,REG,,,,,,,,,2026-04-16 13:19:21.490729+00:00
e27be9b0-f4f1-11ec-a1bd-5b7e571ac891,Player_e27be9,,,908fbc20-f5c7-11ee-a306-c311afc28263,2024,REG,,,,,,,,,2026-04-16 13:19:21.490733+00:00
e27be9b0-f4f1-11ec-a1bd-5b7e571ac891,Player_e27be9,,,754e4990-efc7-11ef-bb2a-5d2d22b9215e,2025,REG,,,,,,,,,2026-04-16 13:19:21.490738+00:00
e3c8e1c0-3d38-11ee-8eee-1bc3c0a4785e,Player_e3c8e1,,,f58c6dbf-9dfe-487e-8b0b-af66af887206,2023,REG,,,,,,,,,2026-04-16 13:19:23.586376+00:00
e3c8e1c0-3d38-11ee-8eee-1bc3c0a4785e,Player_e3c8e1,,,908fbc20-f5c7-11ee-a306-c311afc28263,2024,REG,,,,,,,,,2026-04-16 13:19:23.586384+00:00
e3c8e1c0-3d38-11ee-8eee-1bc3c0a4785e,Player_e3c8e1,,,754e4990-efc7-11ef-bb2a-5d2d22b9215e,2025,REG,,,,,,,,,2026-04-16 13:19:23.586392+00:00
e5ca1080-5dc9-11f0-a5ce-0d2d9b9c0ab7,Player_e5ca10,,,754e4990-efc7-11ef-bb2a-5d2d22b9215e,2025,REG,,,,,,,,,2026-04-16 13:19:25.356100+00:00
e7261400-039b-11ed-82c0-ed1d42e26c7b,Player_e72614,,,ff53e5e4-10ef-4842-a0b7-b489956fa07e,2022,REG,,,,,,,,,2026-04-16 13:19:27.137838+00:00
e7261400-039b-11ed-82c0-ed1d42e26c7b,Player_e72614,,,f58c6dbf-9dfe-487e-8b0b-af66af887206,2023,REG,,,,,,,,,2026-04-16 13:19:27.137848+00:00
e7261400-039b-11ed-82c0-ed1d42e26c7b,Player_e72614,,,908fbc20-f5c7-11ee-a306-c311afc28263,2024,REG,,,,,,,,,2026-04-16 13:19:27.137851+00:00
e7261400-039b-11ed-82c0-ed1d42e26c7b,Player_e72614,,,754e4990-efc7-11ef-bb2a-5d2d22b9215e,2025,REG,,,,,,,,,2026-04-16 13:19:27.137853+00:00
e95d1110-1ac7-11f0-9641-7701edd10ae5,Player_e95d11,,,754e4990-efc7-11ef-bb2a-5d2d22b9215e,2025,REG,,,,,,,,,2026-04-16 13:19:28.912976+00:00
e970149b-f19f-4316-af52-5c646c9bc253,Player_e97014,,,17d91be7-4bd3-4407-80e2-eca205c9284a,2020,REG,,,,,,,,,2026-04-16 13:19:30.777849+00:00
e970149b-f19f-4316-af52-5c646c9bc253,Player_e97014,,,d1132b13-2c29-4e6d-9011-b627c7fd9a17,2021,REG,,,,,,,,,2026-04-16 13:19:30.777858+00:00
e970149b-f19f-4316-af52-5c646c9bc253,Player_e97014,,,ff53e5e4-10ef-4842-a0b7-b489956fa07e,2022,REG,,,,,,,,,2026-04-16 13:19:30.777861+00:00
e970149b-f19f-4316-af52-5c646c9bc253,Player_e97014,,,f58c6dbf-9dfe-487e-8b0b-af66af887206,2023,REG,,,,,,,,,2026-04-16 13:19:30.777863+00:00
e970149b-f19f-4316-af52-5c646c9bc253,Player_e97014,,,908fbc20-f5c7-11ee-a306-c311afc28263,2024,REG,,,,,,,,,2026-04-16 13:19:30.777865+00:00
e970149b-f19f-4316-af52-5c646c9bc253,Player_e97014,,,754e4990-efc7-11ef-bb2a-5d2d22b9215e,2025,REG,,,,,,,,,2026-04-16 13:19:30.777868+00:00
ebfb4780-3530-11ee-8165-1f072663a93e,Player_ebfb47,,,f58c6dbf-9dfe-487e-8b0b-af66af887206,2023,REG,,,,,,,,,2026-04-16 13:19:32.593959+00:00
ebfb4780-3530-11ee-8165-1f072663a93e,Player_ebfb47,,,908fbc20-f5c7-11ee-a306-c311afc28263,2024,REG,,,,,,,,,2026-04-16 13:19:32.593967+00:00
ebfb4780-3530-11ee-8165-1f072663a93e,Player_ebfb47,,,754e4990-efc7-11ef-bb2a-5d2d22b9215e,2025,REG,,,,,,,,,2026-04-16 13:19:32.593969+00:00
ecf592f0-2666-11ed-9c24-9b1ffa00bb37,Player_ecf592,,,ff53e5e4-10ef-4842-a0b7-b489956fa07e,2022,REG,,,,,,,,,2026-04-16 13:19:34.403906+00:00
ecf592f0-2666-11ed-9c24-9b1ffa00bb37,Player_ecf592,,,f58c6dbf-9dfe-487e-8b0b-af66af887206,2023,REG,,,,,,,,,2026-04-16 13:19:34.403917+00:00
ecf592f0-2666-11ed-9c24-9b1ffa00bb37,Player_ecf592,,,754e4990-efc7-11ef-bb2a-5d2d22b9215e,2025,REG,,,,,,,,,2026-04-16 13:19:34.403922+00:00
efd23d20-5f2b-11ef-8e4d-dd1a852fa1ea,Player_efd23d,,,908fbc20-f5c7-11ee-a306-c311afc28263,2024,REG,,,,,,,,,2026-04-16 13:19:36.246563+00:00
efd23d20-5f2b-11ef-8e4d-dd1a852fa1ea,Player_efd23d,,,754e4990-efc7-11ef-bb2a-5d2d22b9215e,2025,REG,,,,,,,,,2026-04-16 13:19:36.246572+00:00
f4a22520-951d-11ec-a8cc-21afd89fadd3,Player_f4a225,,,ff53e5e4-10ef-4842-a0b7-b489956fa07e,2022,REG,,,,,,,,,2026-04-16 13:19:38.072426+00:00
f4a22520-951d-11ec-a8cc-21afd89fadd3,Player_f4a225,,,f58c6dbf-9dfe-487e-8b0b-af66af887206,2023,REG,,,,,,,,,2026-04-16 13:19:38.072435+00:00
f4a22520-951d-11ec-a8cc-21afd89fadd3,Player_f4a225,,,908fbc20-f5c7-11ee-a306-c311afc28263,2024,REG,,,,,,,,,2026-04-16 13:19:38.072438+00:00
f4a22520-951d-11ec-a8cc-21afd89fadd3,Player_f4a225,,,754e4990-efc7-11ef-bb2a-5d2d22b9215e,2025,REG,,,,,,,,,2026-04-16 13:19:38.072441+00:00
f4e3081d-6c09-484c-b861-cd09a79b6fb6,Player_f4e308,,,d1132b13-2c29-4e6d-9011-b627c7fd9a17,2021,REG,,,,,,,,,2026-04-16 13:19:39.875833+00:00
f4e3081d-6c09-484c-b861-cd09a79b6fb6,Player_f4e308,,,ff53e5e4-10ef-4842-a0b7-b489956fa07e,2022,REG,,,,,,,,,2026-04-16 13:19:39.875842+00:00
f4e3081d-6c09-484c-b861-cd09a79b6fb6,Player_f4e308,,,f58c6dbf-9dfe-487e-8b0b-af66af887206,2023,REG,,,,,,,,,2026-04-16 13:19:39.875844+00:00
f4e3081d-6c09-484c-b861-cd09a79b6fb6,Player_f4e308,,,908fbc20-f5c7-11ee-a306-c311afc28263,2024,REG,,,,,,,,,2026-04-16 13:19:39.875847+00:00
f4e3081d-6c09-484c-b861-cd09a79b6fb6,Player_f4e308,,,754e4990-efc7-11ef-bb2a-5d2d22b9215e,2025,REG,,,,,,,,,2026-04-16 13:19:39.875849+00:00
f558c2e0-9b74-11ed-995c-61201f00f829,Player_f558c2,,,f58c6dbf-9dfe-487e-8b0b-af66af887206,2023,REG,,,,,,,,,2026-04-16 13:19:41.676771+00:00
f558c2e0-9b74-11ed-995c-61201f00f829,Player_f558c2,,,908fbc20-f5c7-11ee-a306-c311afc28263,2024,REG,,,,,,,,,2026-04-16 13:19:41.676780+00:00
f558c2e0-9b74-11ed-995c-61201f00f829,Player_f558c2,,,754e4990-efc7-11ef-bb2a-5d2d22b9215e,2025,REG,,,,,,,,,2026-04-16 13:19:41.676784+00:00
f70e79d0-41d3-11ee-b817-0f26c6ec7934,Player_f70e79,,,f58c6dbf-9dfe-487e-8b0b-af66af887206,2023,REG,,,,,,,,,2026-04-16 13:19:43.604430+00:00
f70e79d0-41d3-11ee-b817-0f26c6ec7934,Player_f70e79,,,908fbc20-f5c7-11ee-a306-c311afc28263,2024,REG,,,,,,,,,2026-04-16 13:19:43.604438+00:00
f70e79d0-41d3-11ee-b817-0f26c6ec7934,Player_f70e79,,,754e4990-efc7-11ef-bb2a-5d2d22b9215e,2025,REG,,,,,,,,,2026-04-16 13:19:43.604441+00:00
f7731410-bf7f-11ee-a13f-ed32196b8875,Player_f77314,,,908fbc20-f5c7-11ee-a306-c311afc28263,2024,REG,,,,,,,,,2026-04-16 13:19:45.419891+00:00
f7731410-bf7f-11ee-a13f-ed32196b8875,Player_f77314,,,754e4990-efc7-11ef-bb2a-5d2d22b9215e,2025,REG,,,,,,,,,2026-04-16 13:19:45.419902+00:00
fac17010-5daa-11f0-b396-c77a2c6a344d,Player_fac170,,,754e4990-efc7-11ef-bb2a-5d2d22b9215e,2025,REG,,,,,,,,,2026-04-16 13:19:47.257345+00:00
fb701ab0-c824-11ee-a461-852eaf6dcde4,Player_fb701a,,,908fbc20-f5c7-11ee-a306-c311afc28263,2024,REG,,,,,,,,,2026-04-16 13:19:49.281419+00:00
fb701ab0-c824-11ee-a461-852eaf6dcde4,Player_fb701a,,,754e4990-efc7-11ef-bb2a-5d2d22b9215e,2025,REG,,,,,,,,,2026-04-16 13:19:49.281428+00:00
0084a5c0-55a6-11ef-8604-39be19864f4a,Player_0084a5,,,908fbc20-f5c7-11ee-a306-c311afc28263,2024,REG,,,,,,,,,2026-04-16 13:19:51.108639+00:00
0084a5c0-55a6-11ef-8604-39be19864f4a,Player_0084a5,,,754e4990-efc7-11ef-bb2a-5d2d22b9215e,2025,REG,,,,,,,,,2026-04-16 13:19:51.108646+00:00
00ae2420-59f3-484b-89d8-00b1ac2a37be,Player_00ae24,,,9ff91613-d2c8-4922-9f51-2ce706f5ac0b,2016,REG,,,,,,,,,2026-04-16 13:19:52.986881+00:00
00ae2420-59f3-484b-89d8-00b1ac2a37be,Player_00ae24,,,17d91be7-4bd3-4407-80e2-eca205c9284a,2020,REG,,,,,,,,,2026-04-16 13:19:52.986889+00:00
00ae2420-59f3-484b-89d8-00b1ac2a37be,Player_00ae24,,,d1132b13-2c29-4e6d-9011-b627c7fd9a17,2021,REG,,,,,,,,,2026-04-16 13:19:52.986892+00:00
00ae2420-59f3-484b-89d8-00b1ac2a37be,Player_00ae24,,,ff53e5e4-10ef-4842-a0b7-b489956fa07e,2022,REG,,,,,,,,,2026-04-16 13:19:52.986894+00:00
00ae2420-59f3-484b-89d8-00b1ac2a37be,Player_00ae24,,,f58c6dbf-9dfe-487e-8b0b-af66af887206,2023,REG,,,,,,,,,2026-04-16 13:19:52.986896+00:00
00ae2420-59f3-484b-89d8-00b1ac2a37be,Player_00ae24,,,908fbc20-f5c7-11ee-a306-c311afc28263,2024,REG,,,,,,,,,2026-04-16 13:19:52.986899+00:00
00ae2420-59f3-484b-89d8-00b1ac2a37be,Player_00ae24,,,754e4990-efc7-11ef-bb2a-5d2d22b9215e,2025,REG,,,,,,,,,2026-04-16 13:19:52.986902+00:00
02aa9160-27a3-11ef-a052-05d5583f7ae4,Player_02aa91,,,908fbc20-f5c7-11ee-a306-c311afc28263,2024,REG,,,,,,,,,2026-04-16 13:19:54.803856+00:00
02aa9160-27a3-11ef-a052-05d5583f7ae4,Player_02aa91,,,754e4990-efc7-11ef-bb2a-5d2d22b9215e,2025,REG,,,,,,,,,2026-04-16 13:19:54.803864+00:00
07a55fe0-b81d-4ca1-acb2-eb8d800d2478,Player_07a55f,,,d1132b13-2c29-4e6d-9011-b627c7fd9a17,2021,REG,,,,,,,,,2026-04-16 13:19:56.614712+00:00
07a55fe0-b81d-4ca1-acb2-eb8d800d2478,Player_07a55f,,,ff53e5e4-10ef-4842-a0b7-b489956fa07e,2022,REG,,,,,,,,,2026-04-16 13:19:56.614723+00:00
07a55fe0-b81d-4ca1-acb2-eb8d800d2478,Player_07a55f,,,f58c6dbf-9dfe-487e-8b0b-af66af887206,2023,REG,,,,,,,,,2026-04-16 13:19:56.614727+00:00
07a55fe0-b81d-4ca1-acb2-eb8d800d2478,Player_07a55f,,,908fbc20-f5c7-11ee-a306-c311afc28263,2024,REG,,,,,,,,,2026-04-16 13:19:56.614732+00:00
07a55fe0-b81d-4ca1-acb2-eb8d800d2478,Player_07a55f,,,754e4990-efc7-11ef-bb2a-5d2d22b9215e,2025,REG,,,,,,,,,2026-04-16 13:19:56.614736+00:00
096b4530-c84f-11ed-aa38-3705defb1bc0,Player_096b45,,,f58c6dbf-9dfe-487e-8b0b-af66af887206,2023,REG,,,,,,,,,2026-04-16 13:19:58.426118+00:00
096b4530-c84f-11ed-aa38-3705defb1bc0,Player_096b45,,,908fbc20-f5c7-11ee-a306-c311afc28263,2024,REG,,,,,,,,,2026-04-16 13:19:58.426127+00:00
096b4530-c84f-11ed-aa38-3705defb1bc0,Player_096b45,,,754e4990-efc7-11ef-bb2a-5d2d22b9215e,2025,REG,,,,,,,,,2026-04-16 13:19:58.426129+00:00
09c5c3a0-9003-11ec-8556-6fa97bcffaf0,Player_09c5c3,,,ff53e5e4-10ef-4842-a0b7-b489956fa07e,2022,REG,,,,,,,,,2026-04-16 13:20:00.235579+00:00
09c5c3a0-9003-11ec-8556-6fa97bcffaf0,Player_09c5c3,,,f58c6dbf-9dfe-487e-8b0b-af66af887206,2023,REG,,,,,,,,,2026-04-16 13:20:00.235587+00:00
09c5c3a0-9003-11ec-8556-6fa97bcffaf0,Player_09c5c3,,,908fbc20-f5c7-11ee-a306-c311afc28263,2024,REG,,,,,,,,,2026-04-16 13:20:00.235590+00:00
09c5c3a0-9003-11ec-8556-6fa97bcffaf0,Player_09c5c3,,,754e4990-efc7-11ef-bb2a-5d2d22b9215e,2025,REG,,,,,,,,,2026-04-16 13:20:00.235592+00:00
0b617010-2ace-11f0-9c90-c729826c945d,Player_0b6170,,,754e4990-efc7-11ef-bb2a-5d2d22b9215e,2025,REG,,,,,,,,,2026-04-16 13:20:02.118167+00:00
0d6d4900-6a71-11f0-a67b-953f53eacb27,Player_0d6d49,,,754e4990-efc7-11ef-bb2a-5d2d22b9215e,2025,REG,,,,,,,,,2026-04-16 13:20:03.930078+00:00
0df8f060-94c1-11ec-9a13-bdad2320c674,Player_0df8f0,,,ff53e5e4-10ef-4842-a0b7-b489956fa07e,2022,REG,,,,,,,,,2026-04-16 13:20:05.749926+00:00
0df8f060-94c1-11ec-9a13-bdad2320c674,Player_0df8f0,,,754e4990-efc7-11ef-bb2a-5d2d22b9215e,2025,REG,,,,,,,,,2026-04-16 13:20:05.749934+00:00
12694b30-283a-11f0-8b1f-69cbca63cd08,Player_12694b,,,754e4990-efc7-11ef-bb2a-5d2d22b9215e,2025,REG,,,,,,,,,2026-04-16 13:20:07.586820+00:00
14d37a20-5da7-11ef-8cbf-53bfea86c76b,Player_14d37a,,,908fbc20-f5c7-11ee-a306-c311afc28263,2024,REG,,,,,,,,,2026-04-16 13:20:09.404199+00:00
14d37a20-5da7-11ef-8cbf-53bfea86c76b,Player_14d37a,,,754e4990-efc7-11ef-bb2a-5d2d22b9215e,2025,REG,,,,,,,,,2026-04-16 13:20:09.404209+00:00
150d0150-3acb-11ee-abad-759fcc34c08d,Player_150d01,,,f58c6dbf-9dfe-487e-8b0b-af66af887206,2023,REG,,,,,,,,,2026-04-16 13:20:11.497183+00:00
150d0150-3acb-11ee-abad-759fcc34c08d,Player_150d01,,,908fbc20-f5c7-11ee-a306-c311afc28263,2024,REG,,,,,,,,,2026-04-16 13:20:11.497190+00:00
150d0150-3acb-11ee-abad-759fcc34c08d,Player_150d01,,,754e4990-efc7-11ef-bb2a-5d2d22b9215e,2025,REG,,,,,,,,,2026-04-16 13:20:11.497194+00:00
17b89e00-0d3b-11ed-bdf8-19cd47e5867a,Player_17b89e,,,ff53e5e4-10ef-4842-a0b7-b489956fa07e,2022,REG,,,,,,,,,2026-04-16 13:20:15.283535+00:00
17b89e00-0d3b-11ed-bdf8-19cd47e5867a,Player_17b89e,,,f58c6dbf-9dfe-487e-8b0b-af66af887206,2023,REG,,,,,,,,,2026-04-16 13:20:15.283574+00:00
17b89e00-0d3b-11ed-bdf8-19cd47e5867a,Player_17b89e,,,908fbc20-f5c7-11ee-a306-c311afc28263,2024,REG,,,,,,,,,2026-04-16 13:20:15.283577+00:00
17b89e00-0d3b-11ed-bdf8-19cd47e5867a,Player_17b89e,,,754e4990-efc7-11ef-bb2a-5d2d22b9215e,2025,REG,,,,,,,,,2026-04-16 13:20:15.283580+00:00
190afbc8-f9e1-4924-ab47-493048cfba6a,Player_190afb,,,d1132b13-2c29-4e6d-9011-b627c7fd9a17,2021,REG,,,,,,,,,2026-04-16 13:20:17.069653+00:00
190afbc8-f9e1-4924-ab47-493048cfba6a,Player_190afb,,,ff53e5e4-10ef-4842-a0b7-b489956fa07e,2022,REG,,,,,,,,,2026-04-16 13:20:17.069662+00:00
190afbc8-f9e1-4924-ab47-493048cfba6a,Player_190afb,,,f58c6dbf-9dfe-487e-8b0b-af66af887206,2023,REG,,,,,,,,,2026-04-16 13:20:17.069665+00:00
190afbc8-f9e1-4924-ab47-493048cfba6a,Player_190afb,,,908fbc20-f5c7-11ee-a306-c311afc28263,2024,REG,,,,,,,,,2026-04-16 13:20:17.069667+00:00
190afbc8-f9e1-4924-ab47-493048cfba6a,Player_190afb,,,754e4990-efc7-11ef-bb2a-5d2d22b9215e,2025,REG,,,,,,,,,2026-04-16 13:20:17.069669+00:00
1a234230-1d9e-11ed-8092-5bce02fd28ab,Player_1a2342,,,ff53e5e4-10ef-4842-a0b7-b489956fa07e,2022,REG,,,,,,,,,2026-04-16 13:20:18.889146+00:00
1a234230-1d9e-11ed-8092-5bce02fd28ab,Player_1a2342,,,f58c6dbf-9dfe-487e-8b0b-af66af887206,2023,REG,,,,,,,,,2026-04-16 13:20:18.889154+00:00
1a234230-1d9e-11ed-8092-5bce02fd28ab,Player_1a2342,,,908fbc20-f5c7-11ee-a306-c311afc28263,2024,REG,,,,,,,,,2026-04-16 13:20:18.889158+00:00
1a234230-1d9e-11ed-8092-5bce02fd28ab,Player_1a2342,,,754e4990-efc7-11ef-bb2a-5d2d22b9215e,2025,REG,,,,,,,,,2026-04-16 13:20:18.889160+00:00
1d043240-2e24-11f0-86c2-19e0544ae9b1,Player_1d0432,,,754e4990-efc7-11ef-bb2a-5d2d22b9215e,2025,REG,,,,,,,,,2026-04-16 13:20:25.176898+00:00
23fc3d50-1b7d-11ef-aac1-654c5b1dc56b,Player_23fc3d,,,908fbc20-f5c7-11ee-a306-c311afc28263,2024,REG,,,,,,,,,2026-04-16 13:20:26.984594+00:00
23fc3d50-1b7d-11ef-aac1-654c5b1dc56b,Player_23fc3d,,,754e4990-efc7-11ef-bb2a-5d2d22b9215e,2025,REG,,,,,,,,,2026-04-16 13:20:26.984603+00:00
263c6510-9819-11ed-af31-5170ea7681d5,Player_263c65,,,f58c6dbf-9dfe-487e-8b0b-af66af887206,2023,REG,,,,,,,,,2026-04-16 13:20:28.793896+00:00
263c6510-9819-11ed-af31-5170ea7681d5,Player_263c65,,,908fbc20-f5c7-11ee-a306-c311afc28263,2024,REG,,,,,,,,,2026-04-16 13:20:28.793904+00:00
263c6510-9819-11ed-af31-5170ea7681d5,Player_263c65,,,754e4990-efc7-11ef-bb2a-5d2d22b9215e,2025,REG,,,,,,,,,2026-04-16 13:20:28.793906+00:00
2db8b330-a286-11ed-84bc-c57b3519e176,Player_2db8b3,,,f58c6dbf-9dfe-487e-8b0b-af66af887206,2023,REG,,,,,,,,,2026-04-16 13:20:30.774437+00:00
2db8b330-a286-11ed-84bc-c57b3519e176,Player_2db8b3,,,908fbc20-f5c7-11ee-a306-c311afc28263,2024,REG,,,,,,,,,2026-04-16 13:20:30.774445+00:00
2db8b330-a286-11ed-84bc-c57b3519e176,Player_2db8b3,,,754e4990-efc7-11ef-bb2a-5d2d22b9215e,2025,REG,,,,,,,,,2026-04-16 13:20:30.774448+00:00
2e708008-f2f3-43e7-8380-e757702513c4,Player_2e7080,,,d1132b13-2c29-4e6d-9011-b627c7fd9a17,2021,REG,,,,,,,,,2026-04-16 13:20:32.558029+00:00
2e708008-f2f3-43e7-8380-e757702513c4,Player_2e7080,,,ff53e5e4-10ef-4842-a0b7-b489956fa07e,2022,REG,,,,,,,,,2026-04-16 13:20:32.558040+00:00
2e708008-f2f3-43e7-8380-e757702513c4,Player_2e7080,,,f58c6dbf-9dfe-487e-8b0b-af66af887206,2023,REG,,,,,,,,,2026-04-16 13:20:32.558044+00:00
2e708008-f2f3-43e7-8380-e757702513c4,Player_2e7080,,,908fbc20-f5c7-11ee-a306-c311afc28263,2024,REG,,,,,,,,,2026-04-16 13:20:32.558048+00:00
2e708008-f2f3-43e7-8380-e757702513c4,Player_2e7080,,,754e4990-efc7-11ef-bb2a-5d2d22b9215e,2025,REG,,,,,,,,,2026-04-16 13:20:32.558053+00:00
2fa8a360-2adf-11f0-9c90-c729826c945d,Player_2fa8a3,,,754e4990-efc7-11ef-bb2a-5d2d22b9215e,2025,REG,,,,,,,,,2026-04-16 13:20:34.384621+00:00
32b2bdcb-308d-481b-be93-1a3e12d64ef9,Player_32b2bd,,,d1132b13-2c29-4e6d-9011-b627c7fd9a17,2021,REG,,,,,,,,,2026-04-16 13:20:36.244855+00:00
32b2bdcb-308d-481b-be93-1a3e12d64ef9,Player_32b2bd,,,ff53e5e4-10ef-4842-a0b7-b489956fa07e,2022,REG,,,,,,,,,2026-04-16 13:20:36.244863+00:00
32b2bdcb-308d-481b-be93-1a3e12d64ef9,Player_32b2bd,,,f58c6dbf-9dfe-487e-8b0b-af66af887206,2023,REG,,,,,,,,,2026-04-16 13:20:36.244865+00:00
32b2bdcb-308d-481b-be93-1a3e12d64ef9,Player_32b2bd,,,908fbc20-f5c7-11ee-a306-c311afc28263,2024,REG,,,,,,,,,2026-04-16 13:20:36.244868+00:00
32b2bdcb-308d-481b-be93-1a3e12d64ef9,Player_32b2bd,,,754e4990-efc7-11ef-bb2a-5d2d22b9215e,2025,REG,,,,,,,,,2026-04-16 13:20:36.244870+00:00
32d5ec50-2ad0-11f0-9c90-c729826c945d,Player_32d5ec,,,754e4990-efc7-11ef-bb2a-5d2d22b9215e,2025,REG,,,,,,,,,2026-04-16 13:20:38.057257+00:00
37b2d370-3246-11ee-9bf9-b5db0242af4d,Player_37b2d3,,,f58c6dbf-9dfe-487e-8b0b-af66af887206,2023,REG,,,,,,,,,2026-04-16 13:20:39.853635+00:00
37b2d370-3246-11ee-9bf9-b5db0242af4d,Player_37b2d3,,,908fbc20-f5c7-11ee-a306-c311afc28263,2024,REG,,,,,,,,,2026-04-16 13:20:39.853643+00:00
37b2d370-3246-11ee-9bf9-b5db0242af4d,Player_37b2d3,,,754e4990-efc7-11ef-bb2a-5d2d22b9215e,2025,REG,,,,,,,,,2026-04-16 13:20:39.853646+00:00
37fcfbe0-2ae1-11f0-9c90-c729826c945d,Player_37fcfb,,,754e4990-efc7-11ef-bb2a-5d2d22b9215e,2025,REG,,,,,,,,,2026-04-16 13:20:41.659770+00:00
38604b10-4472-11ef-9e1f-0ba477f4ee93,Player_38604b,,,908fbc20-f5c7-11ee-a306-c311afc28263,2024,REG,,,,,,,,,2026-04-16 13:20:43.472284+00:00
38604b10-4472-11ef-9e1f-0ba477f4ee93,Player_38604b,,,754e4990-efc7-11ef-bb2a-5d2d22b9215e,2025,REG,,,,,,,,,2026-04-16 13:20:43.472295+00:00
3a1e38b0-baff-11ee-aaf4-7fdff2348b5b,Player_3a1e38,,,908fbc20-f5c7-11ee-a306-c311afc28263,2024,REG,,,,,,,,,2026-04-16 13:20:45.286963+00:00
3a1e38b0-baff-11ee-aaf4-7fdff2348b5b,Player_3a1e38,,,754e4990-efc7-11ef-bb2a-5d2d22b9215e,2025,REG,,,,,,,,,2026-04-16 13:20:45.286972+00:00
3b2ad5d0-89bd-11ec-b4c8-9f80462526e1,Player_3b2ad5,,,ff53e5e4-10ef-4842-a0b7-b489956fa07e,2022,REG,,,,,,,,,2026-04-16 13:20:47.077385+00:00
3b2ad5d0-89bd-11ec-b4c8-9f80462526e1,Player_3b2ad5,,,f58c6dbf-9dfe-487e-8b0b-af66af887206,2023,REG,,,,,,,,,2026-04-16 13:20:47.077393+00:00
3b2ad5d0-89bd-11ec-b4c8-9f80462526e1,Player_3b2ad5,,,908fbc20-f5c7-11ee-a306-c311afc28263,2024,REG,,,,,,,,,2026-04-16 13:20:47.077395+00:00
3b2ad5d0-89bd-11ec-b4c8-9f80462526e1,Player_3b2ad5,,,754e4990-efc7-11ef-bb2a-5d2d22b9215e,2025,REG,,,,,,,,,2026-04-16 13:20:47.077398+00:00
3fdf4190-6a71-11f0-9610-870e3b435fbf,Player_3fdf41,,,754e4990-efc7-11ef-bb2a-5d2d22b9215e,2025,REG,,,,,,,,,2026-04-16 13:20:48.897902+00:00
4333d3f0-27a2-11ef-a052-05d5583f7ae4,Player_4333d3,,,908fbc20-f5c7-11ee-a306-c311afc28263,2024,REG,,,,,,,,,2026-04-16 13:20:50.693139+00:00
4333d3f0-27a2-11ef-a052-05d5583f7ae4,Player_4333d3,,,754e4990-efc7-11ef-bb2a-5d2d22b9215e,2025,REG,,,,,,,,,2026-04-16 13:20:50.693147+00:00
436271b0-2295-11ed-9479-578a7cf992f8,Player_436271,,,ff53e5e4-10ef-4842-a0b7-b489956fa07e,2022,REG,,,,,,,,,2026-04-16 13:20:52.670485+00:00
436271b0-2295-11ed-9479-578a7cf992f8,Player_436271,,,f58c6dbf-9dfe-487e-8b0b-af66af887206,2023,REG,,,,,,,,,2026-04-16 13:20:52.670493+00:00
436271b0-2295-11ed-9479-578a7cf992f8,Player_436271,,,908fbc20-f5c7-11ee-a306-c311afc28263,2024,REG,,,,,,,,,2026-04-16 13:20:52.670495+00:00
436271b0-2295-11ed-9479-578a7cf992f8,Player_436271,,,754e4990-efc7-11ef-bb2a-5d2d22b9215e,2025,REG,,,,,,,,,2026-04-16 13:20:52.670498+00:00
436bcc80-90f9-11f0-9018-af1dbcf36df7,Player_436bcc,,,754e4990-efc7-11ef-bb2a-5d2d22b9215e,2025,REG,,,,,,,,,2026-04-16 13:20:54.516038+00:00
4639c480-5da6-11ef-a192-57910f6f9546,Player_4639c4,,,908fbc20-f5c7-11ee-a306-c311afc28263,2024,REG,,,,,,,,,2026-04-16 13:20:56.473726+00:00
4639c480-5da6-11ef-a192-57910f6f9546,Player_4639c4,,,754e4990-efc7-11ef-bb2a-5d2d22b9215e,2025,REG,,,,,,,,,2026-04-16 13:20:56.473737+00:00
47af0260-9ebe-11ed-b735-4da1124e9ce2,Player_47af02,,,f58c6dbf-9dfe-487e-8b0b-af66af887206,2023,REG,,,,,,,,,2026-04-16 13:20:58.304841+00:00
47af0260-9ebe-11ed-b735-4da1124e9ce2,Player_47af02,,,908fbc20-f5c7-11ee-a306-c311afc28263,2024,REG,,,,,,,,,2026-04-16 13:20:58.304849+00:00
47af0260-9ebe-11ed-b735-4da1124e9ce2,Player_47af02,,,754e4990-efc7-11ef-bb2a-5d2d22b9215e,2025,REG,,,,,,,,,2026-04-16 13:20:58.304852+00:00
48de3bf7-8624-434d-84a3-1feeb2179ef6,Player_48de3b,,,f58c6dbf-9dfe-487e-8b0b-af66af887206,2023,REG,,,,,,,,,2026-04-16 13:21:00.093396+00:00
48de3bf7-8624-434d-84a3-1feeb2179ef6,Player_48de3b,,,908fbc20-f5c7-11ee-a306-c311afc28263,2024,REG,,,,,,,,,2026-04-16 13:21:00.093405+00:00
48de3bf7-8624-434d-84a3-1feeb2179ef6,Player_48de3b,,,754e4990-efc7-11ef-bb2a-5d2d22b9215e,2025,REG,,,,,,,,,2026-04-16 13:21:00.093407+00:00
4c5248e5-5334-470f-9a52-98e2aaa98837,Player_4c5248,,,d1132b13-2c29-4e6d-9011-b627c7fd9a17,2021,REG,,,,,,,,,2026-04-16 13:21:01.901659+00:00
4c5248e5-5334-470f-9a52-98e2aaa98837,Player_4c5248,,,ff53e5e4-10ef-4842-a0b7-b489956fa07e,2022,REG,,,,,,,,,2026-04-16 13:21:01.901667+00:00
4c5248e5-5334-470f-9a52-98e2aaa98837,Player_4c5248,,,f58c6dbf-9dfe-487e-8b0b-af66af887206,2023,REG,,,,,,,,,2026-04-16 13:21:01.901669+00:00
4c5248e5-5334-470f-9a52-98e2aaa98837,Player_4c5248,,,908fbc20-f5c7-11ee-a306-c311afc28263,2024,REG,,,,,,,,,2026-04-16 13:21:01.901750+00:00
4c5248e5-5334-470f-9a52-98e2aaa98837,Player_4c5248,,,754e4990-efc7-11ef-bb2a-5d2d22b9215e,2025,REG,,,,,,,,,2026-04-16 13:21:01.901758+00:00
4d7c0c70-5f37-11ef-989c-fb03a30cd5a0,Player_4d7c0c,,,908fbc20-f5c7-11ee-a306-c311afc28263,2024,REG,,,,,,,,,2026-04-16 13:21:03.681428+00:00
4d7c0c70-5f37-11ef-989c-fb03a30cd5a0,Player_4d7c0c,,,754e4990-efc7-11ef-bb2a-5d2d22b9215e,2025,REG,,,,,,,,,2026-04-16 13:21:03.681438+00:00
503924c0-51fe-11ef-be91-a96888ef97aa,Player_503924,,,908fbc20-f5c7-11ee-a306-c311afc28263,2024,REG,,,,,,,,,2026-04-16 13:21:05.503598+00:00
503924c0-51fe-11ef-be91-a96888ef97aa,Player_503924,,,754e4990-efc7-11ef-bb2a-5d2d22b9215e,2025,REG,,,,,,,,,2026-04-16 13:21:05.503606+00:00
50885160-1e63-11ed-ac13-efcd76e63c74,Player_508851,,,ff53e5e4-10ef-4842-a0b7-b489956fa07e,2022,REG,,,,,,,,,2026-04-16 13:21:07.316399+00:00
50885160-1e63-11ed-ac13-efcd76e63c74,Player_508851,,,f58c6dbf-9dfe-487e-8b0b-af66af887206,2023,REG,,,,,,,,,2026-04-16 13:21:07.316409+00:00
50885160-1e63-11ed-ac13-efcd76e63c74,Player_508851,,,908fbc20-f5c7-11ee-a306-c311afc28263,2024,REG,,,,,,,,,2026-04-16 13:21:07.316414+00:00
50885160-1e63-11ed-ac13-efcd76e63c74,Player_508851,,,754e4990-efc7-11ef-bb2a-5d2d22b9215e,2025,REG,,,,,,,,,2026-04-16 13:21:07.316418+00:00
52f6fbd0-469a-11ee-806b-6198cd20ebec,Player_52f6fb,,,f58c6dbf-9dfe-487e-8b0b-af66af887206,2023,REG,,,,,,,,,2026-04-16 13:21:09.138914+00:00
52f6fbd0-469a-11ee-806b-6198cd20ebec,Player_52f6fb,,,908fbc20-f5c7-11ee-a306-c311afc28263,2024,REG,,,,,,,,,2026-04-16 13:21:09.138923+00:00
52f6fbd0-469a-11ee-806b-6198cd20ebec,Player_52f6fb,,,754e4990-efc7-11ef-bb2a-5d2d22b9215e,2025,REG,,,,,,,,,2026-04-16 13:21:09.138926+00:00
5452b611-8f00-4d3e-a074-c2efa8ca8325,Player_5452b6,,,17d91be7-4bd3-4407-80e2-eca205c9284a,2020,REG,,,,,,,,,2026-04-16 13:21:11.112331+00:00
5452b611-8f00-4d3e-a074-c2efa8ca8325,Player_5452b6,,,d1132b13-2c29-4e6d-9011-b627c7fd9a17,2021,REG,,,,,,,,,2026-04-16 13:21:11.112340+00:00
5452b611-8f00-4d3e-a074-c2efa8ca8325,Player_5452b6,,,ff53e5e4-10ef-4842-a0b7-b489956fa07e,2022,REG,,,,,,,,,2026-04-16 13:21:11.112342+00:00
5452b611-8f00-4d3e-a074-c2efa8ca8325,Player_5452b6,,,f58c6dbf-9dfe-487e-8b0b-af66af887206,2023,REG,,,,,,,,,2026-04-16 13:21:11.112345+00:00
5452b611-8f00-4d3e-a074-c2efa8ca8325,Player_5452b6,,,908fbc20-f5c7-11ee-a306-c311afc28263,2024,REG,,,,,,,,,2026-04-16 13:21:11.112348+00:00
5452b611-8f00-4d3e-a074-c2efa8ca8325,Player_5452b6,,,754e4990-efc7-11ef-bb2a-5d2d22b9215e,2025,REG,,,,,,,,,2026-04-16 13:21:11.112350+00:00
58641f50-abcf-11ed-af6b-612f86e2e77f,Player_58641f,,,f58c6dbf-9dfe-487e-8b0b-af66af887206,2023,REG,,,,,,,,,2026-04-16 13:21:13.077805+00:00
58641f50-abcf-11ed-af6b-612f86e2e77f,Player_58641f,,,908fbc20-f5c7-11ee-a306-c311afc28263,2024,REG,,,,,,,,,2026-04-16 13:21:13.077813+00:00
58641f50-abcf-11ed-af6b-612f86e2e77f,Player_58641f,,,754e4990-efc7-11ef-bb2a-5d2d22b9215e,2025,REG,,,,,,,,,2026-04-16 13:21:13.077816+00:00
5a3a7090-3635-11ee-b235-33015af903c7,Player_5a3a70,,,f58c6dbf-9dfe-487e-8b0b-af66af887206,2023,REG,,,,,,,,,2026-04-16 13:21:14.897982+00:00
5a3a7090-3635-11ee-b235-33015af903c7,Player_5a3a70,,,908fbc20-f5c7-11ee-a306-c311afc28263,2024,REG,,,,,,,,,2026-04-16 13:21:14.897991+00:00
5a3a7090-3635-11ee-b235-33015af903c7,Player_5a3a70,,,754e4990-efc7-11ef-bb2a-5d2d22b9215e,2025,REG,,,,,,,,,2026-04-16 13:21:14.897994+00:00
5a6d9fad-91d9-47ab-8458-58cbab985303,Player_5a6d9f,,,17d91be7-4bd3-4407-80e2-eca205c9284a,2020,REG,,,,,,,,,2026-04-16 13:21:16.743930+00:00
5a6d9fad-91d9-47ab-8458-58cbab985303,Player_5a6d9f,,,d1132b13-2c29-4e6d-9011-b627c7fd9a17,2021,REG,,,,,,,,,2026-04-16 13:21:16.743938+00:00
5a6d9fad-91d9-47ab-8458-58cbab985303,Player_5a6d9f,,,ff53e5e4-10ef-4842-a0b7-b489956fa07e,2022,REG,,,,,,,,,2026-04-16 13:21:16.743940+00:00
5a6d9fad-91d9-47ab-8458-58cbab985303,Player_5a6d9f,,,f58c6dbf-9dfe-487e-8b0b-af66af887206,2023,REG,,,,,,,,,2026-04-16 13:21:16.743943+00:00
5a6d9fad-91d9-47ab-8458-58cbab985303,Player_5a6d9f,,,908fbc20-f5c7-11ee-a306-c311afc28263,2024,REG,,,,,,,,,2026-04-16 13:21:16.743945+00:00
5a6d9fad-91d9-47ab-8458-58cbab985303,Player_5a6d9f,,,754e4990-efc7-11ef-bb2a-5d2d22b9215e,2025,REG,,,,,,,,,2026-04-16 13:21:16.743947+00:00
5f00c340-892a-11ec-8f84-d9482b6bb8ac,Player_5f00c3,,,ff53e5e4-10ef-4842-a0b7-b489956fa07e,2022,REG,,,,,,,,,2026-04-16 13:21:18.533574+00:00
5f00c340-892a-11ec-8f84-d9482b6bb8ac,Player_5f00c3,,,f58c6dbf-9dfe-487e-8b0b-af66af887206,2023,REG,,,,,,,,,2026-04-16 13:21:18.533585+00:00
5f00c340-892a-11ec-8f84-d9482b6bb8ac,Player_5f00c3,,,908fbc20-f5c7-11ee-a306-c311afc28263,2024,REG,,,,,,,,,2026-04-16 13:21:18.533589+00:00
5f00c340-892a-11ec-8f84-d9482b6bb8ac,Player_5f00c3,,,754e4990-efc7-11ef-bb2a-5d2d22b9215e,2025,REG,,,,,,,,,2026-04-16 13:21:18.533593+00:00
61c5e7a0-2a55-11ed-b104-2f33c86e9432,Player_61c5e7,,,ff53e5e4-10ef-4842-a0b7-b489956fa07e,2022,REG,,,,,,,,,2026-04-16 13:21:20.326525+00:00
61c5e7a0-2a55-11ed-b104-2f33c86e9432,Player_61c5e7,,,f58c6dbf-9dfe-487e-8b0b-af66af887206,2023,REG,,,,,,,,,2026-04-16 13:21:20.326534+00:00
61c5e7a0-2a55-11ed-b104-2f33c86e9432,Player_61c5e7,,,908fbc20-f5c7-11ee-a306-c311afc28263,2024,REG,,,,,,,,,2026-04-16 13:21:20.326537+00:00
61c5e7a0-2a55-11ed-b104-2f33c86e9432,Player_61c5e7,,,754e4990-efc7-11ef-bb2a-5d2d22b9215e,2025,REG,,,,,,,,,2026-04-16 13:21:20.326539+00:00
645c96e0-9818-11ed-af31-5170ea7681d5,Player_645c96,,,f58c6dbf-9dfe-487e-8b0b-af66af887206,2023,REG,,,,,,,,,2026-04-16 13:21:22.135026+00:00
645c96e0-9818-11ed-af31-5170ea7681d5,Player_645c96,,,908fbc20-f5c7-11ee-a306-c311afc28263,2024,REG,,,,,,,,,2026-04-16 13:21:22.135034+00:00
645c96e0-9818-11ed-af31-5170ea7681d5,Player_645c96,,,754e4990-efc7-11ef-bb2a-5d2d22b9215e,2025,REG,,,,,,,,,2026-04-16 13:21:22.135036+00:00
68034870-9003-11ec-8556-6fa97bcffaf0,Player_680348,,,ff53e5e4-10ef-4842-a0b7-b489956fa07e,2022,REG,,,,,,,,,2026-04-16 13:21:23.989982+00:00
68034870-9003-11ec-8556-6fa97bcffaf0,Player_680348,,,f58c6dbf-9dfe-487e-8b0b-af66af887206,2023,REG,,,,,,,,,2026-04-16 13:21:23.989990+00:00
68034870-9003-11ec-8556-6fa97bcffaf0,Player_680348,,,908fbc20-f5c7-11ee-a306-c311afc28263,2024,REG,,,,,,,,,2026-04-16 13:21:23.989993+00:00
68034870-9003-11ec-8556-6fa97bcffaf0,Player_680348,,,754e4990-efc7-11ef-bb2a-5d2d22b9215e,2025,REG,,,,,,,,,2026-04-16 13:21:23.989996+00:00
6aecdda0-a351-11ed-8632-3dcf5eeb383a,Player_6aecdd,,,f58c6dbf-9dfe-487e-8b0b-af66af887206,2023,REG,,,,,,,,,2026-04-16 13:21:25.812936+00:00
6aecdda0-a351-11ed-8632-3dcf5eeb383a,Player_6aecdd,,,908fbc20-f5c7-11ee-a306-c311afc28263,2024,REG,,,,,,,,,2026-04-16 13:21:25.812944+00:00
6aecdda0-a351-11ed-8632-3dcf5eeb383a,Player_6aecdd,,,754e4990-efc7-11ef-bb2a-5d2d22b9215e,2025,REG,,,,,,,,,2026-04-16 13:21:25.812947+00:00
6c02b770-27a1-11ef-a052-05d5583f7ae4,Player_6c02b7,,,908fbc20-f5c7-11ee-a306-c311afc28263,2024,REG,,,,,,,,,2026-04-16 13:21:27.921017+00:00
6c02b770-27a1-11ef-a052-05d5583f7ae4,Player_6c02b7,,,754e4990-efc7-11ef-bb2a-5d2d22b9215e,2025,REG,,,,,,,,,2026-04-16 13:21:27.921025+00:00
6e0c6d50-90f9-11f0-9018-af1dbcf36df7,Player_6e0c6d,,,754e4990-efc7-11ef-bb2a-5d2d22b9215e,2025,REG,,,,,,,,,2026-04-16 13:21:29.734889+00:00
6f0f98f0-2ad1-11f0-9c90-c729826c945d,Player_6f0f98,,,754e4990-efc7-11ef-bb2a-5d2d22b9215e,2025,REG,,,,,,,,,2026-04-16 13:21:31.567310+00:00
714634c0-2ae1-11f0-9c90-c729826c945d,Player_714634,,,754e4990-efc7-11ef-bb2a-5d2d22b9215e,2025,REG,,,,,,,,,2026-04-16 13:21:33.429171+00:00
7202d860-5da9-11ef-8789-0b833c339564,Player_7202d8,,,908fbc20-f5c7-11ee-a306-c311afc28263,2024,REG,,,,,,,,,2026-04-16 13:21:35.268531+00:00
7202d860-5da9-11ef-8789-0b833c339564,Player_7202d8,,,754e4990-efc7-11ef-bb2a-5d2d22b9215e,2025,REG,,,,,,,,,2026-04-16 13:21:35.268539+00:00
72af38a0-6a71-11f0-89e0-29ae24f13021,Player_72af38,,,754e4990-efc7-11ef-bb2a-5d2d22b9215e,2025,REG,,,,,,,,,2026-04-16 13:21:37.113804+00:00
737f1cc0-4465-11ee-913c-b50a102d2720,Player_737f1c,,,f58c6dbf-9dfe-487e-8b0b-af66af887206,2023,REG,,,,,,,,,2026-04-16 13:21:38.921905+00:00
737f1cc0-4465-11ee-913c-b50a102d2720,Player_737f1c,,,908fbc20-f5c7-11ee-a306-c311afc28263,2024,REG,,,,,,,,,2026-04-16 13:21:38.921914+00:00
737f1cc0-4465-11ee-913c-b50a102d2720,Player_737f1c,,,754e4990-efc7-11ef-bb2a-5d2d22b9215e,2025,REG,,,,,,,,,2026-04-16 13:21:38.921916+00:00
772b0cf0-27a2-11ef-a052-05d5583f7ae4,Player_772b0c,,,908fbc20-f5c7-11ee-a306-c311afc28263,2024,REG,,,,,,,,,2026-04-16 13:21:40.775320+00:00
772b0cf0-27a2-11ef-a052-05d5583f7ae4,Player_772b0c,,,754e4990-efc7-11ef-bb2a-5d2d22b9215e,2025,REG,,,,,,,,,2026-04-16 13:21:40.775331+00:00
79bd7b6b-b5d1-4c22-b3a7-4b956598276c,Player_79bd7b,,,17d91be7-4bd3-4407-80e2-eca205c9284a,2020,REG,,,,,,,,,2026-04-16 13:21:42.577014+00:00
79bd7b6b-b5d1-4c22-b3a7-4b956598276c,Player_79bd7b,,,d1132b13-2c29-4e6d-9011-b627c7fd9a17,2021,REG,,,,,,,,,2026-04-16 13:21:42.577025+00:00
79bd7b6b-b5d1-4c22-b3a7-4b956598276c,Player_79bd7b,,,ff53e5e4-10ef-4842-a0b7-b489956fa07e,2022,REG,,,,,,,,,2026-04-16 13:21:42.577031+00:00
79bd7b6b-b5d1-4c22-b3a7-4b956598276c,Player_79bd7b,,,f58c6dbf-9dfe-487e-8b0b-af66af887206,2023,REG,,,,,,,,,2026-04-16 13:21:42.577035+00:00
79bd7b6b-b5d1-4c22-b3a7-4b956598276c,Player_79bd7b,,,908fbc20-f5c7-11ee-a306-c311afc28263,2024,REG,,,,,,,,,2026-04-16 13:21:42.577040+00:00
79bd7b6b-b5d1-4c22-b3a7-4b956598276c,Player_79bd7b,,,754e4990-efc7-11ef-bb2a-5d2d22b9215e,2025,REG,,,,,,,,,2026-04-16 13:21:42.577044+00:00
7b614900-4879-11ee-9a48-c398d10e1e38,Player_7b6149,,,f58c6dbf-9dfe-487e-8b0b-af66af887206,2023,REG,,,,,,,,,2026-04-16 13:21:44.383419+00:00
7b614900-4879-11ee-9a48-c398d10e1e38,Player_7b6149,,,908fbc20-f5c7-11ee-a306-c311afc28263,2024,REG,,,,,,,,,2026-04-16 13:21:44.383430+00:00
7b614900-4879-11ee-9a48-c398d10e1e38,Player_7b6149,,,754e4990-efc7-11ef-bb2a-5d2d22b9215e,2025,REG,,,,,,,,,2026-04-16 13:21:44.383434+00:00
7c12ef00-9003-11ec-8556-6fa97bcffaf0,Player_7c12ef,,,ff53e5e4-10ef-4842-a0b7-b489956fa07e,2022,REG,,,,,,,,,2026-04-16 13:21:46.195654+00:00
7c12ef00-9003-11ec-8556-6fa97bcffaf0,Player_7c12ef,,,f58c6dbf-9dfe-487e-8b0b-af66af887206,2023,REG,,,,,,,,,2026-04-16 13:21:46.195663+00:00
7c12ef00-9003-11ec-8556-6fa97bcffaf0,Player_7c12ef,,,908fbc20-f5c7-11ee-a306-c311afc28263,2024,REG,,,,,,,,,2026-04-16 13:21:46.195666+00:00
7c12ef00-9003-11ec-8556-6fa97bcffaf0,Player_7c12ef,,,754e4990-efc7-11ef-bb2a-5d2d22b9215e,2025,REG,,,,,,,,,2026-04-16 13:21:46.195668+00:00
7dde36e0-3233-11ee-9cf4-b99040ba6229,Player_7dde36,,,f58c6dbf-9dfe-487e-8b0b-af66af887206,2023,REG,,,,,,,,,2026-04-16 13:21:48.255833+00:00
7dde36e0-3233-11ee-9cf4-b99040ba6229,Player_7dde36,,,908fbc20-f5c7-11ee-a306-c311afc28263,2024,REG,,,,,,,,,2026-04-16 13:21:48.255845+00:00
7dde36e0-3233-11ee-9cf4-b99040ba6229,Player_7dde36,,,754e4990-efc7-11ef-bb2a-5d2d22b9215e,2025,REG,,,,,,,,,2026-04-16 13:21:48.255850+00:00
7ec00630-3245-11ee-9bf9-b5db0242af4d,Player_7ec006,,,f58c6dbf-9dfe-487e-8b0b-af66af887206,2023,REG,,,,,,,,,2026-04-16 13:21:50.225250+00:00
7ec00630-3245-11ee-9bf9-b5db0242af4d,Player_7ec006,,,908fbc20-f5c7-11ee-a306-c311afc28263,2024,REG,,,,,,,,,2026-04-16 13:21:50.225259+00:00
7ec00630-3245-11ee-9bf9-b5db0242af4d,Player_7ec006,,,754e4990-efc7-11ef-bb2a-5d2d22b9215e,2025,REG,,,,,,,,,2026-04-16 13:21:50.225262+00:00
7f7433a0-bb00-11ee-866e-cb10e982d405,Player_7f7433,,,908fbc20-f5c7-11ee-a306-c311afc28263,2024,REG,,,,,,,,,2026-04-16 13:21:52.088996+00:00
7f7433a0-bb00-11ee-866e-cb10e982d405,Player_7f7433,,,754e4990-efc7-11ef-bb2a-5d2d22b9215e,2025,REG,,,,,,,,,2026-04-16 13:21:52.089014+00:00
7f96ce10-983d-11ed-b515-b9f449cb451d,Player_7f96ce,,,f58c6dbf-9dfe-487e-8b0b-af66af887206,2023,REG,,,,,,,,,2026-04-16 13:21:53.898985+00:00
7f96ce10-983d-11ed-b515-b9f449cb451d,Player_7f96ce,,,908fbc20-f5c7-11ee-a306-c311afc28263,2024,REG,,,,,,,,,2026-04-16 13:21:53.898996+00:00
7f96ce10-983d-11ed-b515-b9f449cb451d,Player_7f96ce,,,754e4990-efc7-11ef-bb2a-5d2d22b9215e,2025,REG,,,,,,,,,2026-04-16 13:21:53.899000+00:00
80fbf4b0-283c-11f0-8b1f-69cbca63cd08,Player_80fbf4,,,754e4990-efc7-11ef-bb2a-5d2d22b9215e,2025,REG,,,,,,,,,2026-04-16 13:21:55.709192+00:00
8626b550-2ae0-11f0-9c90-c729826c945d,Player_8626b5,,,754e4990-efc7-11ef-bb2a-5d2d22b9215e,2025,REG,,,,,,,,,2026-04-16 13:21:57.538114+00:00
884eef60-6686-11ef-a79e-6db417c0f9ac,Player_884eef,,,908fbc20-f5c7-11ee-a306-c311afc28263,2024,REG,,,,,,,,,2026-04-16 13:22:01.275964+00:00
884eef60-6686-11ef-a79e-6db417c0f9ac,Player_884eef,,,754e4990-efc7-11ef-bb2a-5d2d22b9215e,2025,REG,,,,,,,,,2026-04-16 13:22:01.275973+00:00
9085fb00-2acc-11f0-9c90-c729826c945d,Player_9085fb,,,754e4990-efc7-11ef-bb2a-5d2d22b9215e,2025,REG,,,,,,,,,2026-04-16 13:50:07.444171+00:00
919092e0-4134-11ee-a29b-d5830e0bb7e0,Player_919092,,,f58c6dbf-9dfe-487e-8b0b-af66af887206,2023,REG,,,,,,,,,2026-04-16 13:50:09.281555+00:00
919092e0-4134-11ee-a29b-d5830e0bb7e0,Player_919092,,,908fbc20-f5c7-11ee-a306-c311afc28263,2024,REG,,,,,,,,,2026-04-16 13:50:09.281571+00:00
919092e0-4134-11ee-a29b-d5830e0bb7e0,Player_919092,,,754e4990-efc7-11ef-bb2a-5d2d22b9215e,2025,REG,,,,,,,,,2026-04-16 13:50:09.281575+00:00
97743c50-abaa-11ec-b6ea-913ac4d9e609,Player_97743c,,,ff53e5e4-10ef-4842-a0b7-b489956fa07e,2022,REG,,,,,,,,,2026-04-16 13:50:11.097939+00:00
97743c50-abaa-11ec-b6ea-913ac4d9e609,Player_97743c,,,f58c6dbf-9dfe-487e-8b0b-af66af887206,2023,REG,,,,,,,,,2026-04-16 13:50:11.097948+00:00
97743c50-abaa-11ec-b6ea-913ac4d9e609,Player_97743c,,,908fbc20-f5c7-11ee-a306-c311afc28263,2024,REG,,,,,,,,,2026-04-16 13:50:11.097951+00:00
97743c50-abaa-11ec-b6ea-913ac4d9e609,Player_97743c,,,754e4990-efc7-11ef-bb2a-5d2d22b9215e,2025,REG,,,,,,,,,2026-04-16 13:50:11.097953+00:00
9a1609e0-c7f3-11ee-b948-570f5b8b9fad,Player_9a1609,,,908fbc20-f5c7-11ee-a306-c311afc28263,2024,REG,,,,,,,,,2026-04-16 13:50:13.075271+00:00
9ac4326b-8d32-4372-923d-d0b607b132b0,Player_9ac432,,,d1132b13-2c29-4e6d-9011-b627c7fd9a17,2021,REG,,,,,,,,,2026-04-16 13:50:14.868931+00:00
9ac4326b-8d32-4372-923d-d0b607b132b0,Player_9ac432,,,ff53e5e4-10ef-4842-a0b7-b489956fa07e,2022,REG,,,,,,,,,2026-04-16 13:50:14.868940+00:00
9ac4326b-8d32-4372-923d-d0b607b132b0,Player_9ac432,,,f58c6dbf-9dfe-487e-8b0b-af66af887206,2023,REG,,,,,,,,,2026-04-16 13:50:14.868944+00:00
9ac4326b-8d32-4372-923d-d0b607b132b0,Player_9ac432,,,908fbc20-f5c7-11ee-a306-c311afc28263,2024,REG,,,,,,,,,2026-04-16 13:50:14.868946+00:00
9ac4326b-8d32-4372-923d-d0b607b132b0,Player_9ac432,,,754e4990-efc7-11ef-bb2a-5d2d22b9215e,2025,REG,,,,,,,,,2026-04-16 13:50:14.868948+00:00
9bf30800-7155-11f0-9c8d-157c2ed57168,Player_9bf308,,,754e4990-efc7-11ef-bb2a-5d2d22b9215e,2025,REG,,,,,,,,,2026-04-16 13:50:16.671907+00:00
9dbb4ed0-2ade-11f0-9c90-c729826c945d,Player_9dbb4e,,,754e4990-efc7-11ef-bb2a-5d2d22b9215e,2025,REG,,,,,,,,,2026-04-16 13:50:18.496398+00:00
9f05fb6d-af1d-45f7-957c-a17cc7d0ef95,Player_9f05fb,,,17d91be7-4bd3-4407-80e2-eca205c9284a,2020,REG,,,,,,,,,2026-04-16 13:50:20.327960+00:00
9f05fb6d-af1d-45f7-957c-a17cc7d0ef95,Player_9f05fb,,,d1132b13-2c29-4e6d-9011-b627c7fd9a17,2021,REG,,,,,,,,,2026-04-16 13:50:20.327968+00:00
9f05fb6d-af1d-45f7-957c-a17cc7d0ef95,Player_9f05fb,,,ff53e5e4-10ef-4842-a0b7-b489956fa07e,2022,REG,,,,,,,,,2026-04-16 13:50:20.327971+00:00
9f05fb6d-af1d-45f7-957c-a17cc7d0ef95,Player_9f05fb,,,754e4990-efc7-11ef-bb2a-5d2d22b9215e,2025,REG,,,,,,,,,2026-04-16 13:50:20.327973+00:00
a0ca7310-1468-11ed-82e6-6fe596000b9f,Player_a0ca73,,,ff53e5e4-10ef-4842-a0b7-b489956fa07e,2022,REG,,,,,,,,,2026-04-16 13:50:22.174068+00:00
a0ca7310-1468-11ed-82e6-6fe596000b9f,Player_a0ca73,,,f58c6dbf-9dfe-487e-8b0b-af66af887206,2023,REG,,,,,,,,,2026-04-16 13:50:22.174076+00:00
a0ca7310-1468-11ed-82e6-6fe596000b9f,Player_a0ca73,,,908fbc20-f5c7-11ee-a306-c311afc28263,2024,REG,,,,,,,,,2026-04-16 13:50:22.174079+00:00
a0ca7310-1468-11ed-82e6-6fe596000b9f,Player_a0ca73,,,754e4990-efc7-11ef-bb2a-5d2d22b9215e,2025,REG,,,,,,,,,2026-04-16 13:50:22.174082+00:00
a10efc90-283f-11f0-8b1f-69cbca63cd08,Player_a10efc,,,754e4990-efc7-11ef-bb2a-5d2d22b9215e,2025,REG,,,,,,,,,2026-04-16 13:50:24.001034+00:00
a530cbf0-2ad3-11f0-9c90-c729826c945d,Player_a530cb,,,754e4990-efc7-11ef-bb2a-5d2d22b9215e,2025,REG,,,,,,,,,2026-04-16 13:50:25.870507+00:00
a57d35e0-2ae1-11f0-9c90-c729826c945d,Player_a57d35,,,754e4990-efc7-11ef-bb2a-5d2d22b9215e,2025,REG,,,,,,,,,2026-04-16 13:50:27.675280+00:00
a7666970-6a75-11f0-9356-e7072ba9c33d,Player_a76669,,,754e4990-efc7-11ef-bb2a-5d2d22b9215e,2025,REG,,,,,,,,,2026-04-16 13:50:29.535483+00:00
affc4fb0-5da5-11ef-b82a-1f262d1bbcfa,Player_affc4f,,,908fbc20-f5c7-11ee-a306-c311afc28263,2024,REG,,,,,,,,,2026-04-16 13:50:33.520951+00:00
affc4fb0-5da5-11ef-b82a-1f262d1bbcfa,Player_affc4f,,,754e4990-efc7-11ef-bb2a-5d2d22b9215e,2025,REG,,,,,,,,,2026-04-16 13:50:33.520960+00:00
b2131890-6a71-11f0-a80f-4bd99249d373,Player_b21318,,,754e4990-efc7-11ef-bb2a-5d2d22b9215e,2025,REG,,,,,,,,,2026-04-16 13:50:35.375094+00:00
b402639b-f3b6-469f-ab63-f7f11c70be3c,Player_b40263,,,17d91be7-4bd3-4407-80e2-eca205c9284a,2020,REG,,,,,,,,,2026-04-16 13:50:37.350161+00:00
b402639b-f3b6-469f-ab63-f7f11c70be3c,Player_b40263,,,d1132b13-2c29-4e6d-9011-b627c7fd9a17,2021,REG,,,,,,,,,2026-04-16 13:50:37.350169+00:00
b402639b-f3b6-469f-ab63-f7f11c70be3c,Player_b40263,,,ff53e5e4-10ef-4842-a0b7-b489956fa07e,2022,REG,,,,,,,,,2026-04-16 13:50:37.350173+00:00
b402639b-f3b6-469f-ab63-f7f11c70be3c,Player_b40263,,,f58c6dbf-9dfe-487e-8b0b-af66af887206,2023,REG,,,,,,,,,2026-04-16 13:50:37.350175+00:00
b402639b-f3b6-469f-ab63-f7f11c70be3c,Player_b40263,,,908fbc20-f5c7-11ee-a306-c311afc28263,2024,REG,,,,,,,,,2026-04-16 13:50:37.350183+00:00
b402639b-f3b6-469f-ab63-f7f11c70be3c,Player_b40263,,,754e4990-efc7-11ef-bb2a-5d2d22b9215e,2025,REG,,,,,,,,,2026-04-16 13:50:37.350185+00:00
b4554250-3246-11ee-9bf9-b5db0242af4d,Player_b45542,,,f58c6dbf-9dfe-487e-8b0b-af66af887206,2023,REG,,,,,,,,,2026-04-16 13:50:39.168936+00:00
b4554250-3246-11ee-9bf9-b5db0242af4d,Player_b45542,,,908fbc20-f5c7-11ee-a306-c311afc28263,2024,REG,,,,,,,,,2026-04-16 13:50:39.168950+00:00
b4554250-3246-11ee-9bf9-b5db0242af4d,Player_b45542,,,754e4990-efc7-11ef-bb2a-5d2d22b9215e,2025,REG,,,,,,,,,2026-04-16 13:50:39.168955+00:00
b487ae60-27a6-11ef-9d73-cf60abbf4cb3,Player_b487ae,,,908fbc20-f5c7-11ee-a306-c311afc28263,2024,REG,,,,,,,,,2026-04-16 13:50:41.354400+00:00
b487ae60-27a6-11ef-9d73-cf60abbf4cb3,Player_b487ae,,,754e4990-efc7-11ef-bb2a-5d2d22b9215e,2025,REG,,,,,,,,,2026-04-16 13:50:41.354410+00:00
b51e6dc0-4465-11ee-913c-b50a102d2720,Player_b51e6d,,,f58c6dbf-9dfe-487e-8b0b-af66af887206,2023,REG,,,,,,,,,2026-04-16 13:50:43.173771+00:00
b51e6dc0-4465-11ee-913c-b50a102d2720,Player_b51e6d,,,908fbc20-f5c7-11ee-a306-c311afc28263,2024,REG,,,,,,,,,2026-04-16 13:50:43.173780+00:00
b51e6dc0-4465-11ee-913c-b50a102d2720,Player_b51e6d,,,754e4990-efc7-11ef-bb2a-5d2d22b9215e,2025,REG,,,,,,,,,2026-04-16 13:50:43.173782+00:00
b661b5c0-9817-11ed-af31-5170ea7681d5,Player_b661b5,,,f58c6dbf-9dfe-487e-8b0b-af66af887206,2023,REG,,,,,,,,,2026-04-16 13:50:44.984900+00:00
b661b5c0-9817-11ed-af31-5170ea7681d5,Player_b661b5,,,908fbc20-f5c7-11ee-a306-c311afc28263,2024,REG,,,,,,,,,2026-04-16 13:50:44.984908+00:00
b661b5c0-9817-11ed-af31-5170ea7681d5,Player_b661b5,,,754e4990-efc7-11ef-bb2a-5d2d22b9215e,2025,REG,,,,,,,,,2026-04-16 13:50:44.984911+00:00
ba03ca1e-59d0-4b33-9b86-bda12e439154,Player_ba03ca,,,d1132b13-2c29-4e6d-9011-b627c7fd9a17,2021,REG,,,,,,,,,2026-04-16 13:50:46.968269+00:00
ba03ca1e-59d0-4b33-9b86-bda12e439154,Player_ba03ca,,,ff53e5e4-10ef-4842-a0b7-b489956fa07e,2022,REG,,,,,,,,,2026-04-16 13:50:46.968277+00:00
ba03ca1e-59d0-4b33-9b86-bda12e439154,Player_ba03ca,,,f58c6dbf-9dfe-487e-8b0b-af66af887206,2023,REG,,,,,,,,,2026-04-16 13:50:46.968281+00:00
ba03ca1e-59d0-4b33-9b86-bda12e439154,Player_ba03ca,,,908fbc20-f5c7-11ee-a306-c311afc28263,2024,REG,,,,,,,,,2026-04-16 13:50:46.968283+00:00
ba03ca1e-59d0-4b33-9b86-bda12e439154,Player_ba03ca,,,754e4990-efc7-11ef-bb2a-5d2d22b9215e,2025,REG,,,,,,,,,2026-04-16 13:50:46.968286+00:00
bc6f14a0-5da8-11ef-9286-a332edbe67a2,Player_bc6f14,,,908fbc20-f5c7-11ee-a306-c311afc28263,2024,REG,,,,,,,,,2026-04-16 13:50:48.955815+00:00
bc6f14a0-5da8-11ef-9286-a332edbe67a2,Player_bc6f14,,,754e4990-efc7-11ef-bb2a-5d2d22b9215e,2025,REG,,,,,,,,,2026-04-16 13:50:48.955824+00:00
c1c282c0-396e-11ee-ae5f-cda3d899f6b1,Player_c1c282,,,f58c6dbf-9dfe-487e-8b0b-af66af887206,2023,REG,,,,,,,,,2026-04-16 13:50:52.734103+00:00
c1c282c0-396e-11ee-ae5f-cda3d899f6b1,Player_c1c282,,,908fbc20-f5c7-11ee-a306-c311afc28263,2024,REG,,,,,,,,,2026-04-16 13:50:52.734111+00:00
c1c282c0-396e-11ee-ae5f-cda3d899f6b1,Player_c1c282,,,754e4990-efc7-11ef-bb2a-5d2d22b9215e,2025,REG,,,,,,,,,2026-04-16 13:50:52.734116+00:00
c3d6df10-a1a8-11ed-aa6e-af6a28059e98,Player_c3d6df,,,f58c6dbf-9dfe-487e-8b0b-af66af887206,2023,REG,,,,,,,,,2026-04-16 13:50:54.547325+00:00
c3d6df10-a1a8-11ed-aa6e-af6a28059e98,Player_c3d6df,,,908fbc20-f5c7-11ee-a306-c311afc28263,2024,REG,,,,,,,,,2026-04-16 13:50:54.547334+00:00
c3d6df10-a1a8-11ed-aa6e-af6a28059e98,Player_c3d6df,,,754e4990-efc7-11ef-bb2a-5d2d22b9215e,2025,REG,,,,,,,,,2026-04-16 13:50:54.547338+00:00
c63e0e20-2add-11f0-9c90-c729826c945d,Player_c63e0e,,,754e4990-efc7-11ef-bb2a-5d2d22b9215e,2025,REG,,,,,,,,,2026-04-16 13:50:56.355833+00:00
cdf38210-1f61-11ed-a14c-9bcddb7a0cb8,Player_cdf382,,,ff53e5e4-10ef-4842-a0b7-b489956fa07e,2022,REG,,,,,,,,,2026-04-16 13:50:58.177482+00:00
cdf38210-1f61-11ed-a14c-9bcddb7a0cb8,Player_cdf382,,,f58c6dbf-9dfe-487e-8b0b-af66af887206,2023,REG,,,,,,,,,2026-04-16 13:50:58.177490+00:00
cdf38210-1f61-11ed-a14c-9bcddb7a0cb8,Player_cdf382,,,908fbc20-f5c7-11ee-a306-c311afc28263,2024,REG,,,,,,,,,2026-04-16 13:50:58.177493+00:00
cdf38210-1f61-11ed-a14c-9bcddb7a0cb8,Player_cdf382,,,754e4990-efc7-11ef-bb2a-5d2d22b9215e,2025,REG,,,,,,,,,2026-04-16 13:50:58.177495+00:00
cf8a4170-9830-11ed-8d6d-afdc7fa870c6,Player_cf8a41,,,f58c6dbf-9dfe-487e-8b0b-af66af887206,2023,REG,,,,,,,,,2026-04-16 13:51:00.054316+00:00
cf8a4170-9830-11ed-8d6d-afdc7fa870c6,Player_cf8a41,,,908fbc20-f5c7-11ee-a306-c311afc28263,2024,REG,,,,,,,,,2026-04-16 13:51:00.054325+00:00
cf8a4170-9830-11ed-8d6d-afdc7fa870c6,Player_cf8a41,,,754e4990-efc7-11ef-bb2a-5d2d22b9215e,2025,REG,,,,,,,,,2026-04-16 13:51:00.054330+00:00
d15639f0-3704-11ee-be32-0d11f96c8dec,Player_d15639,,,f58c6dbf-9dfe-487e-8b0b-af66af887206,2023,REG,,,,,,,,,2026-04-16 13:51:01.872938+00:00
d15639f0-3704-11ee-be32-0d11f96c8dec,Player_d15639,,,908fbc20-f5c7-11ee-a306-c311afc28263,2024,REG,,,,,,,,,2026-04-16 13:51:01.872947+00:00
d15639f0-3704-11ee-be32-0d11f96c8dec,Player_d15639,,,754e4990-efc7-11ef-bb2a-5d2d22b9215e,2025,REG,,,,,,,,,2026-04-16 13:51:01.872950+00:00
d1e723d0-078e-11ed-be58-e3ef448594e4,Player_d1e723,,,ff53e5e4-10ef-4842-a0b7-b489956fa07e,2022,REG,,,,,,,,,2026-04-16 13:51:03.681117+00:00
d1e723d0-078e-11ed-be58-e3ef448594e4,Player_d1e723,,,f58c6dbf-9dfe-487e-8b0b-af66af887206,2023,REG,,,,,,,,,2026-04-16 13:51:03.681125+00:00
d1e723d0-078e-11ed-be58-e3ef448594e4,Player_d1e723,,,908fbc20-f5c7-11ee-a306-c311afc28263,2024,REG,,,,,,,,,2026-04-16 13:51:03.681129+00:00
d1e723d0-078e-11ed-be58-e3ef448594e4,Player_d1e723,,,754e4990-efc7-11ef-bb2a-5d2d22b9215e,2025,REG,,,,,,,,,2026-04-16 13:51:03.681133+00:00
d20ce200-2acc-11f0-9c90-c729826c945d,Player_d20ce2,,,754e4990-efc7-11ef-bb2a-5d2d22b9215e,2025,REG,,,,,,,,,2026-04-16 13:51:05.455092+00:00
d828cea0-4131-11ee-a29b-d5830e0bb7e0,Player_d828ce,,,f58c6dbf-9dfe-487e-8b0b-af66af887206,2023,REG,,,,,,,,,2026-04-16 13:51:07.291268+00:00
d828cea0-4131-11ee-a29b-d5830e0bb7e0,Player_d828ce,,,908fbc20-f5c7-11ee-a306-c311afc28263,2024,REG,,,,,,,,,2026-04-16 13:51:07.291283+00:00
d828cea0-4131-11ee-a29b-d5830e0bb7e0,Player_d828ce,,,754e4990-efc7-11ef-bb2a-5d2d22b9215e,2025,REG,,,,,,,,,2026-04-16 13:51:07.291288+00:00
dc54cd90-3d2a-11ee-97f5-a762c687b444,Player_dc54cd,,,f58c6dbf-9dfe-487e-8b0b-af66af887206,2023,REG,,,,,,,,,2026-04-16 13:51:09.091492+00:00
dc54cd90-3d2a-11ee-97f5-a762c687b444,Player_dc54cd,,,908fbc20-f5c7-11ee-a306-c311afc28263,2024,REG,,,,,,,,,2026-04-16 13:51:09.091503+00:00
dc54cd90-3d2a-11ee-97f5-a762c687b444,Player_dc54cd,,,754e4990-efc7-11ef-bb2a-5d2d22b9215e,2025,REG,,,,,,,,,2026-04-16 13:51:09.091505+00:00
e47e5170-eac3-11ee-8f04-717ed28318b2,Player_e47e51,,,908fbc20-f5c7-11ee-a306-c311afc28263,2024,REG,,,,,,,,,2026-04-16 13:51:10.878338+00:00
e47e5170-eac3-11ee-8f04-717ed28318b2,Player_e47e51,,,754e4990-efc7-11ef-bb2a-5d2d22b9215e,2025,REG,,,,,,,,,2026-04-16 13:51:10.878349+00:00
e715da80-5da9-11ef-9139-8db3f65e118e,Player_e715da,,,908fbc20-f5c7-11ee-a306-c311afc28263,2024,REG,,,,,,,,,2026-04-16 13:51:14.665075+00:00
e715da80-5da9-11ef-9139-8db3f65e118e,Player_e715da,,,754e4990-efc7-11ef-bb2a-5d2d22b9215e,2025,REG,,,,,,,,,2026-04-16 13:51:14.665085+00:00
eac3b260-2ae0-11f0-9c90-c729826c945d,Player_eac3b2,,,754e4990-efc7-11ef-bb2a-5d2d22b9215e,2025,REG,,,,,,,,,2026-04-16 13:51:16.494265+00:00
ebf04f70-3c8f-11f0-96a4-4bac3ff3e20a,Player_ebf04f,,,754e4990-efc7-11ef-bb2a-5d2d22b9215e,2025,REG,,,,,,,,,2026-04-16 13:51:18.414867+00:00
ed0e51c0-6a72-11f0-a38d-27776bd06c5b,Player_ed0e51,,,754e4990-efc7-11ef-bb2a-5d2d22b9215e,2025,REG,,,,,,,,,2026-04-16 13:51:20.217806+00:00
efc79e90-abc4-11ed-af6b-612f86e2e77f,Player_efc79e,,,f58c6dbf-9dfe-487e-8b0b-af66af887206,2023,REG,,,,,,,,,2026-04-16 13:51:22.056901+00:00
efc79e90-abc4-11ed-af6b-612f86e2e77f,Player_efc79e,,,908fbc20-f5c7-11ee-a306-c311afc28263,2024,REG,,,,,,,,,2026-04-16 13:51:22.056910+00:00
efc79e90-abc4-11ed-af6b-612f86e2e77f,Player_efc79e,,,754e4990-efc7-11ef-bb2a-5d2d22b9215e,2025,REG,,,,,,,,,2026-04-16 13:51:22.056913+00:00
f1007e10-6a73-11f0-8b38-331fb0b112f4,Player_f1007e,,,754e4990-efc7-11ef-bb2a-5d2d22b9215e,2025,REG,,,,,,,,,2026-04-16 13:51:23.887599+00:00
f1e4b7d0-2ade-11f0-9c90-c729826c945d,Player_f1e4b7,,,754e4990-efc7-11ef-bb2a-5d2d22b9215e,2025,REG,,,,,,,,,2026-04-16 13:51:25.682122+00:00
f2e1ca00-27a7-11ef-9d73-cf60abbf4cb3,Player_f2e1ca,,,908fbc20-f5c7-11ee-a306-c311afc28263,2024,REG,,,,,,,,,2026-04-16 13:51:27.716080+00:00
f2e1ca00-27a7-11ef-9d73-cf60abbf4cb3,Player_f2e1ca,,,754e4990-efc7-11ef-bb2a-5d2d22b9215e,2025,REG,,,,,,,,,2026-04-16 13:51:27.716092+00:00
f559e220-60cf-11ef-b49d-edf8451356a1,Player_f559e2,,,908fbc20-f5c7-11ee-a306-c311afc28263,2024,REG,,,,,,,,,2026-04-16 13:51:29.751336+00:00
f559e220-60cf-11ef-b49d-edf8451356a1,Player_f559e2,,,754e4990-efc7-11ef-bb2a-5d2d22b9215e,2025,REG,,,,,,,,,2026-04-16 13:51:29.751344+00:00
f7f65680-b3f1-11ed-9e50-65a09640c7b9,Player_f7f656,,,f58c6dbf-9dfe-487e-8b0b-af66af887206,2023,REG,,,,,,,,,2026-04-16 13:51:31.672537+00:00
f7f65680-b3f1-11ed-9e50-65a09640c7b9,Player_f7f656,,,908fbc20-f5c7-11ee-a306-c311afc28263,2024,REG,,,,,,,,,2026-04-16 13:51:31.672548+00:00
f7f65680-b3f1-11ed-9e50-65a09640c7b9,Player_f7f656,,,754e4990-efc7-11ef-bb2a-5d2d22b9215e,2025,REG,,,,,,,,,2026-04-16 13:51:31.672552+00:00
f9663c80-2acb-11f0-9c90-c729826c945d,Player_f9663c,,,754e4990-efc7-11ef-bb2a-5d2d22b9215e,2025,REG,,,,,,,,,2026-04-16 13:51:33.461861+00:00
f9b3eaa0-21f4-11f0-98a1-73112ad8abac,Player_f9b3ea,,,754e4990-efc7-11ef-bb2a-5d2d22b9215e,2025,REG,,,,,,,,,2026-04-16 13:51:35.481351+00:00
f9d2cab0-283e-11f0-8b1f-69cbca63cd08,Player_f9d2ca,,,754e4990-efc7-11ef-bb2a-5d2d22b9215e,2025,REG,,,,,,,,,2026-04-16 13:51:37.263535+00:00
fb3d6b70-3246-11ee-9bf9-b5db0242af4d,Player_fb3d6b,,,f58c6dbf-9dfe-487e-8b0b-af66af887206,2023,REG,,,,,,,,,2026-04-16 13:51:39.107111+00:00
fb3d6b70-3246-11ee-9bf9-b5db0242af4d,Player_fb3d6b,,,908fbc20-f5c7-11ee-a306-c311afc28263,2024,REG,,,,,,,,,2026-04-16 13:51:39.107122+00:00
fb3d6b70-3246-11ee-9bf9-b5db0242af4d,Player_fb3d6b,,,754e4990-efc7-11ef-bb2a-5d2d22b9215e,2025,REG,,,,,,,,,2026-04-16 13:51:39.107126+00:00
03e5ae40-427b-11f0-9278-55f6443afb61,Player_03e5ae,,,754e4990-efc7-11ef-bb2a-5d2d22b9215e,2025,REG,,,,,,,,,2026-04-16 13:51:40.914572+00:00
043c3660-981a-11ed-af31-5170ea7681d5,Player_043c36,,,f58c6dbf-9dfe-487e-8b0b-af66af887206,2023,REG,,,,,,,,,2026-04-16 13:51:42.721415+00:00
043c3660-981a-11ed-af31-5170ea7681d5,Player_043c36,,,908fbc20-f5c7-11ee-a306-c311afc28263,2024,REG,,,,,,,,,2026-04-16 13:51:42.721423+00:00
043c3660-981a-11ed-af31-5170ea7681d5,Player_043c36,,,754e4990-efc7-11ef-bb2a-5d2d22b9215e,2025,REG,,,,,,,,,2026-04-16 13:51:42.721426+00:00
049e2ac0-5b3a-11ef-8bdb-a1d7e3dc9a51,Player_049e2a,,,908fbc20-f5c7-11ee-a306-c311afc28263,2024,REG,,,,,,,,,2026-04-16 13:51:44.524962+00:00
049e2ac0-5b3a-11ef-8bdb-a1d7e3dc9a51,Player_049e2a,,,754e4990-efc7-11ef-bb2a-5d2d22b9215e,2025,REG,,,,,,,,,2026-04-16 13:51:44.524971+00:00
04e7a830-426b-11f0-b149-2bf57366bd2e,Player_04e7a8,,,754e4990-efc7-11ef-bb2a-5d2d22b9215e,2025,REG,,,,,,,,,2026-04-16 13:51:46.380365+00:00
062ae770-58d8-11ef-858c-7160a458c289,Player_062ae7,,,908fbc20-f5c7-11ee-a306-c311afc28263,2024,REG,,,,,,,,,2026-04-16 13:51:48.148840+00:00
062ae770-58d8-11ef-858c-7160a458c289,Player_062ae7,,,754e4990-efc7-11ef-bb2a-5d2d22b9215e,2025,REG,,,,,,,,,2026-04-16 13:51:48.148849+00:00
07d05ea0-1730-11ef-a98f-99fba274caa9,Player_07d05e,,,908fbc20-f5c7-11ee-a306-c311afc28263,2024,REG,,,,,,,,,2026-04-16 13:51:49.921541+00:00
07d05ea0-1730-11ef-a98f-99fba274caa9,Player_07d05e,,,754e4990-efc7-11ef-bb2a-5d2d22b9215e,2025,REG,,,,,,,,,2026-04-16 13:51:49.921552+00:00
099c3a84-56b8-4274-833c-f918f1b12da6,Player_099c3a,,,17d91be7-4bd3-4407-80e2-eca205c9284a,2020,REG,,,,,,,,,2026-04-16 13:51:51.719756+00:00
099c3a84-56b8-4274-833c-f918f1b12da6,Player_099c3a,,,d1132b13-2c29-4e6d-9011-b627c7fd9a17,2021,REG,,,,,,,,,2026-04-16 13:51:51.719774+00:00
099c3a84-56b8-4274-833c-f918f1b12da6,Player_099c3a,,,ff53e5e4-10ef-4842-a0b7-b489956fa07e,2022,REG,,,,,,,,,2026-04-16 13:51:51.719778+00:00
099c3a84-56b8-4274-833c-f918f1b12da6,Player_099c3a,,,f58c6dbf-9dfe-487e-8b0b-af66af887206,2023,REG,,,,,,,,,2026-04-16 13:51:51.719780+00:00
099c3a84-56b8-4274-833c-f918f1b12da6,Player_099c3a,,,908fbc20-f5c7-11ee-a306-c311afc28263,2024,REG,,,,,,,,,2026-04-16 13:51:51.719783+00:00
099c3a84-56b8-4274-833c-f918f1b12da6,Player_099c3a,,,754e4990-efc7-11ef-bb2a-5d2d22b9215e,2025,REG,,,,,,,,,2026-04-16 13:51:51.719785+00:00
0a7bb1c0-4279-11f0-8c0c-bf2f3d0977bb,Player_0a7bb1,,,754e4990-efc7-11ef-bb2a-5d2d22b9215e,2025,REG,,,,,,,,,2026-04-16 13:51:53.497572+00:00
0f5cff30-425d-11f0-8e25-8b3547e97815,Player_0f5cff,,,754e4990-efc7-11ef-bb2a-5d2d22b9215e,2025,REG,,,,,,,,,2026-04-16 13:51:55.497955+00:00
1053b100-9026-11ec-8556-6fa97bcffaf0,Player_1053b1,,,f58c6dbf-9dfe-487e-8b0b-af66af887206,2023,REG,,,,,,,,,2026-04-16 13:51:57.317896+00:00
1053b100-9026-11ec-8556-6fa97bcffaf0,Player_1053b1,,,908fbc20-f5c7-11ee-a306-c311afc28263,2024,REG,,,,,,,,,2026-04-16 13:51:57.317905+00:00
1053b100-9026-11ec-8556-6fa97bcffaf0,Player_1053b1,,,754e4990-efc7-11ef-bb2a-5d2d22b9215e,2025,REG,,,,,,,,,2026-04-16 13:51:57.317908+00:00
105d4cf0-b582-11ee-b40e-f93ca78b0985,Player_105d4c,,,908fbc20-f5c7-11ee-a306-c311afc28263,2024,REG,,,,,,,,,2026-04-16 13:51:59.110780+00:00
105d4cf0-b582-11ee-b40e-f93ca78b0985,Player_105d4c,,,754e4990-efc7-11ef-bb2a-5d2d22b9215e,2025,REG,,,,,,,,,2026-04-16 13:51:59.110788+00:00
1160b650-b64a-11ee-82cd-abb0535b15e6,Player_1160b6,,,908fbc20-f5c7-11ee-a306-c311afc28263,2024,REG,,,,,,,,,2026-04-16 13:52:01.005121+00:00
1160b650-b64a-11ee-82cd-abb0535b15e6,Player_1160b6,,,754e4990-efc7-11ef-bb2a-5d2d22b9215e,2025,REG,,,,,,,,,2026-04-16 13:52:01.005134+00:00
12496a10-3e24-11ee-9b24-e310b9cd24cc,Player_12496a,,,f58c6dbf-9dfe-487e-8b0b-af66af887206,2023,REG,,,,,,,,,2026-04-16 13:52:02.803645+00:00
12496a10-3e24-11ee-9b24-e310b9cd24cc,Player_12496a,,,908fbc20-f5c7-11ee-a306-c311afc28263,2024,REG,,,,,,,,,2026-04-16 13:52:02.803656+00:00
12496a10-3e24-11ee-9b24-e310b9cd24cc,Player_12496a,,,754e4990-efc7-11ef-bb2a-5d2d22b9215e,2025,REG,,,,,,,,,2026-04-16 13:52:02.803660+00:00
15547b30-5018-11ef-ac06-73c47c06f715,Player_15547b,,,908fbc20-f5c7-11ee-a306-c311afc28263,2024,REG,,,,,,,,,2026-04-16 13:52:04.626273+00:00
15547b30-5018-11ef-ac06-73c47c06f715,Player_15547b,,,754e4990-efc7-11ef-bb2a-5d2d22b9215e,2025,REG,,,,,,,,,2026-04-16 13:52:04.626281+00:00
15ed9270-41c1-11f0-92c2-6b42fe9a68ac,Player_15ed92,,,754e4990-efc7-11ef-bb2a-5d2d22b9215e,2025,REG,,,,,,,,,2026-04-16 13:52:06.464171+00:00
16bb8100-ca9c-11ee-bc5a-9b1eab687e18,Player_16bb81,,,908fbc20-f5c7-11ee-a306-c311afc28263,2024,REG,,,,,,,,,2026-04-16 13:52:08.265768+00:00
16bb8100-ca9c-11ee-bc5a-9b1eab687e18,Player_16bb81,,,754e4990-efc7-11ef-bb2a-5d2d22b9215e,2025,REG,,,,,,,,,2026-04-16 13:52:08.265777+00:00
1b9d2920-4265-11f0-adcd-4f32db775f76,Player_1b9d29,,,754e4990-efc7-11ef-bb2a-5d2d22b9215e,2025,REG,,,,,,,,,2026-04-16 13:52:10.072447+00:00
1c348490-8ec8-11ec-8d02-85ead82574a9,Player_1c3484,,,ff53e5e4-10ef-4842-a0b7-b489956fa07e,2022,REG,,,,,,,,,2026-04-16 13:52:11.873278+00:00
1c348490-8ec8-11ec-8d02-85ead82574a9,Player_1c3484,,,f58c6dbf-9dfe-487e-8b0b-af66af887206,2023,REG,,,,,,,,,2026-04-16 13:52:11.873288+00:00
1c348490-8ec8-11ec-8d02-85ead82574a9,Player_1c3484,,,908fbc20-f5c7-11ee-a306-c311afc28263,2024,REG,,,,,,,,,2026-04-16 13:52:11.873292+00:00
1c348490-8ec8-11ec-8d02-85ead82574a9,Player_1c3484,,,754e4990-efc7-11ef-bb2a-5d2d22b9215e,2025,REG,,,,,,,,,2026-04-16 13:52:11.873295+00:00
1eec079b-e6d2-44b6-88a7-e7ae26beac31,Player_1eec07,,,d1132b13-2c29-4e6d-9011-b627c7fd9a17,2021,REG,,,,,,,,,2026-04-16 13:52:13.706390+00:00
1eec079b-e6d2-44b6-88a7-e7ae26beac31,Player_1eec07,,,ff53e5e4-10ef-4842-a0b7-b489956fa07e,2022,REG,,,,,,,,,2026-04-16 13:52:13.706401+00:00
1eec079b-e6d2-44b6-88a7-e7ae26beac31,Player_1eec07,,,f58c6dbf-9dfe-487e-8b0b-af66af887206,2023,REG,,,,,,,,,2026-04-16 13:52:13.706405+00:00
1eec079b-e6d2-44b6-88a7-e7ae26beac31,Player_1eec07,,,908fbc20-f5c7-11ee-a306-c311afc28263,2024,REG,,,,,,,,,2026-04-16 13:52:13.706410+00:00
1eec079b-e6d2-44b6-88a7-e7ae26beac31,Player_1eec07,,,754e4990-efc7-11ef-bb2a-5d2d22b9215e,2025,REG,,,,,,,,,2026-04-16 13:52:13.706415+00:00
253a59a7-fc1c-417d-a905-ddf73ab43fe2,Player_253a59,,,d1132b13-2c29-4e6d-9011-b627c7fd9a17,2021,REG,,,,,,,,,2026-04-16 13:52:15.538440+00:00
253a59a7-fc1c-417d-a905-ddf73ab43fe2,Player_253a59,,,ff53e5e4-10ef-4842-a0b7-b489956fa07e,2022,REG,,,,,,,,,2026-04-16 13:52:15.538448+00:00
253a59a7-fc1c-417d-a905-ddf73ab43fe2,Player_253a59,,,f58c6dbf-9dfe-487e-8b0b-af66af887206,2023,REG,,,,,,,,,2026-04-16 13:52:15.538451+00:00
253a59a7-fc1c-417d-a905-ddf73ab43fe2,Player_253a59,,,908fbc20-f5c7-11ee-a306-c311afc28263,2024,REG,,,,,,,,,2026-04-16 13:52:15.538454+00:00
289d9d30-426a-11f0-b81e-833f871e3388,Player_289d9d,,,754e4990-efc7-11ef-bb2a-5d2d22b9215e,2025,REG,,,,,,,,,2026-04-16 13:52:17.378572+00:00
2a1b3300-d0f3-11ee-97f5-3f56e685e648,Player_2a1b33,,,908fbc20-f5c7-11ee-a306-c311afc28263,2024,REG,,,,,,,,,2026-04-16 13:52:19.189324+00:00
2a1b3300-d0f3-11ee-97f5-3f56e685e648,Player_2a1b33,,,754e4990-efc7-11ef-bb2a-5d2d22b9215e,2025,REG,,,,,,,,,2026-04-16 13:52:19.189333+00:00
2dbaaef0-536b-11ef-b756-4f4423050bec,Player_2dbaae,,,908fbc20-f5c7-11ee-a306-c311afc28263,2024,REG,,,,,,,,,2026-04-16 13:52:21.031148+00:00
2dbaaef0-536b-11ef-b756-4f4423050bec,Player_2dbaae,,,754e4990-efc7-11ef-bb2a-5d2d22b9215e,2025,REG,,,,,,,,,2026-04-16 13:52:21.031156+00:00
2e0277f2-4daf-4e32-a9cb-9ef85ec18aaa,Player_2e0277,,,17d91be7-4bd3-4407-80e2-eca205c9284a,2020,REG,,,,,,,,,2026-04-16 13:52:22.835442+00:00
2e0277f2-4daf-4e32-a9cb-9ef85ec18aaa,Player_2e0277,,,d1132b13-2c29-4e6d-9011-b627c7fd9a17,2021,REG,,,,,,,,,2026-04-16 13:52:22.835450+00:00
2e0277f2-4daf-4e32-a9cb-9ef85ec18aaa,Player_2e0277,,,ff53e5e4-10ef-4842-a0b7-b489956fa07e,2022,REG,,,,,,,,,2026-04-16 13:52:22.835453+00:00
2e0277f2-4daf-4e32-a9cb-9ef85ec18aaa,Player_2e0277,,,f58c6dbf-9dfe-487e-8b0b-af66af887206,2023,REG,,,,,,,,,2026-04-16 13:52:22.835455+00:00
2e0277f2-4daf-4e32-a9cb-9ef85ec18aaa,Player_2e0277,,,908fbc20-f5c7-11ee-a306-c311afc28263,2024,REG,,,,,,,,,2026-04-16 13:52:22.835457+00:00
2e0277f2-4daf-4e32-a9cb-9ef85ec18aaa,Player_2e0277,,,754e4990-efc7-11ef-bb2a-5d2d22b9215e,2025,REG,,,,,,,,,2026-04-16 13:52:22.835461+00:00
2f1fd160-7c8e-11f0-a90c-e39406096da4,Player_2f1fd1,,,754e4990-efc7-11ef-bb2a-5d2d22b9215e,2025,REG,,,,,,,,,2026-04-16 13:52:24.633978+00:00
326abab8-a534-43ff-9cbd-536c43b044d8,Player_326aba,,,17d91be7-4bd3-4407-80e2-eca205c9284a,2020,REG,,,,,,,,,2026-04-16 13:52:26.415925+00:00
326abab8-a534-43ff-9cbd-536c43b044d8,Player_326aba,,,754e4990-efc7-11ef-bb2a-5d2d22b9215e,2025,REG,,,,,,,,,2026-04-16 13:52:26.415936+00:00
32e04ac0-b582-11ee-b40e-f93ca78b0985,Player_32e04a,,,908fbc20-f5c7-11ee-a306-c311afc28263,2024,REG,,,,,,,,,2026-04-16 13:52:28.457802+00:00
32e04ac0-b582-11ee-b40e-f93ca78b0985,Player_32e04a,,,754e4990-efc7-11ef-bb2a-5d2d22b9215e,2025,REG,,,,,,,,,2026-04-16 13:52:28.457811+00:00
3ac20f90-8f68-11ec-8556-6fa97bcffaf0,Player_3ac20f,,,754e4990-efc7-11ef-bb2a-5d2d22b9215e,2025,REG,,,,,,,,,2026-04-16 13:52:30.516549+00:00
3b28b3b0-4277-11f0-bf1d-bdb0750aded0,Player_3b28b3,,,754e4990-efc7-11ef-bb2a-5d2d22b9215e,2025,REG,,,,,,,,,2026-04-16 13:52:32.403525+00:00
3bdda240-426b-11f0-ad04-a5717f1bc1e7,Player_3bdda2,,,754e4990-efc7-11ef-bb2a-5d2d22b9215e,2025,REG,,,,,,,,,2026-04-16 13:52:34.433866+00:00
3ea05870-9b78-11ed-b8e3-1513ed7922ab,Player_3ea058,,,f58c6dbf-9dfe-487e-8b0b-af66af887206,2023,REG,,,,,,,,,2026-04-16 13:52:36.248895+00:00
3ea05870-9b78-11ed-b8e3-1513ed7922ab,Player_3ea058,,,908fbc20-f5c7-11ee-a306-c311afc28263,2024,REG,,,,,,,,,2026-04-16 13:52:36.248902+00:00
3ea05870-9b78-11ed-b8e3-1513ed7922ab,Player_3ea058,,,754e4990-efc7-11ef-bb2a-5d2d22b9215e,2025,REG,,,,,,,,,2026-04-16 13:52:36.248906+00:00
469a5528-251d-4f78-aa70-19f797d8128f,Player_469a55,,,d1132b13-2c29-4e6d-9011-b627c7fd9a17,2021,REG,,,,,,,,,2026-04-16 13:52:38.055000+00:00
469a5528-251d-4f78-aa70-19f797d8128f,Player_469a55,,,ff53e5e4-10ef-4842-a0b7-b489956fa07e,2022,REG,,,,,,,,,2026-04-16 13:52:38.055011+00:00
469a5528-251d-4f78-aa70-19f797d8128f,Player_469a55,,,f58c6dbf-9dfe-487e-8b0b-af66af887206,2023,REG,,,,,,,,,2026-04-16 13:52:38.055015+00:00
469a5528-251d-4f78-aa70-19f797d8128f,Player_469a55,,,908fbc20-f5c7-11ee-a306-c311afc28263,2024,REG,,,,,,,,,2026-04-16 13:52:38.055019+00:00
469a5528-251d-4f78-aa70-19f797d8128f,Player_469a55,,,754e4990-efc7-11ef-bb2a-5d2d22b9215e,2025,REG,,,,,,,,,2026-04-16 13:52:38.055023+00:00
4823e8f0-41be-11f0-bb53-03bc080d8b95,Player_4823e8,,,754e4990-efc7-11ef-bb2a-5d2d22b9215e,2025,REG,,,,,,,,,2026-04-16 13:52:39.880661+00:00
486c92cc-9b66-477a-986a-7a01a8bdacb2,Player_486c92,,,17d91be7-4bd3-4407-80e2-eca205c9284a,2020,REG,,,,,,,,,2026-04-16 13:52:41.700440+00:00
486c92cc-9b66-477a-986a-7a01a8bdacb2,Player_486c92,,,d1132b13-2c29-4e6d-9011-b627c7fd9a17,2021,REG,,,,,,,,,2026-04-16 13:52:41.700447+00:00
486c92cc-9b66-477a-986a-7a01a8bdacb2,Player_486c92,,,ff53e5e4-10ef-4842-a0b7-b489956fa07e,2022,REG,,,,,,,,,2026-04-16 13:52:41.700450+00:00
486c92cc-9b66-477a-986a-7a01a8bdacb2,Player_486c92,,,f58c6dbf-9dfe-487e-8b0b-af66af887206,2023,REG,,,,,,,,,2026-04-16 13:52:41.700452+00:00
486c92cc-9b66-477a-986a-7a01a8bdacb2,Player_486c92,,,908fbc20-f5c7-11ee-a306-c311afc28263,2024,REG,,,,,,,,,2026-04-16 13:52:41.700454+00:00
486c92cc-9b66-477a-986a-7a01a8bdacb2,Player_486c92,,,754e4990-efc7-11ef-bb2a-5d2d22b9215e,2025,REG,,,,,,,,,2026-04-16 13:52:41.700457+00:00
48833000-193a-11f0-bf15-3f77322dd40d,Player_488330,,,754e4990-efc7-11ef-bb2a-5d2d22b9215e,2025,REG,,,,,,,,,2026-04-16 13:52:43.488103+00:00
4a741940-4268-11f0-8189-09da74d6f39a,Player_4a7419,,,754e4990-efc7-11ef-bb2a-5d2d22b9215e,2025,REG,,,,,,,,,2026-04-16 13:52:45.475919+00:00
4b1177f0-19d1-11ef-bb12-b104ac890a9c,Player_4b1177,,,908fbc20-f5c7-11ee-a306-c311afc28263,2024,REG,,,,,,,,,2026-04-16 13:52:47.291445+00:00
4b1177f0-19d1-11ef-bb12-b104ac890a9c,Player_4b1177,,,754e4990-efc7-11ef-bb2a-5d2d22b9215e,2025,REG,,,,,,,,,2026-04-16 13:52:47.291452+00:00
4d68c160-b005-11ee-bee3-851404741fcc,Player_4d68c1,,,908fbc20-f5c7-11ee-a306-c311afc28263,2024,REG,,,,,,,,,2026-04-16 13:52:49.089918+00:00
4d68c160-b005-11ee-bee3-851404741fcc,Player_4d68c1,,,754e4990-efc7-11ef-bb2a-5d2d22b9215e,2025,REG,,,,,,,,,2026-04-16 13:52:49.089929+00:00
4ded51c0-4279-11f0-b24b-b1bd15bc954c,Player_4ded51,,,754e4990-efc7-11ef-bb2a-5d2d22b9215e,2025,REG,,,,,,,,,2026-04-16 13:52:50.871234+00:00
4e8522be-b33a-466b-9ffb-4347d72990ab,Player_4e8522,,,17d91be7-4bd3-4407-80e2-eca205c9284a,2020,REG,,,,,,,,,2026-04-16 13:52:52.677184+00:00
4e8522be-b33a-466b-9ffb-4347d72990ab,Player_4e8522,,,d1132b13-2c29-4e6d-9011-b627c7fd9a17,2021,REG,,,,,,,,,2026-04-16 13:52:52.677191+00:00
4e8522be-b33a-466b-9ffb-4347d72990ab,Player_4e8522,,,ff53e5e4-10ef-4842-a0b7-b489956fa07e,2022,REG,,,,,,,,,2026-04-16 13:52:52.677194+00:00
4e8522be-b33a-466b-9ffb-4347d72990ab,Player_4e8522,,,f58c6dbf-9dfe-487e-8b0b-af66af887206,2023,REG,,,,,,,,,2026-04-16 13:52:52.677197+00:00
4e8522be-b33a-466b-9ffb-4347d72990ab,Player_4e8522,,,908fbc20-f5c7-11ee-a306-c311afc28263,2024,REG,,,,,,,,,2026-04-16 13:52:52.677199+00:00
4e8522be-b33a-466b-9ffb-4347d72990ab,Player_4e8522,,,754e4990-efc7-11ef-bb2a-5d2d22b9215e,2025,REG,,,,,,,,,2026-04-16 13:52:52.677201+00:00
52a00400-37b9-11ee-931c-8fb5c3eda51c,Player_52a004,,,f58c6dbf-9dfe-487e-8b0b-af66af887206,2023,REG,,,,,,,,,2026-04-16 13:52:54.471933+00:00
52a00400-37b9-11ee-931c-8fb5c3eda51c,Player_52a004,,,908fbc20-f5c7-11ee-a306-c311afc28263,2024,REG,,,,,,,,,2026-04-16 13:52:54.471942+00:00
52a00400-37b9-11ee-931c-8fb5c3eda51c,Player_52a004,,,754e4990-efc7-11ef-bb2a-5d2d22b9215e,2025,REG,,,,,,,,,2026-04-16 13:52:54.471946+00:00
52c9d900-b582-11ee-b40e-f93ca78b0985,Player_52c9d9,,,908fbc20-f5c7-11ee-a306-c311afc28263,2024,REG,,,,,,,,,2026-04-16 13:52:56.310921+00:00
52c9d900-b582-11ee-b40e-f93ca78b0985,Player_52c9d9,,,754e4990-efc7-11ef-bb2a-5d2d22b9215e,2025,REG,,,,,,,,,2026-04-16 13:52:56.310929+00:00
57123390-37ab-11ee-931c-8fb5c3eda51c,Player_571233,,,f58c6dbf-9dfe-487e-8b0b-af66af887206,2023,REG,,,,,,,,,2026-04-16 13:52:58.137943+00:00
57123390-37ab-11ee-931c-8fb5c3eda51c,Player_571233,,,908fbc20-f5c7-11ee-a306-c311afc28263,2024,REG,,,,,,,,,2026-04-16 13:52:58.137954+00:00
57123390-37ab-11ee-931c-8fb5c3eda51c,Player_571233,,,754e4990-efc7-11ef-bb2a-5d2d22b9215e,2025,REG,,,,,,,,,2026-04-16 13:52:58.137958+00:00
58dfa520-4264-11f0-ae4b-5f7428cc98e8,Player_58dfa5,,,754e4990-efc7-11ef-bb2a-5d2d22b9215e,2025,REG,,,,,,,,,2026-04-16 13:52:59.951911+00:00
5a9802f0-7c8d-11f0-a90c-e39406096da4,Player_5a9802,,,754e4990-efc7-11ef-bb2a-5d2d22b9215e,2025,REG,,,,,,,,,2026-04-16 13:53:01.744246+00:00
5f027d90-5135-11ef-a32b-1d178ecb5496,Player_5f027d,,,908fbc20-f5c7-11ee-a306-c311afc28263,2024,REG,,,,,,,,,2026-04-16 13:53:03.628277+00:00
5f027d90-5135-11ef-a32b-1d178ecb5496,Player_5f027d,,,754e4990-efc7-11ef-bb2a-5d2d22b9215e,2025,REG,,,,,,,,,2026-04-16 13:53:03.628286+00:00
60088e50-95b7-11ec-ac09-df8fdee6dbff,Player_60088e,,,ff53e5e4-10ef-4842-a0b7-b489956fa07e,2022,REG,,,,,,,,,2026-04-16 13:53:05.430988+00:00
60088e50-95b7-11ec-ac09-df8fdee6dbff,Player_60088e,,,f58c6dbf-9dfe-487e-8b0b-af66af887206,2023,REG,,,,,,,,,2026-04-16 13:53:05.430996+00:00
60088e50-95b7-11ec-ac09-df8fdee6dbff,Player_60088e,,,908fbc20-f5c7-11ee-a306-c311afc28263,2024,REG,,,,,,,,,2026-04-16 13:53:05.430999+00:00
60088e50-95b7-11ec-ac09-df8fdee6dbff,Player_60088e,,,754e4990-efc7-11ef-bb2a-5d2d22b9215e,2025,REG,,,,,,,,,2026-04-16 13:53:05.431002+00:00
637278c0-4262-11f0-9fa6-271b75d5bd31,Player_637278,,,754e4990-efc7-11ef-bb2a-5d2d22b9215e,2025,REG,,,,,,,,,2026-04-16 13:53:07.256878+00:00
6426e760-37ba-11ee-931c-8fb5c3eda51c,Player_6426e7,,,f58c6dbf-9dfe-487e-8b0b-af66af887206,2023,REG,,,,,,,,,2026-04-16 13:53:09.098154+00:00
6426e760-37ba-11ee-931c-8fb5c3eda51c,Player_6426e7,,,908fbc20-f5c7-11ee-a306-c311afc28263,2024,REG,,,,,,,,,2026-04-16 13:53:09.098162+00:00
6426e760-37ba-11ee-931c-8fb5c3eda51c,Player_6426e7,,,754e4990-efc7-11ef-bb2a-5d2d22b9215e,2025,REG,,,,,,,,,2026-04-16 13:53:09.098164+00:00
655e89e0-ef75-11ed-8ee5-ed3948282ce6,Player_655e89,,,f58c6dbf-9dfe-487e-8b0b-af66af887206,2023,REG,,,,,,,,,2026-04-16 13:53:10.934043+00:00
655e89e0-ef75-11ed-8ee5-ed3948282ce6,Player_655e89,,,908fbc20-f5c7-11ee-a306-c311afc28263,2024,REG,,,,,,,,,2026-04-16 13:53:10.934051+00:00
655e89e0-ef75-11ed-8ee5-ed3948282ce6,Player_655e89,,,754e4990-efc7-11ef-bb2a-5d2d22b9215e,2025,REG,,,,,,,,,2026-04-16 13:53:10.934054+00:00
667a2cc0-425d-11f0-8ab8-c131fccb2279,Player_667a2c,,,754e4990-efc7-11ef-bb2a-5d2d22b9215e,2025,REG,,,,,,,,,2026-04-16 13:53:12.857401+00:00
66db49c0-b581-11ee-b40e-f93ca78b0985,Player_66db49,,,908fbc20-f5c7-11ee-a306-c311afc28263,2024,REG,,,,,,,,,2026-04-16 13:53:14.667223+00:00
66db49c0-b581-11ee-b40e-f93ca78b0985,Player_66db49,,,754e4990-efc7-11ef-bb2a-5d2d22b9215e,2025,REG,,,,,,,,,2026-04-16 13:53:14.667232+00:00
67575191-4ef4-417a-bcc6-a0820dfe5f67,Player_675751,,,d1132b13-2c29-4e6d-9011-b627c7fd9a17,2021,REG,,,,,,,,,2026-04-16 13:53:16.476795+00:00
67575191-4ef4-417a-bcc6-a0820dfe5f67,Player_675751,,,ff53e5e4-10ef-4842-a0b7-b489956fa07e,2022,REG,,,,,,,,,2026-04-16 13:53:16.476804+00:00
67575191-4ef4-417a-bcc6-a0820dfe5f67,Player_675751,,,f58c6dbf-9dfe-487e-8b0b-af66af887206,2023,REG,,,,,,,,,2026-04-16 13:53:16.476807+00:00
67575191-4ef4-417a-bcc6-a0820dfe5f67,Player_675751,,,908fbc20-f5c7-11ee-a306-c311afc28263,2024,REG,,,,,,,,,2026-04-16 13:53:16.476809+00:00
67575191-4ef4-417a-bcc6-a0820dfe5f67,Player_675751,,,754e4990-efc7-11ef-bb2a-5d2d22b9215e,2025,REG,,,,,,,,,2026-04-16 13:53:16.476811+00:00
6882d9c0-4278-11f0-85ec-d95569f814db,Player_6882d9,,,754e4990-efc7-11ef-bb2a-5d2d22b9215e,2025,REG,,,,,,,,,2026-04-16 13:53:18.335857+00:00
6a895f7c-2726-424c-9239-c75711e801d3,Player_6a895f,,,f58c6dbf-9dfe-487e-8b0b-af66af887206,2023,REG,,,,,,,,,2026-04-16 13:53:20.324995+00:00
6a895f7c-2726-424c-9239-c75711e801d3,Player_6a895f,,,908fbc20-f5c7-11ee-a306-c311afc28263,2024,REG,,,,,,,,,2026-04-16 13:53:20.325004+00:00
6a895f7c-2726-424c-9239-c75711e801d3,Player_6a895f,,,754e4990-efc7-11ef-bb2a-5d2d22b9215e,2025,REG,,,,,,,,,2026-04-16 13:53:20.325007+00:00
73d3f390-89bc-11ec-b4c8-9f80462526e1,Player_73d3f3,,,ff53e5e4-10ef-4842-a0b7-b489956fa07e,2022,REG,,,,,,,,,2026-04-16 13:53:22.147561+00:00
73d3f390-89bc-11ec-b4c8-9f80462526e1,Player_73d3f3,,,f58c6dbf-9dfe-487e-8b0b-af66af887206,2023,REG,,,,,,,,,2026-04-16 13:53:22.147570+00:00
73d3f390-89bc-11ec-b4c8-9f80462526e1,Player_73d3f3,,,908fbc20-f5c7-11ee-a306-c311afc28263,2024,REG,,,,,,,,,2026-04-16 13:53:22.147572+00:00
73d3f390-89bc-11ec-b4c8-9f80462526e1,Player_73d3f3,,,754e4990-efc7-11ef-bb2a-5d2d22b9215e,2025,REG,,,,,,,,,2026-04-16 13:53:22.147574+00:00
79ac92f0-41be-11f0-a77a-71c95d444ce4,Player_79ac92,,,754e4990-efc7-11ef-bb2a-5d2d22b9215e,2025,REG,,,,,,,,,2026-04-16 13:53:23.995611+00:00
7bfb2520-9b7c-11ed-a4a7-731774d8a58d,Player_7bfb25,,,f58c6dbf-9dfe-487e-8b0b-af66af887206,2023,REG,,,,,,,,,2026-04-16 13:53:25.773139+00:00
7bfb2520-9b7c-11ed-a4a7-731774d8a58d,Player_7bfb25,,,908fbc20-f5c7-11ee-a306-c311afc28263,2024,REG,,,,,,,,,2026-04-16 13:53:25.773148+00:00
7bfb2520-9b7c-11ed-a4a7-731774d8a58d,Player_7bfb25,,,754e4990-efc7-11ef-bb2a-5d2d22b9215e,2025,REG,,,,,,,,,2026-04-16 13:53:25.773151+00:00
7dc6d1b0-4264-11f0-ad53-39a372a410e7,Player_7dc6d1,,,754e4990-efc7-11ef-bb2a-5d2d22b9215e,2025,REG,,,,,,,,,2026-04-16 13:53:27.587389+00:00
7ec48870-8f69-11ec-8556-6fa97bcffaf0,Player_7ec488,,,ff53e5e4-10ef-4842-a0b7-b489956fa07e,2022,REG,,,,,,,,,2026-04-16 13:53:29.524562+00:00
7ec48870-8f69-11ec-8556-6fa97bcffaf0,Player_7ec488,,,f58c6dbf-9dfe-487e-8b0b-af66af887206,2023,REG,,,,,,,,,2026-04-16 13:53:29.524571+00:00
7ec48870-8f69-11ec-8556-6fa97bcffaf0,Player_7ec488,,,908fbc20-f5c7-11ee-a306-c311afc28263,2024,REG,,,,,,,,,2026-04-16 13:53:29.524574+00:00
7ec48870-8f69-11ec-8556-6fa97bcffaf0,Player_7ec488,,,754e4990-efc7-11ef-bb2a-5d2d22b9215e,2025,REG,,,,,,,,,2026-04-16 13:53:29.524576+00:00
7f0c1368-789c-40dd-bf65-f8276228d831,Player_7f0c13,,,17d91be7-4bd3-4407-80e2-eca205c9284a,2020,REG,,,,,,,,,2026-04-16 13:53:31.349628+00:00
7f0c1368-789c-40dd-bf65-f8276228d831,Player_7f0c13,,,d1132b13-2c29-4e6d-9011-b627c7fd9a17,2021,REG,,,,,,,,,2026-04-16 13:53:31.349637+00:00
7f0c1368-789c-40dd-bf65-f8276228d831,Player_7f0c13,,,ff53e5e4-10ef-4842-a0b7-b489956fa07e,2022,REG,,,,,,,,,2026-04-16 13:53:31.349640+00:00
7f0c1368-789c-40dd-bf65-f8276228d831,Player_7f0c13,,,f58c6dbf-9dfe-487e-8b0b-af66af887206,2023,REG,,,,,,,,,2026-04-16 13:53:31.349642+00:00
7f0c1368-789c-40dd-bf65-f8276228d831,Player_7f0c13,,,908fbc20-f5c7-11ee-a306-c311afc28263,2024,REG,,,,,,,,,2026-04-16 13:53:31.349644+00:00
7f0c1368-789c-40dd-bf65-f8276228d831,Player_7f0c13,,,754e4990-efc7-11ef-bb2a-5d2d22b9215e,2025,REG,,,,,,,,,2026-04-16 13:53:31.349646+00:00
7f170c70-58d5-11ef-858c-7160a458c289,Player_7f170c,,,908fbc20-f5c7-11ee-a306-c311afc28263,2024,REG,,,,,,,,,2026-04-16 13:53:33.367346+00:00
7f170c70-58d5-11ef-858c-7160a458c289,Player_7f170c,,,754e4990-efc7-11ef-bb2a-5d2d22b9215e,2025,REG,,,,,,,,,2026-04-16 13:53:33.367355+00:00
7fd2d0f0-ff5c-11ed-84d8-f702f1ef9032,Player_7fd2d0,,,f58c6dbf-9dfe-487e-8b0b-af66af887206,2023,REG,,,,,,,,,2026-04-16 13:53:35.176923+00:00
7fd2d0f0-ff5c-11ed-84d8-f702f1ef9032,Player_7fd2d0,,,908fbc20-f5c7-11ee-a306-c311afc28263,2024,REG,,,,,,,,,2026-04-16 13:53:35.176933+00:00
7fd2d0f0-ff5c-11ed-84d8-f702f1ef9032,Player_7fd2d0,,,754e4990-efc7-11ef-bb2a-5d2d22b9215e,2025,REG,,,,,,,,,2026-04-16 13:53:35.176936+00:00
83f3e0c0-095d-11ed-988d-5f1c2a0e25d9,Player_83f3e0,,,ff53e5e4-10ef-4842-a0b7-b489956fa07e,2022,REG,,,,,,,,,2026-04-16 13:53:36.996239+00:00
83f3e0c0-095d-11ed-988d-5f1c2a0e25d9,Player_83f3e0,,,f58c6dbf-9dfe-487e-8b0b-af66af887206,2023,REG,,,,,,,,,2026-04-16 13:53:36.996250+00:00
83f3e0c0-095d-11ed-988d-5f1c2a0e25d9,Player_83f3e0,,,908fbc20-f5c7-11ee-a306-c311afc28263,2024,REG,,,,,,,,,2026-04-16 13:53:36.996254+00:00
83f3e0c0-095d-11ed-988d-5f1c2a0e25d9,Player_83f3e0,,,754e4990-efc7-11ef-bb2a-5d2d22b9215e,2025,REG,,,,,,,,,2026-04-16 13:53:36.996258+00:00
8515cb90-486c-11ee-a993-9f05516de4bd,Player_8515cb,,,f58c6dbf-9dfe-487e-8b0b-af66af887206,2023,REG,,,,,,,,,2026-04-16 13:53:38.850976+00:00
8515cb90-486c-11ee-a993-9f05516de4bd,Player_8515cb,,,754e4990-efc7-11ef-bb2a-5d2d22b9215e,2025,REG,,,,,,,,,2026-04-16 13:53:38.850985+00:00
87c1aa30-5414-11ef-a062-cfeebfd2a57c,Player_87c1aa,,,908fbc20-f5c7-11ee-a306-c311afc28263,2024,REG,,,,,,,,,2026-04-16 13:53:40.658632+00:00
87c1aa30-5414-11ef-a062-cfeebfd2a57c,Player_87c1aa,,,754e4990-efc7-11ef-bb2a-5d2d22b9215e,2025,REG,,,,,,,,,2026-04-16 13:53:40.658640+00:00
894191c0-89e3-11ec-87d7-1329dbaf6972,Player_894191,,,ff53e5e4-10ef-4842-a0b7-b489956fa07e,2022,REG,,,,,,,,,2026-04-16 13:53:42.472876+00:00
894191c0-89e3-11ec-87d7-1329dbaf6972,Player_894191,,,f58c6dbf-9dfe-487e-8b0b-af66af887206,2023,REG,,,,,,,,,2026-04-16 13:53:42.472884+00:00
894191c0-89e3-11ec-87d7-1329dbaf6972,Player_894191,,,908fbc20-f5c7-11ee-a306-c311afc28263,2024,REG,,,,,,,,,2026-04-16 13:53:42.472887+00:00
894191c0-89e3-11ec-87d7-1329dbaf6972,Player_894191,,,754e4990-efc7-11ef-bb2a-5d2d22b9215e,2025,REG,,,,,,,,,2026-04-16 13:53:42.472890+00:00
8b283ac0-55f6-11ef-9fab-1b5da905edda,Player_8b283a,,,908fbc20-f5c7-11ee-a306-c311afc28263,2024,REG,,,,,,,,,2026-04-16 13:53:44.296232+00:00
8b283ac0-55f6-11ef-9fab-1b5da905edda,Player_8b283a,,,754e4990-efc7-11ef-bb2a-5d2d22b9215e,2025,REG,,,,,,,,,2026-04-16 13:53:44.296240+00:00
9089e0f3-1310-4a52-a173-75411bfda372,Player_9089e0,,,d1132b13-2c29-4e6d-9011-b627c7fd9a17,2021,REG,,,,,,,,,2026-04-16 13:53:46.133041+00:00
9089e0f3-1310-4a52-a173-75411bfda372,Player_9089e0,,,ff53e5e4-10ef-4842-a0b7-b489956fa07e,2022,REG,,,,,,,,,2026-04-16 13:53:46.133052+00:00
9089e0f3-1310-4a52-a173-75411bfda372,Player_9089e0,,,f58c6dbf-9dfe-487e-8b0b-af66af887206,2023,REG,,,,,,,,,2026-04-16 13:53:46.133055+00:00
9089e0f3-1310-4a52-a173-75411bfda372,Player_9089e0,,,908fbc20-f5c7-11ee-a306-c311afc28263,2024,REG,,,,,,,,,2026-04-16 13:53:46.133057+00:00
9089e0f3-1310-4a52-a173-75411bfda372,Player_9089e0,,,754e4990-efc7-11ef-bb2a-5d2d22b9215e,2025,REG,,,,,,,,,2026-04-16 13:53:46.133059+00:00
9204ea0c-8566-4a40-8ade-08ed0a471cc9,Player_9204ea,,,17d91be7-4bd3-4407-80e2-eca205c9284a,2020,REG,,,,,,,,,2026-04-16 13:53:47.950747+00:00
9204ea0c-8566-4a40-8ade-08ed0a471cc9,Player_9204ea,,,d1132b13-2c29-4e6d-9011-b627c7fd9a17,2021,REG,,,,,,,,,2026-04-16 13:53:47.950758+00:00
9204ea0c-8566-4a40-8ade-08ed0a471cc9,Player_9204ea,,,ff53e5e4-10ef-4842-a0b7-b489956fa07e,2022,REG,,,,,,,,,2026-04-16 13:53:47.950762+00:00
9204ea0c-8566-4a40-8ade-08ed0a471cc9,Player_9204ea,,,f58c6dbf-9dfe-487e-8b0b-af66af887206,2023,REG,,,,,,,,,2026-04-16 13:53:47.950767+00:00
9204ea0c-8566-4a40-8ade-08ed0a471cc9,Player_9204ea,,,908fbc20-f5c7-11ee-a306-c311afc28263,2024,REG,,,,,,,,,2026-04-16 13:53:47.950771+00:00
9204ea0c-8566-4a40-8ade-08ed0a471cc9,Player_9204ea,,,754e4990-efc7-11ef-bb2a-5d2d22b9215e,2025,REG,,,,,,,,,2026-04-16 13:53:47.950776+00:00
92c034a0-4267-11f0-818e-8f51873d88cf,Player_92c034,,,754e4990-efc7-11ef-bb2a-5d2d22b9215e,2025,REG,,,,,,,,,2026-04-16 13:53:49.774044+00:00
936bbb11-3482-44b3-94a6-1a0d2afb345b,Player_936bbb,,,17d91be7-4bd3-4407-80e2-eca205c9284a,2020,REG,,,,,,,,,2026-04-16 13:53:51.623143+00:00
936bbb11-3482-44b3-94a6-1a0d2afb345b,Player_936bbb,,,d1132b13-2c29-4e6d-9011-b627c7fd9a17,2021,REG,,,,,,,,,2026-04-16 13:53:51.623151+00:00
936bbb11-3482-44b3-94a6-1a0d2afb345b,Player_936bbb,,,ff53e5e4-10ef-4842-a0b7-b489956fa07e,2022,REG,,,,,,,,,2026-04-16 13:53:51.623153+00:00
936bbb11-3482-44b3-94a6-1a0d2afb345b,Player_936bbb,,,f58c6dbf-9dfe-487e-8b0b-af66af887206,2023,REG,,,,,,,,,2026-04-16 13:53:51.623156+00:00
936bbb11-3482-44b3-94a6-1a0d2afb345b,Player_936bbb,,,908fbc20-f5c7-11ee-a306-c311afc28263,2024,REG,,,,,,,,,2026-04-16 13:53:51.623159+00:00
936bbb11-3482-44b3-94a6-1a0d2afb345b,Player_936bbb,,,754e4990-efc7-11ef-bb2a-5d2d22b9215e,2025,REG,,,,,,,,,2026-04-16 13:53:51.623162+00:00
93e5f8eb-46fc-46cc-ba40-5b9f9ef25d43,Player_93e5f8,,,d1132b13-2c29-4e6d-9011-b627c7fd9a17,2021,REG,,,,,,,,,2026-04-16 13:53:53.423469+00:00
93e5f8eb-46fc-46cc-ba40-5b9f9ef25d43,Player_93e5f8,,,ff53e5e4-10ef-4842-a0b7-b489956fa07e,2022,REG,,,,,,,,,2026-04-16 13:53:53.423477+00:00
93e5f8eb-46fc-46cc-ba40-5b9f9ef25d43,Player_93e5f8,,,f58c6dbf-9dfe-487e-8b0b-af66af887206,2023,REG,,,,,,,,,2026-04-16 13:53:53.423480+00:00
93e5f8eb-46fc-46cc-ba40-5b9f9ef25d43,Player_93e5f8,,,908fbc20-f5c7-11ee-a306-c311afc28263,2024,REG,,,,,,,,,2026-04-16 13:53:53.423482+00:00
93e5f8eb-46fc-46cc-ba40-5b9f9ef25d43,Player_93e5f8,,,754e4990-efc7-11ef-bb2a-5d2d22b9215e,2025,REG,,,,,,,,,2026-04-16 13:53:53.423484+00:00
94cf5830-8f68-11ec-8556-6fa97bcffaf0,Player_94cf58,,,754e4990-efc7-11ef-bb2a-5d2d22b9215e,2025,REG,,,,,,,,,2026-04-16 13:53:55.245139+00:00
97220380-5135-11ef-a32b-1d178ecb5496,Player_972203,,,908fbc20-f5c7-11ee-a306-c311afc28263,2024,REG,,,,,,,,,2026-04-16 13:53:57.051904+00:00
97220380-5135-11ef-a32b-1d178ecb5496,Player_972203,,,754e4990-efc7-11ef-bb2a-5d2d22b9215e,2025,REG,,,,,,,,,2026-04-16 13:53:57.051912+00:00
9a5fa056-f449-4d07-806b-3b20202fe9f9,Player_9a5fa0,,,ff53e5e4-10ef-4842-a0b7-b489956fa07e,2022,REG,,,,,,,,,2026-04-16 13:53:59.006921+00:00
9a5fa056-f449-4d07-806b-3b20202fe9f9,Player_9a5fa0,,,f58c6dbf-9dfe-487e-8b0b-af66af887206,2023,REG,,,,,,,,,2026-04-16 13:53:59.006933+00:00
9a5fa056-f449-4d07-806b-3b20202fe9f9,Player_9a5fa0,,,908fbc20-f5c7-11ee-a306-c311afc28263,2024,REG,,,,,,,,,2026-04-16 13:53:59.006938+00:00
9a5fa056-f449-4d07-806b-3b20202fe9f9,Player_9a5fa0,,,754e4990-efc7-11ef-bb2a-5d2d22b9215e,2025,REG,,,,,,,,,2026-04-16 13:53:59.006942+00:00
9a729f10-9b77-11ed-b8e3-1513ed7922ab,Player_9a729f,,,f58c6dbf-9dfe-487e-8b0b-af66af887206,2023,REG,,,,,,,,,2026-04-16 13:54:00.841843+00:00
9a729f10-9b77-11ed-b8e3-1513ed7922ab,Player_9a729f,,,908fbc20-f5c7-11ee-a306-c311afc28263,2024,REG,,,,,,,,,2026-04-16 13:54:00.841852+00:00
9a729f10-9b77-11ed-b8e3-1513ed7922ab,Player_9a729f,,,754e4990-efc7-11ef-bb2a-5d2d22b9215e,2025,REG,,,,,,,,,2026-04-16 13:54:00.841855+00:00
9bd914d0-2bee-11ee-b0fd-8d51d3f80cbb,Player_9bd914,,,f58c6dbf-9dfe-487e-8b0b-af66af887206,2023,REG,,,,,,,,,2026-04-16 13:54:02.660908+00:00
9bd914d0-2bee-11ee-b0fd-8d51d3f80cbb,Player_9bd914,,,908fbc20-f5c7-11ee-a306-c311afc28263,2024,REG,,,,,,,,,2026-04-16 13:54:02.660916+00:00
9bd914d0-2bee-11ee-b0fd-8d51d3f80cbb,Player_9bd914,,,754e4990-efc7-11ef-bb2a-5d2d22b9215e,2025,REG,,,,,,,,,2026-04-16 13:54:02.660918+00:00
9c1a16d0-27a4-11ef-a052-05d5583f7ae4,Player_9c1a16,,,908fbc20-f5c7-11ee-a306-c311afc28263,2024,REG,,,,,,,,,2026-04-16 13:54:04.522406+00:00
9c1a16d0-27a4-11ef-a052-05d5583f7ae4,Player_9c1a16,,,754e4990-efc7-11ef-bb2a-5d2d22b9215e,2025,REG,,,,,,,,,2026-04-16 13:54:04.522414+00:00
9ed55760-7c8d-11f0-a90c-e39406096da4,Player_9ed557,,,754e4990-efc7-11ef-bb2a-5d2d22b9215e,2025,REG,,,,,,,,,2026-04-16 13:54:06.340378+00:00
a1260010-91d0-11ec-8160-e9ab30ce3cc4,Player_a12600,,,f58c6dbf-9dfe-487e-8b0b-af66af887206,2023,REG,,,,,,,,,2026-04-16 13:54:08.164194+00:00
a1260010-91d0-11ec-8160-e9ab30ce3cc4,Player_a12600,,,908fbc20-f5c7-11ee-a306-c311afc28263,2024,REG,,,,,,,,,2026-04-16 13:54:08.164202+00:00
a1260010-91d0-11ec-8160-e9ab30ce3cc4,Player_a12600,,,754e4990-efc7-11ef-bb2a-5d2d22b9215e,2025,REG,,,,,,,,,2026-04-16 13:54:08.164205+00:00
a9df7310-8f4d-11ec-9f33-1965c9c46e44,Player_a9df73,,,ff53e5e4-10ef-4842-a0b7-b489956fa07e,2022,REG,,,,,,,,,2026-04-16 13:54:09.984208+00:00
a9df7310-8f4d-11ec-9f33-1965c9c46e44,Player_a9df73,,,f58c6dbf-9dfe-487e-8b0b-af66af887206,2023,REG,,,,,,,,,2026-04-16 13:54:09.984215+00:00
a9df7310-8f4d-11ec-9f33-1965c9c46e44,Player_a9df73,,,908fbc20-f5c7-11ee-a306-c311afc28263,2024,REG,,,,,,,,,2026-04-16 13:54:09.984218+00:00
a9df7310-8f4d-11ec-9f33-1965c9c46e44,Player_a9df73,,,754e4990-efc7-11ef-bb2a-5d2d22b9215e,2025,REG,,,,,,,,,2026-04-16 13:54:09.984220+00:00
ac7ff12e-185a-4496-9cc3-1717966ca4f3,Player_ac7ff1,,,17d91be7-4bd3-4407-80e2-eca205c9284a,2020,REG,,,,,,,,,2026-04-16 13:54:11.785818+00:00
ac7ff12e-185a-4496-9cc3-1717966ca4f3,Player_ac7ff1,,,d1132b13-2c29-4e6d-9011-b627c7fd9a17,2021,REG,,,,,,,,,2026-04-16 13:54:11.785828+00:00
ac7ff12e-185a-4496-9cc3-1717966ca4f3,Player_ac7ff1,,,ff53e5e4-10ef-4842-a0b7-b489956fa07e,2022,REG,,,,,,,,,2026-04-16 13:54:11.785833+00:00
ac7ff12e-185a-4496-9cc3-1717966ca4f3,Player_ac7ff1,,,f58c6dbf-9dfe-487e-8b0b-af66af887206,2023,REG,,,,,,,,,2026-04-16 13:54:11.785837+00:00
ac7ff12e-185a-4496-9cc3-1717966ca4f3,Player_ac7ff1,,,908fbc20-f5c7-11ee-a306-c311afc28263,2024,REG,,,,,,,,,2026-04-16 13:54:11.785841+00:00
ac7ff12e-185a-4496-9cc3-1717966ca4f3,Player_ac7ff1,,,754e4990-efc7-11ef-bb2a-5d2d22b9215e,2025,REG,,,,,,,,,2026-04-16 13:54:11.785846+00:00
b10e2df0-8f68-11ec-8556-6fa97bcffaf0,Player_b10e2d,,,ff53e5e4-10ef-4842-a0b7-b489956fa07e,2022,REG,,,,,,,,,2026-04-16 13:54:13.608402+00:00
b10e2df0-8f68-11ec-8556-6fa97bcffaf0,Player_b10e2d,,,f58c6dbf-9dfe-487e-8b0b-af66af887206,2023,REG,,,,,,,,,2026-04-16 13:54:13.608412+00:00
b10e2df0-8f68-11ec-8556-6fa97bcffaf0,Player_b10e2d,,,908fbc20-f5c7-11ee-a306-c311afc28263,2024,REG,,,,,,,,,2026-04-16 13:54:13.608416+00:00
b10e2df0-8f68-11ec-8556-6fa97bcffaf0,Player_b10e2d,,,754e4990-efc7-11ef-bb2a-5d2d22b9215e,2025,REG,,,,,,,,,2026-04-16 13:54:13.608420+00:00
b20183e0-9424-11ec-a0a0-bfb4bc95dfd2,Player_b20183,,,ff53e5e4-10ef-4842-a0b7-b489956fa07e,2022,REG,,,,,,,,,2026-04-16 13:54:15.426838+00:00
b20183e0-9424-11ec-a0a0-bfb4bc95dfd2,Player_b20183,,,f58c6dbf-9dfe-487e-8b0b-af66af887206,2023,REG,,,,,,,,,2026-04-16 13:54:15.426847+00:00
b20183e0-9424-11ec-a0a0-bfb4bc95dfd2,Player_b20183,,,908fbc20-f5c7-11ee-a306-c311afc28263,2024,REG,,,,,,,,,2026-04-16 13:54:15.426850+00:00
b20183e0-9424-11ec-a0a0-bfb4bc95dfd2,Player_b20183,,,754e4990-efc7-11ef-bb2a-5d2d22b9215e,2025,REG,,,,,,,,,2026-04-16 13:54:15.426852+00:00
b275c520-4268-11f0-bfa4-359ba2a687ff,Player_b275c5,,,754e4990-efc7-11ef-bb2a-5d2d22b9215e,2025,REG,,,,,,,,,2026-04-16 13:54:17.244072+00:00
b494d312-2770-4bb5-a358-bd7cdeb42b05,Player_b494d3,,,a89f105a-fe49-4331-b638-4ee12dae0493,2019,REG,,,,,,,,,2026-04-16 13:54:19.098573+00:00
b494d312-2770-4bb5-a358-bd7cdeb42b05,Player_b494d3,,,17d91be7-4bd3-4407-80e2-eca205c9284a,2020,REG,,,,,,,,,2026-04-16 13:54:19.098604+00:00
b494d312-2770-4bb5-a358-bd7cdeb42b05,Player_b494d3,,,d1132b13-2c29-4e6d-9011-b627c7fd9a17,2021,REG,,,,,,,,,2026-04-16 13:54:19.098608+00:00
b494d312-2770-4bb5-a358-bd7cdeb42b05,Player_b494d3,,,ff53e5e4-10ef-4842-a0b7-b489956fa07e,2022,REG,,,,,,,,,2026-04-16 13:54:19.098611+00:00
b494d312-2770-4bb5-a358-bd7cdeb42b05,Player_b494d3,,,f58c6dbf-9dfe-487e-8b0b-af66af887206,2023,REG,,,,,,,,,2026-04-16 13:54:19.098613+00:00
b494d312-2770-4bb5-a358-bd7cdeb42b05,Player_b494d3,,,908fbc20-f5c7-11ee-a306-c311afc28263,2024,REG,,,,,,,,,2026-04-16 13:54:19.098615+00:00
b494d312-2770-4bb5-a358-bd7cdeb42b05,Player_b494d3,,,754e4990-efc7-11ef-bb2a-5d2d22b9215e,2025,REG,,,,,,,,,2026-04-16 13:54:19.098617+00:00
b8b0b110-1b91-11ef-882f-2da870f232bf,Player_b8b0b1,,,908fbc20-f5c7-11ee-a306-c311afc28263,2024,REG,,,,,,,,,2026-04-16 13:54:20.938924+00:00
b8b0b110-1b91-11ef-882f-2da870f232bf,Player_b8b0b1,,,754e4990-efc7-11ef-bb2a-5d2d22b9215e,2025,REG,,,,,,,,,2026-04-16 13:54:20.938932+00:00
baa59b20-4269-11f0-918d-a505378136e2,Player_baa59b,,,754e4990-efc7-11ef-bb2a-5d2d22b9215e,2025,REG,,,,,,,,,2026-04-16 13:54:22.775151+00:00
bc0bbf30-08fc-11ec-b8fa-57b2949e3d13,Player_bc0bbf,,,d1132b13-2c29-4e6d-9011-b627c7fd9a17,2021,REG,,,,,,,,,2026-04-16 13:54:24.589336+00:00
bc0bbf30-08fc-11ec-b8fa-57b2949e3d13,Player_bc0bbf,,,ff53e5e4-10ef-4842-a0b7-b489956fa07e,2022,REG,,,,,,,,,2026-04-16 13:54:24.589344+00:00
bc0bbf30-08fc-11ec-b8fa-57b2949e3d13,Player_bc0bbf,,,f58c6dbf-9dfe-487e-8b0b-af66af887206,2023,REG,,,,,,,,,2026-04-16 13:54:24.589347+00:00
bc0bbf30-08fc-11ec-b8fa-57b2949e3d13,Player_bc0bbf,,,908fbc20-f5c7-11ee-a306-c311afc28263,2024,REG,,,,,,,,,2026-04-16 13:54:24.589349+00:00
bc0bbf30-08fc-11ec-b8fa-57b2949e3d13,Player_bc0bbf,,,754e4990-efc7-11ef-bb2a-5d2d22b9215e,2025,REG,,,,,,,,,2026-04-16 13:54:24.589351+00:00
bc9211c0-427d-11f0-bb14-959b9fa4cf5e,Player_bc9211,,,754e4990-efc7-11ef-bb2a-5d2d22b9215e,2025,REG,,,,,,,,,2026-04-16 13:54:26.393223+00:00
c1f85e10-eac5-11ed-8f90-95a871398acf,Player_c1f85e,,,f58c6dbf-9dfe-487e-8b0b-af66af887206,2023,REG,,,,,,,,,2026-04-16 13:54:28.256894+00:00
c1f85e10-eac5-11ed-8f90-95a871398acf,Player_c1f85e,,,908fbc20-f5c7-11ee-a306-c311afc28263,2024,REG,,,,,,,,,2026-04-16 13:54:28.256902+00:00
c1f85e10-eac5-11ed-8f90-95a871398acf,Player_c1f85e,,,754e4990-efc7-11ef-bb2a-5d2d22b9215e,2025,REG,,,,,,,,,2026-04-16 13:54:28.256904+00:00
c55f4790-9b78-11ed-b8e3-1513ed7922ab,Player_c55f47,,,f58c6dbf-9dfe-487e-8b0b-af66af887206,2023,REG,,,,,,,,,2026-04-16 13:54:30.074108+00:00
c55f4790-9b78-11ed-b8e3-1513ed7922ab,Player_c55f47,,,908fbc20-f5c7-11ee-a306-c311afc28263,2024,REG,,,,,,,,,2026-04-16 13:54:30.074117+00:00
c55f4790-9b78-11ed-b8e3-1513ed7922ab,Player_c55f47,,,754e4990-efc7-11ef-bb2a-5d2d22b9215e,2025,REG,,,,,,,,,2026-04-16 13:54:30.074120+00:00
c5a2add0-425d-11f0-934d-f7e9e71fee1e,Player_c5a2ad,,,754e4990-efc7-11ef-bb2a-5d2d22b9215e,2025,REG,,,,,,,,,2026-04-16 13:54:31.883973+00:00
c8484ba0-a4c0-11ec-b346-69864c4e95e6,Player_c8484b,,,ff53e5e4-10ef-4842-a0b7-b489956fa07e,2022,REG,,,,,,,,,2026-04-16 13:54:33.680209+00:00
c8484ba0-a4c0-11ec-b346-69864c4e95e6,Player_c8484b,,,f58c6dbf-9dfe-487e-8b0b-af66af887206,2023,REG,,,,,,,,,2026-04-16 13:54:33.680217+00:00
c8484ba0-a4c0-11ec-b346-69864c4e95e6,Player_c8484b,,,908fbc20-f5c7-11ee-a306-c311afc28263,2024,REG,,,,,,,,,2026-04-16 13:54:33.680220+00:00
c8484ba0-a4c0-11ec-b346-69864c4e95e6,Player_c8484b,,,754e4990-efc7-11ef-bb2a-5d2d22b9215e,2025,REG,,,,,,,,,2026-04-16 13:54:33.680222+00:00
d0e34030-42b2-11ee-996a-6deae86de19e,Player_d0e340,,,f58c6dbf-9dfe-487e-8b0b-af66af887206,2023,REG,,,,,,,,,2026-04-16 13:54:35.526881+00:00
d0e34030-42b2-11ee-996a-6deae86de19e,Player_d0e340,,,908fbc20-f5c7-11ee-a306-c311afc28263,2024,REG,,,,,,,,,2026-04-16 13:54:35.526891+00:00
d0e34030-42b2-11ee-996a-6deae86de19e,Player_d0e340,,,754e4990-efc7-11ef-bb2a-5d2d22b9215e,2025,REG,,,,,,,,,2026-04-16 13:54:35.526896+00:00
d13b63a0-b93c-11ed-bee0-c37cad6c899f,Player_d13b63,,,f58c6dbf-9dfe-487e-8b0b-af66af887206,2023,REG,,,,,,,,,2026-04-16 13:54:37.343889+00:00
d13b63a0-b93c-11ed-bee0-c37cad6c899f,Player_d13b63,,,908fbc20-f5c7-11ee-a306-c311afc28263,2024,REG,,,,,,,,,2026-04-16 13:54:37.343897+00:00
d13b63a0-b93c-11ed-bee0-c37cad6c899f,Player_d13b63,,,754e4990-efc7-11ef-bb2a-5d2d22b9215e,2025,REG,,,,,,,,,2026-04-16 13:54:37.343901+00:00
d1c9ef30-427e-11f0-9b41-652b68b87d0c,Player_d1c9ef,,,754e4990-efc7-11ef-bb2a-5d2d22b9215e,2025,REG,,,,,,,,,2026-04-16 13:54:39.167189+00:00
d2b815d7-f782-405c-a89a-67622a720afb,Player_d2b815,,,17d91be7-4bd3-4407-80e2-eca205c9284a,2020,REG,,,,,,,,,2026-04-16 13:54:40.972022+00:00
d2b815d7-f782-405c-a89a-67622a720afb,Player_d2b815,,,d1132b13-2c29-4e6d-9011-b627c7fd9a17,2021,REG,,,,,,,,,2026-04-16 13:54:40.972031+00:00
d2b815d7-f782-405c-a89a-67622a720afb,Player_d2b815,,,ff53e5e4-10ef-4842-a0b7-b489956fa07e,2022,REG,,,,,,,,,2026-04-16 13:54:40.972033+00:00
d2b815d7-f782-405c-a89a-67622a720afb,Player_d2b815,,,f58c6dbf-9dfe-487e-8b0b-af66af887206,2023,REG,,,,,,,,,2026-04-16 13:54:40.972036+00:00
d2b815d7-f782-405c-a89a-67622a720afb,Player_d2b815,,,908fbc20-f5c7-11ee-a306-c311afc28263,2024,REG,,,,,,,,,2026-04-16 13:54:40.972038+00:00
d2b815d7-f782-405c-a89a-67622a720afb,Player_d2b815,,,754e4990-efc7-11ef-bb2a-5d2d22b9215e,2025,REG,,,,,,,,,2026-04-16 13:54:40.972041+00:00
d99d1bf0-edd2-11ec-ac19-034706ab1ca4,Player_d99d1b,,,ff53e5e4-10ef-4842-a0b7-b489956fa07e,2022,REG,,,,,,,,,2026-04-16 13:54:42.773771+00:00
d99d1bf0-edd2-11ec-ac19-034706ab1ca4,Player_d99d1b,,,f58c6dbf-9dfe-487e-8b0b-af66af887206,2023,REG,,,,,,,,,2026-04-16 13:54:42.773780+00:00
d99d1bf0-edd2-11ec-ac19-034706ab1ca4,Player_d99d1b,,,908fbc20-f5c7-11ee-a306-c311afc28263,2024,REG,,,,,,,,,2026-04-16 13:54:42.773782+00:00
d99d1bf0-edd2-11ec-ac19-034706ab1ca4,Player_d99d1b,,,754e4990-efc7-11ef-bb2a-5d2d22b9215e,2025,REG,,,,,,,,,2026-04-16 13:54:42.773784+00:00
d9b099a0-19d6-11ef-bb12-b104ac890a9c,Player_d9b099,,,908fbc20-f5c7-11ee-a306-c311afc28263,2024,REG,,,,,,,,,2026-04-16 13:54:44.574776+00:00
d9b099a0-19d6-11ef-bb12-b104ac890a9c,Player_d9b099,,,754e4990-efc7-11ef-bb2a-5d2d22b9215e,2025,REG,,,,,,,,,2026-04-16 13:54:44.574784+00:00
d9f6ff50-37b7-11ee-931c-8fb5c3eda51c,Player_d9f6ff,,,f58c6dbf-9dfe-487e-8b0b-af66af887206,2023,REG,,,,,,,,,2026-04-16 13:54:46.407344+00:00
d9f6ff50-37b7-11ee-931c-8fb5c3eda51c,Player_d9f6ff,,,908fbc20-f5c7-11ee-a306-c311afc28263,2024,REG,,,,,,,,,2026-04-16 13:54:46.407354+00:00
d9f6ff50-37b7-11ee-931c-8fb5c3eda51c,Player_d9f6ff,,,754e4990-efc7-11ef-bb2a-5d2d22b9215e,2025,REG,,,,,,,,,2026-04-16 13:54:46.407360+00:00
e4958690-ff94-11ec-8cae-d9ab5518792a,Player_e49586,,,ff53e5e4-10ef-4842-a0b7-b489956fa07e,2022,REG,,,,,,,,,2026-04-16 13:54:48.230099+00:00
e4958690-ff94-11ec-8cae-d9ab5518792a,Player_e49586,,,754e4990-efc7-11ef-bb2a-5d2d22b9215e,2025,REG,,,,,,,,,2026-04-16 13:54:48.230107+00:00
e7e898d0-85e8-11ec-85cd-e5aab2bdaefb,Player_e7e898,,,ff53e5e4-10ef-4842-a0b7-b489956fa07e,2022,REG,,,,,,,,,2026-04-16 13:54:50.037805+00:00
e7e898d0-85e8-11ec-85cd-e5aab2bdaefb,Player_e7e898,,,f58c6dbf-9dfe-487e-8b0b-af66af887206,2023,REG,,,,,,,,,2026-04-16 13:54:50.037814+00:00
e7e898d0-85e8-11ec-85cd-e5aab2bdaefb,Player_e7e898,,,908fbc20-f5c7-11ee-a306-c311afc28263,2024,REG,,,,,,,,,2026-04-16 13:54:50.037817+00:00
e7e898d0-85e8-11ec-85cd-e5aab2bdaefb,Player_e7e898,,,754e4990-efc7-11ef-bb2a-5d2d22b9215e,2025,REG,,,,,,,,,2026-04-16 13:54:50.037819+00:00
eadee650-8f68-11ec-8556-6fa97bcffaf0,Player_eadee6,,,ff53e5e4-10ef-4842-a0b7-b489956fa07e,2022,REG,,,,,,,,,2026-04-16 13:54:51.971635+00:00
eadee650-8f68-11ec-8556-6fa97bcffaf0,Player_eadee6,,,f58c6dbf-9dfe-487e-8b0b-af66af887206,2023,REG,,,,,,,,,2026-04-16 13:54:51.971645+00:00
eadee650-8f68-11ec-8556-6fa97bcffaf0,Player_eadee6,,,908fbc20-f5c7-11ee-a306-c311afc28263,2024,REG,,,,,,,,,2026-04-16 13:54:51.971649+00:00
eadee650-8f68-11ec-8556-6fa97bcffaf0,Player_eadee6,,,754e4990-efc7-11ef-bb2a-5d2d22b9215e,2025,REG,,,,,,,,,2026-04-16 13:54:51.971653+00:00
f04629f0-9d09-11ed-b6b0-219682d17820,Player_f04629,,,f58c6dbf-9dfe-487e-8b0b-af66af887206,2023,REG,,,,,,,,,2026-04-16 13:54:53.781516+00:00
f04629f0-9d09-11ed-b6b0-219682d17820,Player_f04629,,,908fbc20-f5c7-11ee-a306-c311afc28263,2024,REG,,,,,,,,,2026-04-16 13:54:53.781525+00:00
f04629f0-9d09-11ed-b6b0-219682d17820,Player_f04629,,,754e4990-efc7-11ef-bb2a-5d2d22b9215e,2025,REG,,,,,,,,,2026-04-16 13:54:53.781528+00:00
f1402da0-d785-11ec-8cf2-07fbff125628,Player_f1402d,,,ff53e5e4-10ef-4842-a0b7-b489956fa07e,2022,REG,,,,,,,,,2026-04-16 13:54:55.591260+00:00
f1402da0-d785-11ec-8cf2-07fbff125628,Player_f1402d,,,f58c6dbf-9dfe-487e-8b0b-af66af887206,2023,REG,,,,,,,,,2026-04-16 13:54:55.591267+00:00
f1402da0-d785-11ec-8cf2-07fbff125628,Player_f1402d,,,908fbc20-f5c7-11ee-a306-c311afc28263,2024,REG,,,,,,,,,2026-04-16 13:54:55.591270+00:00
f1402da0-d785-11ec-8cf2-07fbff125628,Player_f1402d,,,754e4990-efc7-11ef-bb2a-5d2d22b9215e,2025,REG,,,,,,,,,2026-04-16 13:54:55.591272+00:00
f34dbb10-a668-11ec-92a5-573ac41867f7,Player_f34dbb,,,ff53e5e4-10ef-4842-a0b7-b489956fa07e,2022,REG,,,,,,,,,2026-04-16 13:54:57.374898+00:00
f34dbb10-a668-11ec-92a5-573ac41867f7,Player_f34dbb,,,f58c6dbf-9dfe-487e-8b0b-af66af887206,2023,REG,,,,,,,,,2026-04-16 13:54:57.374906+00:00
f34dbb10-a668-11ec-92a5-573ac41867f7,Player_f34dbb,,,908fbc20-f5c7-11ee-a306-c311afc28263,2024,REG,,,,,,,,,2026-04-16 13:54:57.374909+00:00
f34dbb10-a668-11ec-92a5-573ac41867f7,Player_f34dbb,,,754e4990-efc7-11ef-bb2a-5d2d22b9215e,2025,REG,,,,,,,,,2026-04-16 13:54:57.374912+00:00
f3bf5cb0-b580-11ee-b40e-f93ca78b0985,Player_f3bf5c,,,908fbc20-f5c7-11ee-a306-c311afc28263,2024,REG,,,,,,,,,2026-04-16 13:54:59.224963+00:00
f3bf5cb0-b580-11ee-b40e-f93ca78b0985,Player_f3bf5c,,,754e4990-efc7-11ef-bb2a-5d2d22b9215e,2025,REG,,,,,,,,,2026-04-16 13:54:59.224975+00:00
f67abe20-8f69-11ec-8556-6fa97bcffaf0,Player_f67abe,,,ff53e5e4-10ef-4842-a0b7-b489956fa07e,2022,REG,,,,,,,,,2026-04-16 13:55:00.995438+00:00
f67abe20-8f69-11ec-8556-6fa97bcffaf0,Player_f67abe,,,f58c6dbf-9dfe-487e-8b0b-af66af887206,2023,REG,,,,,,,,,2026-04-16 13:55:00.995446+00:00
f67abe20-8f69-11ec-8556-6fa97bcffaf0,Player_f67abe,,,908fbc20-f5c7-11ee-a306-c311afc28263,2024,REG,,,,,,,,,2026-04-16 13:55:00.995448+00:00
f67abe20-8f69-11ec-8556-6fa97bcffaf0,Player_f67abe,,,754e4990-efc7-11ef-bb2a-5d2d22b9215e,2025,REG,,,,,,,,,2026-04-16 13:55:00.995451+00:00
f69fda60-810b-11f0-aa49-29c031b71a35,Player_f69fda,,,754e4990-efc7-11ef-bb2a-5d2d22b9215e,2025,REG,,,,,,,,,2026-04-16 13:55:02.832815+00:00
f6c6e160-7c8c-11f0-a90c-e39406096da4,Player_f6c6e1,,,754e4990-efc7-11ef-bb2a-5d2d22b9215e,2025,REG,,,,,,,,,2026-04-16 13:55:04.648521+00:00
f70e8610-983b-11ed-b515-b9f449cb451d,Player_f70e86,,,f58c6dbf-9dfe-487e-8b0b-af66af887206,2023,REG,,,,,,,,,2026-04-16 13:55:06.565285+00:00
f70e8610-983b-11ed-b515-b9f449cb451d,Player_f70e86,,,908fbc20-f5c7-11ee-a306-c311afc28263,2024,REG,,,,,,,,,2026-04-16 13:55:06.565305+00:00
f70e8610-983b-11ed-b515-b9f449cb451d,Player_f70e86,,,754e4990-efc7-11ef-bb2a-5d2d22b9215e,2025,REG,,,,,,,,,2026-04-16 13:55:06.565309+00:00
f7b918f0-d0f2-11ee-97f5-3f56e685e648,Player_f7b918,,,908fbc20-f5c7-11ee-a306-c311afc28263,2024,REG,,,,,,,,,2026-04-16 13:55:08.618438+00:00
f7b918f0-d0f2-11ee-97f5-3f56e685e648,Player_f7b918,,,754e4990-efc7-11ef-bb2a-5d2d22b9215e,2025,REG,,,,,,,,,2026-04-16 13:55:08.618446+00:00
f998c540-37ae-11ee-931c-8fb5c3eda51c,Player_f998c5,,,f58c6dbf-9dfe-487e-8b0b-af66af887206,2023,REG,,,,,,,,,2026-04-16 13:55:10.497777+00:00
f998c540-37ae-11ee-931c-8fb5c3eda51c,Player_f998c5,,,908fbc20-f5c7-11ee-a306-c311afc28263,2024,REG,,,,,,,,,2026-04-16 13:55:10.497788+00:00
f998c540-37ae-11ee-931c-8fb5c3eda51c,Player_f998c5,,,754e4990-efc7-11ef-bb2a-5d2d22b9215e,2025,REG,,,,,,,,,2026-04-16 13:55:10.497793+00:00
f9db7c60-6fa6-11ef-b926-f76b2264ef08,Player_f9db7c,,,908fbc20-f5c7-11ee-a306-c311afc28263,2024,REG,,,,,,,,,2026-04-16 13:55:12.501132+00:00
f9db7c60-6fa6-11ef-b926-f76b2264ef08,Player_f9db7c,,,754e4990-efc7-11ef-bb2a-5d2d22b9215e,2025,REG,,,,,,,,,2026-04-16 13:55:12.501144+00:00
fe685aa0-4264-11f0-b241-e77944236d7c,Player_fe685a,,,754e4990-efc7-11ef-bb2a-5d2d22b9215e,2025,REG,,,,,,,,,2026-04-16 13:55:14.453390+00:00
001576c0-139b-11ef-9335-d1cdfba8ea86,Player_001576,,,908fbc20-f5c7-11ee-a306-c311afc28263,2024,REG,,,,,,,,,2026-04-16 13:55:16.286960+00:00
001576c0-139b-11ef-9335-d1cdfba8ea86,Player_001576,,,754e4990-efc7-11ef-bb2a-5d2d22b9215e,2025,REG,,,,,,,,,2026-04-16 13:55:16.286968+00:00
015f9cb0-a275-11ed-8f2b-f3e5e15ec7fb,Player_015f9c,,,f58c6dbf-9dfe-487e-8b0b-af66af887206,2023,REG,,,,,,,,,2026-04-16 13:55:18.131301+00:00
015f9cb0-a275-11ed-8f2b-f3e5e15ec7fb,Player_015f9c,,,908fbc20-f5c7-11ee-a306-c311afc28263,2024,REG,,,,,,,,,2026-04-16 13:55:18.131388+00:00
015f9cb0-a275-11ed-8f2b-f3e5e15ec7fb,Player_015f9c,,,754e4990-efc7-11ef-bb2a-5d2d22b9215e,2025,REG,,,,,,,,,2026-04-16 13:55:18.131391+00:00
027e79d0-9867-11ed-88ac-030429d87b17,Player_027e79,,,f58c6dbf-9dfe-487e-8b0b-af66af887206,2023,REG,,,,,,,,,2026-04-16 13:55:19.932626+00:00
027e79d0-9867-11ed-88ac-030429d87b17,Player_027e79,,,908fbc20-f5c7-11ee-a306-c311afc28263,2024,REG,,,,,,,,,2026-04-16 13:55:19.932635+00:00
027e79d0-9867-11ed-88ac-030429d87b17,Player_027e79,,,754e4990-efc7-11ef-bb2a-5d2d22b9215e,2025,REG,,,,,,,,,2026-04-16 13:55:19.932637+00:00
097cb2ed-c95b-42fd-a056-8c83a40973e9,Player_097cb2,,,17d91be7-4bd3-4407-80e2-eca205c9284a,2020,REG,,,,,,,,,2026-04-16 13:55:21.741220+00:00
097cb2ed-c95b-42fd-a056-8c83a40973e9,Player_097cb2,,,d1132b13-2c29-4e6d-9011-b627c7fd9a17,2021,REG,,,,,,,,,2026-04-16 13:55:21.741231+00:00
097cb2ed-c95b-42fd-a056-8c83a40973e9,Player_097cb2,,,ff53e5e4-10ef-4842-a0b7-b489956fa07e,2022,REG,,,,,,,,,2026-04-16 13:55:21.741236+00:00
097cb2ed-c95b-42fd-a056-8c83a40973e9,Player_097cb2,,,f58c6dbf-9dfe-487e-8b0b-af66af887206,2023,REG,,,,,,,,,2026-04-16 13:55:21.741240+00:00
097cb2ed-c95b-42fd-a056-8c83a40973e9,Player_097cb2,,,908fbc20-f5c7-11ee-a306-c311afc28263,2024,REG,,,,,,,,,2026-04-16 13:55:21.741245+00:00
097cb2ed-c95b-42fd-a056-8c83a40973e9,Player_097cb2,,,754e4990-efc7-11ef-bb2a-5d2d22b9215e,2025,REG,,,,,,,,,2026-04-16 13:55:21.741249+00:00
09e36060-f893-11ec-8190-074ed0b20d38,Player_09e360,,,ff53e5e4-10ef-4842-a0b7-b489956fa07e,2022,REG,,,,,,,,,2026-04-16 13:55:23.570395+00:00
09e36060-f893-11ec-8190-074ed0b20d38,Player_09e360,,,f58c6dbf-9dfe-487e-8b0b-af66af887206,2023,REG,,,,,,,,,2026-04-16 13:55:23.570403+00:00
09e36060-f893-11ec-8190-074ed0b20d38,Player_09e360,,,908fbc20-f5c7-11ee-a306-c311afc28263,2024,REG,,,,,,,,,2026-04-16 13:55:23.570406+00:00
09e36060-f893-11ec-8190-074ed0b20d38,Player_09e360,,,754e4990-efc7-11ef-bb2a-5d2d22b9215e,2025,REG,,,,,,,,,2026-04-16 13:55:23.570408+00:00
0a553a00-c5c9-11ee-bbc7-a52b27e3c1e2,Player_0a553a,,,908fbc20-f5c7-11ee-a306-c311afc28263,2024,REG,,,,,,,,,2026-04-16 13:55:25.405960+00:00
0a553a00-c5c9-11ee-bbc7-a52b27e3c1e2,Player_0a553a,,,754e4990-efc7-11ef-bb2a-5d2d22b9215e,2025,REG,,,,,,,,,2026-04-16 13:55:25.405968+00:00
0a60d230-37c0-11ee-8aad-e574e8ef7217,Player_0a60d2,,,f58c6dbf-9dfe-487e-8b0b-af66af887206,2023,REG,,,,,,,,,2026-04-16 13:55:27.263742+00:00
0a60d230-37c0-11ee-8aad-e574e8ef7217,Player_0a60d2,,,908fbc20-f5c7-11ee-a306-c311afc28263,2024,REG,,,,,,,,,2026-04-16 13:55:27.263751+00:00
0a60d230-37c0-11ee-8aad-e574e8ef7217,Player_0a60d2,,,754e4990-efc7-11ef-bb2a-5d2d22b9215e,2025,REG,,,,,,,,,2026-04-16 13:55:27.263753+00:00
0bfaa4b0-37c3-11ee-8aad-e574e8ef7217,Player_0bfaa4,,,f58c6dbf-9dfe-487e-8b0b-af66af887206,2023,REG,,,,,,,,,2026-04-16 13:55:29.389892+00:00
0bfaa4b0-37c3-11ee-8aad-e574e8ef7217,Player_0bfaa4,,,908fbc20-f5c7-11ee-a306-c311afc28263,2024,REG,,,,,,,,,2026-04-16 13:55:29.389900+00:00
0bfaa4b0-37c3-11ee-8aad-e574e8ef7217,Player_0bfaa4,,,754e4990-efc7-11ef-bb2a-5d2d22b9215e,2025,REG,,,,,,,,,2026-04-16 13:55:29.389902+00:00
0f4fdc10-30d3-11f0-b2d4-015799b0b751,Player_0f4fdc,,,754e4990-efc7-11ef-bb2a-5d2d22b9215e,2025,REG,,,,,,,,,2026-04-16 13:55:31.267657+00:00
0febff90-30d4-11f0-b2d4-015799b0b751,Player_0febff,,,754e4990-efc7-11ef-bb2a-5d2d22b9215e,2025,REG,,,,,,,,,2026-04-16 13:55:33.209525+00:00
14d10fe0-9033-11ec-8556-6fa97bcffaf0,Player_14d10f,,,ff53e5e4-10ef-4842-a0b7-b489956fa07e,2022,REG,,,,,,,,,2026-04-16 13:55:35.067028+00:00
14d10fe0-9033-11ec-8556-6fa97bcffaf0,Player_14d10f,,,f58c6dbf-9dfe-487e-8b0b-af66af887206,2023,REG,,,,,,,,,2026-04-16 13:55:35.067039+00:00
14d10fe0-9033-11ec-8556-6fa97bcffaf0,Player_14d10f,,,908fbc20-f5c7-11ee-a306-c311afc28263,2024,REG,,,,,,,,,2026-04-16 13:55:35.067043+00:00
14d10fe0-9033-11ec-8556-6fa97bcffaf0,Player_14d10f,,,754e4990-efc7-11ef-bb2a-5d2d22b9215e,2025,REG,,,,,,,,,2026-04-16 13:55:35.067047+00:00
15e0bf30-a274-11ed-8f2b-f3e5e15ec7fb,Player_15e0bf,,,f58c6dbf-9dfe-487e-8b0b-af66af887206,2023,REG,,,,,,,,,2026-04-16 13:55:36.984761+00:00
15e0bf30-a274-11ed-8f2b-f3e5e15ec7fb,Player_15e0bf,,,908fbc20-f5c7-11ee-a306-c311afc28263,2024,REG,,,,,,,,,2026-04-16 13:55:36.984770+00:00
15e0bf30-a274-11ed-8f2b-f3e5e15ec7fb,Player_15e0bf,,,754e4990-efc7-11ef-bb2a-5d2d22b9215e,2025,REG,,,,,,,,,2026-04-16 13:55:36.984773+00:00
1a9ba170-8e8e-11ec-8d02-85ead82574a9,Player_1a9ba1,,,ff53e5e4-10ef-4842-a0b7-b489956fa07e,2022,REG,,,,,,,,,2026-04-16 13:55:38.979928+00:00
1a9ba170-8e8e-11ec-8d02-85ead82574a9,Player_1a9ba1,,,f58c6dbf-9dfe-487e-8b0b-af66af887206,2023,REG,,,,,,,,,2026-04-16 13:55:38.979936+00:00
1a9ba170-8e8e-11ec-8d02-85ead82574a9,Player_1a9ba1,,,908fbc20-f5c7-11ee-a306-c311afc28263,2024,REG,,,,,,,,,2026-04-16 13:55:38.979941+00:00
1a9ba170-8e8e-11ec-8d02-85ead82574a9,Player_1a9ba1,,,754e4990-efc7-11ef-bb2a-5d2d22b9215e,2025,REG,,,,,,,,,2026-04-16 13:55:38.979945+00:00
1b659870-68f3-11f0-bb08-7d75260c62f7,Player_1b6598,,,754e4990-efc7-11ef-bb2a-5d2d22b9215e,2025,REG,,,,,,,,,2026-04-16 13:55:40.800348+00:00
1b6db4a0-58c9-11ef-a260-5771b46d1c81,Player_1b6db4,,,908fbc20-f5c7-11ee-a306-c311afc28263,2024,REG,,,,,,,,,2026-04-16 13:55:42.590178+00:00
1b6db4a0-58c9-11ef-a260-5771b46d1c81,Player_1b6db4,,,754e4990-efc7-11ef-bb2a-5d2d22b9215e,2025,REG,,,,,,,,,2026-04-16 13:55:42.590186+00:00
1bfa4f20-58c7-11ef-9b3b-c731cdaeaa58,Player_1bfa4f,,,908fbc20-f5c7-11ee-a306-c311afc28263,2024,REG,,,,,,,,,2026-04-16 13:55:44.434067+00:00
1bfa4f20-58c7-11ef-9b3b-c731cdaeaa58,Player_1bfa4f,,,754e4990-efc7-11ef-bb2a-5d2d22b9215e,2025,REG,,,,,,,,,2026-04-16 13:55:44.434074+00:00
1cc99200-c5c7-11ee-bbc7-a52b27e3c1e2,Player_1cc992,,,908fbc20-f5c7-11ee-a306-c311afc28263,2024,REG,,,,,,,,,2026-04-16 13:55:46.246172+00:00
1cc99200-c5c7-11ee-bbc7-a52b27e3c1e2,Player_1cc992,,,754e4990-efc7-11ef-bb2a-5d2d22b9215e,2025,REG,,,,,,,,,2026-04-16 13:55:46.246184+00:00
1cd5b461-ae1c-4b02-a1a4-b44f225cf465,Player_1cd5b4,,,a89f105a-fe49-4331-b638-4ee12dae0493,2019,REG,,,,,,,,,2026-04-16 13:55:48.060214+00:00
1cd5b461-ae1c-4b02-a1a4-b44f225cf465,Player_1cd5b4,,,17d91be7-4bd3-4407-80e2-eca205c9284a,2020,REG,,,,,,,,,2026-04-16 13:55:48.060223+00:00
1cd5b461-ae1c-4b02-a1a4-b44f225cf465,Player_1cd5b4,,,d1132b13-2c29-4e6d-9011-b627c7fd9a17,2021,REG,,,,,,,,,2026-04-16 13:55:48.060225+00:00
1cd5b461-ae1c-4b02-a1a4-b44f225cf465,Player_1cd5b4,,,ff53e5e4-10ef-4842-a0b7-b489956fa07e,2022,REG,,,,,,,,,2026-04-16 13:55:48.060228+00:00
1cd5b461-ae1c-4b02-a1a4-b44f225cf465,Player_1cd5b4,,,f58c6dbf-9dfe-487e-8b0b-af66af887206,2023,REG,,,,,,,,,2026-04-16 13:55:48.060230+00:00
1cd5b461-ae1c-4b02-a1a4-b44f225cf465,Player_1cd5b4,,,908fbc20-f5c7-11ee-a306-c311afc28263,2024,REG,,,,,,,,,2026-04-16 13:55:48.060232+00:00
1cd5b461-ae1c-4b02-a1a4-b44f225cf465,Player_1cd5b4,,,754e4990-efc7-11ef-bb2a-5d2d22b9215e,2025,REG,,,,,,,,,2026-04-16 13:55:48.060234+00:00
1f26a290-3191-11f0-9b47-bbcaf5ceb380,Player_1f26a2,,,754e4990-efc7-11ef-bb2a-5d2d22b9215e,2025,REG,,,,,,,,,2026-04-16 13:55:49.902770+00:00
1fdfe7e0-68f1-11f0-bb08-7d75260c62f7,Player_1fdfe7,,,754e4990-efc7-11ef-bb2a-5d2d22b9215e,2025,REG,,,,,,,,,2026-04-16 13:55:51.703296+00:00
241e19ea-3867-48c6-90eb-de96acea7e9c,Player_241e19,,,17d91be7-4bd3-4407-80e2-eca205c9284a,2020,REG,,,,,,,,,2026-04-16 13:55:53.497781+00:00
241e19ea-3867-48c6-90eb-de96acea7e9c,Player_241e19,,,d1132b13-2c29-4e6d-9011-b627c7fd9a17,2021,REG,,,,,,,,,2026-04-16 13:55:53.497789+00:00
241e19ea-3867-48c6-90eb-de96acea7e9c,Player_241e19,,,ff53e5e4-10ef-4842-a0b7-b489956fa07e,2022,REG,,,,,,,,,2026-04-16 13:55:53.497792+00:00
241e19ea-3867-48c6-90eb-de96acea7e9c,Player_241e19,,,f58c6dbf-9dfe-487e-8b0b-af66af887206,2023,REG,,,,,,,,,2026-04-16 13:55:53.497794+00:00
241e19ea-3867-48c6-90eb-de96acea7e9c,Player_241e19,,,908fbc20-f5c7-11ee-a306-c311afc28263,2024,REG,,,,,,,,,2026-04-16 13:55:53.497796+00:00
241e19ea-3867-48c6-90eb-de96acea7e9c,Player_241e19,,,754e4990-efc7-11ef-bb2a-5d2d22b9215e,2025,REG,,,,,,,,,2026-04-16 13:55:53.497798+00:00
25571960-6e8b-11f0-b19a-5d92a85ce2cc,Player_255719,,,754e4990-efc7-11ef-bb2a-5d2d22b9215e,2025,REG,,,,,,,,,2026-04-16 13:55:55.321615+00:00
28af9110-a263-11ed-8480-1d1f197292c4,Player_28af91,,,f58c6dbf-9dfe-487e-8b0b-af66af887206,2023,REG,,,,,,,,,2026-04-16 13:55:57.137477+00:00
28af9110-a263-11ed-8480-1d1f197292c4,Player_28af91,,,908fbc20-f5c7-11ee-a306-c311afc28263,2024,REG,,,,,,,,,2026-04-16 13:55:57.137487+00:00
28af9110-a263-11ed-8480-1d1f197292c4,Player_28af91,,,754e4990-efc7-11ef-bb2a-5d2d22b9215e,2025,REG,,,,,,,,,2026-04-16 13:55:57.137492+00:00
28e75f10-58c8-11ef-9b82-af825f74f838,Player_28e75f,,,908fbc20-f5c7-11ee-a306-c311afc28263,2024,REG,,,,,,,,,2026-04-16 13:55:58.985869+00:00
28e75f10-58c8-11ef-9b82-af825f74f838,Player_28e75f,,,754e4990-efc7-11ef-bb2a-5d2d22b9215e,2025,REG,,,,,,,,,2026-04-16 13:55:58.985877+00:00
2a00a31b-02d5-412a-a4c2-00f9787f302c,Player_2a00a3,,,d1132b13-2c29-4e6d-9011-b627c7fd9a17,2021,REG,,,,,,,,,2026-04-16 13:56:00.891109+00:00
2a00a31b-02d5-412a-a4c2-00f9787f302c,Player_2a00a3,,,ff53e5e4-10ef-4842-a0b7-b489956fa07e,2022,REG,,,,,,,,,2026-04-16 13:56:00.891117+00:00
2a00a31b-02d5-412a-a4c2-00f9787f302c,Player_2a00a3,,,f58c6dbf-9dfe-487e-8b0b-af66af887206,2023,REG,,,,,,,,,2026-04-16 13:56:00.891121+00:00
2a00a31b-02d5-412a-a4c2-00f9787f302c,Player_2a00a3,,,908fbc20-f5c7-11ee-a306-c311afc28263,2024,REG,,,,,,,,,2026-04-16 13:56:00.891123+00:00
2a00a31b-02d5-412a-a4c2-00f9787f302c,Player_2a00a3,,,754e4990-efc7-11ef-bb2a-5d2d22b9215e,2025,REG,,,,,,,,,2026-04-16 13:56:00.891125+00:00
2f40a100-f5af-11ed-b233-eff84a81117d,Player_2f40a1,,,f58c6dbf-9dfe-487e-8b0b-af66af887206,2023,REG,,,,,,,,,2026-04-16 13:56:02.929777+00:00
2f40a100-f5af-11ed-b233-eff84a81117d,Player_2f40a1,,,908fbc20-f5c7-11ee-a306-c311afc28263,2024,REG,,,,,,,,,2026-04-16 13:56:02.929785+00:00
2f40a100-f5af-11ed-b233-eff84a81117d,Player_2f40a1,,,754e4990-efc7-11ef-bb2a-5d2d22b9215e,2025,REG,,,,,,,,,2026-04-16 13:56:02.929788+00:00
36e0e7e0-58c7-11ef-9b3b-c731cdaeaa58,Player_36e0e7,,,908fbc20-f5c7-11ee-a306-c311afc28263,2024,REG,,,,,,,,,2026-04-16 13:56:04.748437+00:00
36e0e7e0-58c7-11ef-9b3b-c731cdaeaa58,Player_36e0e7,,,754e4990-efc7-11ef-bb2a-5d2d22b9215e,2025,REG,,,,,,,,,2026-04-16 13:56:04.748446+00:00
38a187c0-f030-11ed-8095-ff92e6250fed,Player_38a187,,,f58c6dbf-9dfe-487e-8b0b-af66af887206,2023,REG,,,,,,,,,2026-04-16 13:56:06.594874+00:00
38a187c0-f030-11ed-8095-ff92e6250fed,Player_38a187,,,908fbc20-f5c7-11ee-a306-c311afc28263,2024,REG,,,,,,,,,2026-04-16 13:56:06.594881+00:00
38a187c0-f030-11ed-8095-ff92e6250fed,Player_38a187,,,754e4990-efc7-11ef-bb2a-5d2d22b9215e,2025,REG,,,,,,,,,2026-04-16 13:56:06.594884+00:00
3a143810-9b61-11ed-9535-f5ca9807efbe,Player_3a1438,,,f58c6dbf-9dfe-487e-8b0b-af66af887206,2023,REG,,,,,,,,,2026-04-16 13:56:08.453513+00:00
3a143810-9b61-11ed-9535-f5ca9807efbe,Player_3a1438,,,908fbc20-f5c7-11ee-a306-c311afc28263,2024,REG,,,,,,,,,2026-04-16 13:56:08.453524+00:00
3a143810-9b61-11ed-9535-f5ca9807efbe,Player_3a1438,,,754e4990-efc7-11ef-bb2a-5d2d22b9215e,2025,REG,,,,,,,,,2026-04-16 13:56:08.453528+00:00
3d866700-b57a-11ee-8b7f-01a7c1347cea,Player_3d8667,,,908fbc20-f5c7-11ee-a306-c311afc28263,2024,REG,,,,,,,,,2026-04-16 13:56:10.279944+00:00
3d866700-b57a-11ee-8b7f-01a7c1347cea,Player_3d8667,,,754e4990-efc7-11ef-bb2a-5d2d22b9215e,2025,REG,,,,,,,,,2026-04-16 13:56:10.279952+00:00
3e417b90-84a2-11ec-a2e6-affc80bcd2fc,Player_3e417b,,,ff53e5e4-10ef-4842-a0b7-b489956fa07e,2022,REG,,,,,,,,,2026-04-16 13:56:12.159286+00:00
3e417b90-84a2-11ec-a2e6-affc80bcd2fc,Player_3e417b,,,f58c6dbf-9dfe-487e-8b0b-af66af887206,2023,REG,,,,,,,,,2026-04-16 13:56:12.159295+00:00
3e417b90-84a2-11ec-a2e6-affc80bcd2fc,Player_3e417b,,,908fbc20-f5c7-11ee-a306-c311afc28263,2024,REG,,,,,,,,,2026-04-16 13:56:12.159297+00:00
3e417b90-84a2-11ec-a2e6-affc80bcd2fc,Player_3e417b,,,754e4990-efc7-11ef-bb2a-5d2d22b9215e,2025,REG,,,,,,,,,2026-04-16 13:56:12.159299+00:00
3eea4010-30d2-11f0-881a-e573237ad853,Player_3eea40,,,754e4990-efc7-11ef-bb2a-5d2d22b9215e,2025,REG,,,,,,,,,2026-04-16 13:56:13.988021+00:00
3f43aed0-318f-11f0-9b47-bbcaf5ceb380,Player_3f43ae,,,754e4990-efc7-11ef-bb2a-5d2d22b9215e,2025,REG,,,,,,,,,2026-04-16 13:56:15.821864+00:00
3f6687d0-c5c4-11ee-bbc7-a52b27e3c1e2,Player_3f6687,,,908fbc20-f5c7-11ee-a306-c311afc28263,2024,REG,,,,,,,,,2026-04-16 13:56:17.636900+00:00
3f6687d0-c5c4-11ee-bbc7-a52b27e3c1e2,Player_3f6687,,,754e4990-efc7-11ef-bb2a-5d2d22b9215e,2025,REG,,,,,,,,,2026-04-16 13:56:17.636908+00:00
40090110-30d3-11f0-b2d4-015799b0b751,Player_400901,,,754e4990-efc7-11ef-bb2a-5d2d22b9215e,2025,REG,,,,,,,,,2026-04-16 13:56:19.490909+00:00
408bc3c0-9ea4-11ed-975c-37b2dd34d160,Player_408bc3,,,f58c6dbf-9dfe-487e-8b0b-af66af887206,2023,REG,,,,,,,,,2026-04-16 13:56:21.457809+00:00
408bc3c0-9ea4-11ed-975c-37b2dd34d160,Player_408bc3,,,908fbc20-f5c7-11ee-a306-c311afc28263,2024,REG,,,,,,,,,2026-04-16 13:56:21.457820+00:00
408bc3c0-9ea4-11ed-975c-37b2dd34d160,Player_408bc3,,,754e4990-efc7-11ef-bb2a-5d2d22b9215e,2025,REG,,,,,,,,,2026-04-16 13:56:21.457825+00:00
411fc440-850e-11ec-b84d-a909c14fc4b8,Player_411fc4,,,ff53e5e4-10ef-4842-a0b7-b489956fa07e,2022,REG,,,,,,,,,2026-04-16 13:56:23.265081+00:00
411fc440-850e-11ec-b84d-a909c14fc4b8,Player_411fc4,,,f58c6dbf-9dfe-487e-8b0b-af66af887206,2023,REG,,,,,,,,,2026-04-16 13:56:23.265089+00:00
411fc440-850e-11ec-b84d-a909c14fc4b8,Player_411fc4,,,908fbc20-f5c7-11ee-a306-c311afc28263,2024,REG,,,,,,,,,2026-04-16 13:56:23.265092+00:00
411fc440-850e-11ec-b84d-a909c14fc4b8,Player_411fc4,,,754e4990-efc7-11ef-bb2a-5d2d22b9215e,2025,REG,,,,,,,,,2026-04-16 13:56:23.265094+00:00
43967bb0-37c3-11ee-8aad-e574e8ef7217,Player_43967b,,,f58c6dbf-9dfe-487e-8b0b-af66af887206,2023,REG,,,,,,,,,2026-04-16 13:56:25.071916+00:00
43967bb0-37c3-11ee-8aad-e574e8ef7217,Player_43967b,,,908fbc20-f5c7-11ee-a306-c311afc28263,2024,REG,,,,,,,,,2026-04-16 13:56:25.071925+00:00
43967bb0-37c3-11ee-8aad-e574e8ef7217,Player_43967b,,,754e4990-efc7-11ef-bb2a-5d2d22b9215e,2025,REG,,,,,,,,,2026-04-16 13:56:25.071927+00:00
4407fd40-59bd-11ef-8650-ef78f1118428,Player_4407fd,,,908fbc20-f5c7-11ee-a306-c311afc28263,2024,REG,,,,,,,,,2026-04-16 13:56:26.894938+00:00
4407fd40-59bd-11ef-8650-ef78f1118428,Player_4407fd,,,754e4990-efc7-11ef-bb2a-5d2d22b9215e,2025,REG,,,,,,,,,2026-04-16 13:56:26.894947+00:00
4513ad00-379b-11ee-9da9-cbc804f3c5d8,Player_4513ad,,,f58c6dbf-9dfe-487e-8b0b-af66af887206,2023,REG,,,,,,,,,2026-04-16 13:56:28.802097+00:00
4513ad00-379b-11ee-9da9-cbc804f3c5d8,Player_4513ad,,,908fbc20-f5c7-11ee-a306-c311afc28263,2024,REG,,,,,,,,,2026-04-16 13:56:28.802105+00:00
4513ad00-379b-11ee-9da9-cbc804f3c5d8,Player_4513ad,,,754e4990-efc7-11ef-bb2a-5d2d22b9215e,2025,REG,,,,,,,,,2026-04-16 13:56:28.802108+00:00
4620b030-9dcc-11ed-9ec1-d7898d8b70ab,Player_4620b0,,,f58c6dbf-9dfe-487e-8b0b-af66af887206,2023,REG,,,,,,,,,2026-04-16 13:56:30.609760+00:00
4620b030-9dcc-11ed-9ec1-d7898d8b70ab,Player_4620b0,,,908fbc20-f5c7-11ee-a306-c311afc28263,2024,REG,,,,,,,,,2026-04-16 13:56:30.609769+00:00
4620b030-9dcc-11ed-9ec1-d7898d8b70ab,Player_4620b0,,,754e4990-efc7-11ef-bb2a-5d2d22b9215e,2025,REG,,,,,,,,,2026-04-16 13:56:30.609772+00:00
47fb463b-5d3c-46b5-9adb-e22f5fe551ef,Player_47fb46,,,d1132b13-2c29-4e6d-9011-b627c7fd9a17,2021,REG,,,,,,,,,2026-04-16 13:56:32.592986+00:00
47fb463b-5d3c-46b5-9adb-e22f5fe551ef,Player_47fb46,,,ff53e5e4-10ef-4842-a0b7-b489956fa07e,2022,REG,,,,,,,,,2026-04-16 13:56:32.592998+00:00
47fb463b-5d3c-46b5-9adb-e22f5fe551ef,Player_47fb46,,,f58c6dbf-9dfe-487e-8b0b-af66af887206,2023,REG,,,,,,,,,2026-04-16 13:56:32.593002+00:00
47fb463b-5d3c-46b5-9adb-e22f5fe551ef,Player_47fb46,,,908fbc20-f5c7-11ee-a306-c311afc28263,2024,REG,,,,,,,,,2026-04-16 13:56:32.593007+00:00
47fb463b-5d3c-46b5-9adb-e22f5fe551ef,Player_47fb46,,,754e4990-efc7-11ef-bb2a-5d2d22b9215e,2025,REG,,,,,,,,,2026-04-16 13:56:32.593010+00:00
485c2f10-982b-11ed-9964-d1ac235f1095,Player_485c2f,,,f58c6dbf-9dfe-487e-8b0b-af66af887206,2023,REG,,,,,,,,,2026-04-16 13:56:34.335489+00:00
485c2f10-982b-11ed-9964-d1ac235f1095,Player_485c2f,,,908fbc20-f5c7-11ee-a306-c311afc28263,2024,REG,,,,,,,,,2026-04-16 13:56:34.335499+00:00
485c2f10-982b-11ed-9964-d1ac235f1095,Player_485c2f,,,754e4990-efc7-11ef-bb2a-5d2d22b9215e,2025,REG,,,,,,,,,2026-04-16 13:56:34.335501+00:00
49ce21b0-f027-11ed-8095-ff92e6250fed,Player_49ce21,,,f58c6dbf-9dfe-487e-8b0b-af66af887206,2023,REG,,,,,,,,,2026-04-16 13:56:36.126119+00:00
49ce21b0-f027-11ed-8095-ff92e6250fed,Player_49ce21,,,908fbc20-f5c7-11ee-a306-c311afc28263,2024,REG,,,,,,,,,2026-04-16 13:56:36.126126+00:00
49ce21b0-f027-11ed-8095-ff92e6250fed,Player_49ce21,,,754e4990-efc7-11ef-bb2a-5d2d22b9215e,2025,REG,,,,,,,,,2026-04-16 13:56:36.126129+00:00
4c605480-138e-11ef-8acf-f5eba4332e86,Player_4c6054,,,908fbc20-f5c7-11ee-a306-c311afc28263,2024,REG,,,,,,,,,2026-04-16 13:56:37.970371+00:00
4c605480-138e-11ef-8acf-f5eba4332e86,Player_4c6054,,,754e4990-efc7-11ef-bb2a-5d2d22b9215e,2025,REG,,,,,,,,,2026-04-16 13:56:37.970379+00:00
4cf67650-1416-11ed-99ab-175543659a4f,Player_4cf676,,,ff53e5e4-10ef-4842-a0b7-b489956fa07e,2022,REG,,,,,,,,,2026-04-16 13:56:39.814348+00:00
4cf67650-1416-11ed-99ab-175543659a4f,Player_4cf676,,,f58c6dbf-9dfe-487e-8b0b-af66af887206,2023,REG,,,,,,,,,2026-04-16 13:56:39.814357+00:00
4cf67650-1416-11ed-99ab-175543659a4f,Player_4cf676,,,908fbc20-f5c7-11ee-a306-c311afc28263,2024,REG,,,,,,,,,2026-04-16 13:56:39.814360+00:00
4cf67650-1416-11ed-99ab-175543659a4f,Player_4cf676,,,754e4990-efc7-11ef-bb2a-5d2d22b9215e,2025,REG,,,,,,,,,2026-04-16 13:56:39.814362+00:00
4eb067f0-3194-11f0-9b47-bbcaf5ceb380,Player_4eb067,,,754e4990-efc7-11ef-bb2a-5d2d22b9215e,2025,REG,,,,,,,,,2026-04-16 13:56:41.606282+00:00
4ee8e510-1397-11ef-a339-bdbef1d346c2,Player_4ee8e5,,,908fbc20-f5c7-11ee-a306-c311afc28263,2024,REG,,,,,,,,,2026-04-16 13:56:43.663320+00:00
4ee8e510-1397-11ef-a339-bdbef1d346c2,Player_4ee8e5,,,754e4990-efc7-11ef-bb2a-5d2d22b9215e,2025,REG,,,,,,,,,2026-04-16 13:56:43.663330+00:00
53097090-c358-11ee-ba4d-459a0a6fb31a,Player_530970,,,908fbc20-f5c7-11ee-a306-c311afc28263,2024,REG,,,,,,,,,2026-04-16 13:56:45.423065+00:00
53097090-c358-11ee-ba4d-459a0a6fb31a,Player_530970,,,754e4990-efc7-11ef-bb2a-5d2d22b9215e,2025,REG,,,,,,,,,2026-04-16 13:56:45.423074+00:00
55bb3770-850b-11ec-b446-1b024413db39,Player_55bb37,,,ff53e5e4-10ef-4842-a0b7-b489956fa07e,2022,REG,,,,,,,,,2026-04-16 13:56:47.446190+00:00
55bb3770-850b-11ec-b446-1b024413db39,Player_55bb37,,,f58c6dbf-9dfe-487e-8b0b-af66af887206,2023,REG,,,,,,,,,2026-04-16 13:56:47.446198+00:00
55bb3770-850b-11ec-b446-1b024413db39,Player_55bb37,,,908fbc20-f5c7-11ee-a306-c311afc28263,2024,REG,,,,,,,,,2026-04-16 13:56:47.446201+00:00
55bb3770-850b-11ec-b446-1b024413db39,Player_55bb37,,,754e4990-efc7-11ef-bb2a-5d2d22b9215e,2025,REG,,,,,,,,,2026-04-16 13:56:47.446203+00:00
56d2d810-6650-11ef-b911-0fe9496618ac,Player_56d2d8,,,908fbc20-f5c7-11ee-a306-c311afc28263,2024,REG,,,,,,,,,2026-04-16 13:56:49.285956+00:00
56d2d810-6650-11ef-b911-0fe9496618ac,Player_56d2d8,,,754e4990-efc7-11ef-bb2a-5d2d22b9215e,2025,REG,,,,,,,,,2026-04-16 13:56:49.285964+00:00
58f6a470-30dd-11f0-b43a-97e6db217ba1,Player_58f6a4,,,754e4990-efc7-11ef-bb2a-5d2d22b9215e,2025,REG,,,,,,,,,2026-04-16 13:56:51.098889+00:00
5935ba00-a275-11ed-8f2b-f3e5e15ec7fb,Player_5935ba,,,f58c6dbf-9dfe-487e-8b0b-af66af887206,2023,REG,,,,,,,,,2026-04-16 13:56:52.885142+00:00
5935ba00-a275-11ed-8f2b-f3e5e15ec7fb,Player_5935ba,,,908fbc20-f5c7-11ee-a306-c311afc28263,2024,REG,,,,,,,,,2026-04-16 13:56:52.885159+00:00
5935ba00-a275-11ed-8f2b-f3e5e15ec7fb,Player_5935ba,,,754e4990-efc7-11ef-bb2a-5d2d22b9215e,2025,REG,,,,,,,,,2026-04-16 13:56:52.885162+00:00
5a0e3a80-30d3-11f0-b2d4-015799b0b751,Player_5a0e3a,,,754e4990-efc7-11ef-bb2a-5d2d22b9215e,2025,REG,,,,,,,,,2026-04-16 13:56:54.692451+00:00
5e586410-3193-11f0-9b47-bbcaf5ceb380,Player_5e5864,,,754e4990-efc7-11ef-bb2a-5d2d22b9215e,2025,REG,,,,,,,,,2026-04-16 13:56:56.481179+00:00
60b115a0-30d9-11f0-b2d4-015799b0b751,Player_60b115,,,754e4990-efc7-11ef-bb2a-5d2d22b9215e,2025,REG,,,,,,,,,2026-04-16 13:56:58.326829+00:00
6342fe60-68f0-11f0-8055-b384b1c02ffd,Player_6342fe,,,754e4990-efc7-11ef-bb2a-5d2d22b9215e,2025,REG,,,,,,,,,2026-04-16 13:57:00.107639+00:00
64c1f5f0-9cda-11ed-8450-073f5137ec67,Player_64c1f5,,,f58c6dbf-9dfe-487e-8b0b-af66af887206,2023,REG,,,,,,,,,2026-04-16 13:57:01.953834+00:00
64c1f5f0-9cda-11ed-8450-073f5137ec67,Player_64c1f5,,,908fbc20-f5c7-11ee-a306-c311afc28263,2024,REG,,,,,,,,,2026-04-16 13:57:01.953846+00:00
64c1f5f0-9cda-11ed-8450-073f5137ec67,Player_64c1f5,,,754e4990-efc7-11ef-bb2a-5d2d22b9215e,2025,REG,,,,,,,,,2026-04-16 13:57:01.953849+00:00
66b90f65-a1b9-4cfc-8be8-10cee7955279,Player_66b90f,,,d1132b13-2c29-4e6d-9011-b627c7fd9a17,2021,REG,,,,,,,,,2026-04-16 13:57:03.766473+00:00
66b90f65-a1b9-4cfc-8be8-10cee7955279,Player_66b90f,,,ff53e5e4-10ef-4842-a0b7-b489956fa07e,2022,REG,,,,,,,,,2026-04-16 13:57:03.766481+00:00
66b90f65-a1b9-4cfc-8be8-10cee7955279,Player_66b90f,,,f58c6dbf-9dfe-487e-8b0b-af66af887206,2023,REG,,,,,,,,,2026-04-16 13:57:03.766483+00:00
66b90f65-a1b9-4cfc-8be8-10cee7955279,Player_66b90f,,,908fbc20-f5c7-11ee-a306-c311afc28263,2024,REG,,,,,,,,,2026-04-16 13:57:03.766485+00:00
66b90f65-a1b9-4cfc-8be8-10cee7955279,Player_66b90f,,,754e4990-efc7-11ef-bb2a-5d2d22b9215e,2025,REG,,,,,,,,,2026-04-16 13:57:03.766489+00:00
6d105390-30d1-11f0-881a-e573237ad853,Player_6d1053,,,754e4990-efc7-11ef-bb2a-5d2d22b9215e,2025,REG,,,,,,,,,2026-04-16 13:57:05.566945+00:00
6f4f6bd0-901d-11ec-8556-6fa97bcffaf0,Player_6f4f6b,,,ff53e5e4-10ef-4842-a0b7-b489956fa07e,2022,REG,,,,,,,,,2026-04-16 13:57:07.366597+00:00
6f4f6bd0-901d-11ec-8556-6fa97bcffaf0,Player_6f4f6b,,,f58c6dbf-9dfe-487e-8b0b-af66af887206,2023,REG,,,,,,,,,2026-04-16 13:57:07.366608+00:00
6f4f6bd0-901d-11ec-8556-6fa97bcffaf0,Player_6f4f6b,,,908fbc20-f5c7-11ee-a306-c311afc28263,2024,REG,,,,,,,,,2026-04-16 13:57:07.366613+00:00
6f4f6bd0-901d-11ec-8556-6fa97bcffaf0,Player_6f4f6b,,,754e4990-efc7-11ef-bb2a-5d2d22b9215e,2025,REG,,,,,,,,,2026-04-16 13:57:07.366618+00:00
70713a20-c5c2-11ee-bbc7-a52b27e3c1e2,Player_70713a,,,908fbc20-f5c7-11ee-a306-c311afc28263,2024,REG,,,,,,,,,2026-04-16 13:57:09.216881+00:00
70713a20-c5c2-11ee-bbc7-a52b27e3c1e2,Player_70713a,,,754e4990-efc7-11ef-bb2a-5d2d22b9215e,2025,REG,,,,,,,,,2026-04-16 13:57:09.216889+00:00
75964240-a1a9-11ed-8407-d326ef253fb2,Player_759642,,,f58c6dbf-9dfe-487e-8b0b-af66af887206,2023,REG,,,,,,,,,2026-04-16 13:57:11.018878+00:00
75964240-a1a9-11ed-8407-d326ef253fb2,Player_759642,,,908fbc20-f5c7-11ee-a306-c311afc28263,2024,REG,,,,,,,,,2026-04-16 13:57:11.018885+00:00
75964240-a1a9-11ed-8407-d326ef253fb2,Player_759642,,,754e4990-efc7-11ef-bb2a-5d2d22b9215e,2025,REG,,,,,,,,,2026-04-16 13:57:11.018888+00:00
7665caf0-1387-11ef-a453-276e817b80af,Player_7665ca,,,908fbc20-f5c7-11ee-a306-c311afc28263,2024,REG,,,,,,,,,2026-04-16 13:57:12.828767+00:00
7665caf0-1387-11ef-a453-276e817b80af,Player_7665ca,,,754e4990-efc7-11ef-bb2a-5d2d22b9215e,2025,REG,,,,,,,,,2026-04-16 13:57:12.828775+00:00
79779a00-c5c3-11ee-bbc7-a52b27e3c1e2,Player_79779a,,,908fbc20-f5c7-11ee-a306-c311afc28263,2024,REG,,,,,,,,,2026-04-16 13:57:14.651635+00:00
79779a00-c5c3-11ee-bbc7-a52b27e3c1e2,Player_79779a,,,754e4990-efc7-11ef-bb2a-5d2d22b9215e,2025,REG,,,,,,,,,2026-04-16 13:57:14.651643+00:00
7a1e5145-a3d7-414f-aea3-36d05e7fa8f9,Player_7a1e51,,,d1132b13-2c29-4e6d-9011-b627c7fd9a17,2021,REG,,,,,,,,,2026-04-16 13:57:16.490077+00:00
7a1e5145-a3d7-414f-aea3-36d05e7fa8f9,Player_7a1e51,,,ff53e5e4-10ef-4842-a0b7-b489956fa07e,2022,REG,,,,,,,,,2026-04-16 13:57:16.490086+00:00
7a1e5145-a3d7-414f-aea3-36d05e7fa8f9,Player_7a1e51,,,f58c6dbf-9dfe-487e-8b0b-af66af887206,2023,REG,,,,,,,,,2026-04-16 13:57:16.490088+00:00
7a1e5145-a3d7-414f-aea3-36d05e7fa8f9,Player_7a1e51,,,908fbc20-f5c7-11ee-a306-c311afc28263,2024,REG,,,,,,,,,2026-04-16 13:57:16.490091+00:00
7a1e5145-a3d7-414f-aea3-36d05e7fa8f9,Player_7a1e51,,,754e4990-efc7-11ef-bb2a-5d2d22b9215e,2025,REG,,,,,,,,,2026-04-16 13:57:16.490093+00:00
7a3d5a00-3193-11f0-9b47-bbcaf5ceb380,Player_7a3d5a,,,754e4990-efc7-11ef-bb2a-5d2d22b9215e,2025,REG,,,,,,,,,2026-04-16 13:57:18.294821+00:00
80c63b8c-3462-4948-86dd-29d48d577936,Player_80c63b,,,d1132b13-2c29-4e6d-9011-b627c7fd9a17,2021,REG,,,,,,,,,2026-04-16 13:57:20.067928+00:00
80c63b8c-3462-4948-86dd-29d48d577936,Player_80c63b,,,ff53e5e4-10ef-4842-a0b7-b489956fa07e,2022,REG,,,,,,,,,2026-04-16 13:57:20.067939+00:00
80c63b8c-3462-4948-86dd-29d48d577936,Player_80c63b,,,f58c6dbf-9dfe-487e-8b0b-af66af887206,2023,REG,,,,,,,,,2026-04-16 13:57:20.067944+00:00
80c63b8c-3462-4948-86dd-29d48d577936,Player_80c63b,,,908fbc20-f5c7-11ee-a306-c311afc28263,2024,REG,,,,,,,,,2026-04-16 13:57:20.067949+00:00
80c63b8c-3462-4948-86dd-29d48d577936,Player_80c63b,,,754e4990-efc7-11ef-bb2a-5d2d22b9215e,2025,REG,,,,,,,,,2026-04-16 13:57:20.067953+00:00
80edb9d0-a275-11ed-8f2b-f3e5e15ec7fb,Player_80edb9,,,f58c6dbf-9dfe-487e-8b0b-af66af887206,2023,REG,,,,,,,,,2026-04-16 13:57:22.040201+00:00
80edb9d0-a275-11ed-8f2b-f3e5e15ec7fb,Player_80edb9,,,908fbc20-f5c7-11ee-a306-c311afc28263,2024,REG,,,,,,,,,2026-04-16 13:57:22.040209+00:00
80edb9d0-a275-11ed-8f2b-f3e5e15ec7fb,Player_80edb9,,,754e4990-efc7-11ef-bb2a-5d2d22b9215e,2025,REG,,,,,,,,,2026-04-16 13:57:22.040211+00:00
825b16ba-2afc-4d05-9727-edab0fb0f126,Player_825b16,,,17d91be7-4bd3-4407-80e2-eca205c9284a,2020,REG,,,,,,,,,2026-04-16 13:57:23.848021+00:00
825b16ba-2afc-4d05-9727-edab0fb0f126,Player_825b16,,,d1132b13-2c29-4e6d-9011-b627c7fd9a17,2021,REG,,,,,,,,,2026-04-16 13:57:23.848028+00:00
825b16ba-2afc-4d05-9727-edab0fb0f126,Player_825b16,,,ff53e5e4-10ef-4842-a0b7-b489956fa07e,2022,REG,,,,,,,,,2026-04-16 13:57:23.848031+00:00
825b16ba-2afc-4d05-9727-edab0fb0f126,Player_825b16,,,f58c6dbf-9dfe-487e-8b0b-af66af887206,2023,REG,,,,,,,,,2026-04-16 13:57:23.848034+00:00
825b16ba-2afc-4d05-9727-edab0fb0f126,Player_825b16,,,908fbc20-f5c7-11ee-a306-c311afc28263,2024,REG,,,,,,,,,2026-04-16 13:57:23.848036+00:00
825b16ba-2afc-4d05-9727-edab0fb0f126,Player_825b16,,,754e4990-efc7-11ef-bb2a-5d2d22b9215e,2025,REG,,,,,,,,,2026-04-16 13:57:23.848038+00:00
85e91f10-c5c9-11ee-bbc7-a52b27e3c1e2,Player_85e91f,,,908fbc20-f5c7-11ee-a306-c311afc28263,2024,REG,,,,,,,,,2026-04-16 13:57:25.677145+00:00
85e91f10-c5c9-11ee-bbc7-a52b27e3c1e2,Player_85e91f,,,754e4990-efc7-11ef-bb2a-5d2d22b9215e,2025,REG,,,,,,,,,2026-04-16 13:57:25.677153+00:00
86774500-138b-11ef-8d1d-856d45ef54a7,Player_867745,,,908fbc20-f5c7-11ee-a306-c311afc28263,2024,REG,,,,,,,,,2026-04-16 13:57:27.530612+00:00
86774500-138b-11ef-8d1d-856d45ef54a7,Player_867745,,,754e4990-efc7-11ef-bb2a-5d2d22b9215e,2025,REG,,,,,,,,,2026-04-16 13:57:27.530620+00:00
88f45160-68f3-11f0-a1bf-757c76f75de4,Player_88f451,,,754e4990-efc7-11ef-bb2a-5d2d22b9215e,2025,REG,,,,,,,,,2026-04-16 13:57:29.342858+00:00
89abe484-0e5c-4b37-9428-50d560ab6f52,Player_89abe4,,,d1132b13-2c29-4e6d-9011-b627c7fd9a17,2021,REG,,,,,,,,,2026-04-16 13:57:31.110445+00:00
89abe484-0e5c-4b37-9428-50d560ab6f52,Player_89abe4,,,ff53e5e4-10ef-4842-a0b7-b489956fa07e,2022,REG,,,,,,,,,2026-04-16 13:57:31.110456+00:00
89abe484-0e5c-4b37-9428-50d560ab6f52,Player_89abe4,,,f58c6dbf-9dfe-487e-8b0b-af66af887206,2023,REG,,,,,,,,,2026-04-16 13:57:31.110461+00:00
89abe484-0e5c-4b37-9428-50d560ab6f52,Player_89abe4,,,908fbc20-f5c7-11ee-a306-c311afc28263,2024,REG,,,,,,,,,2026-04-16 13:57:31.110465+00:00
89abe484-0e5c-4b37-9428-50d560ab6f52,Player_89abe4,,,754e4990-efc7-11ef-bb2a-5d2d22b9215e,2025,REG,,,,,,,,,2026-04-16 13:57:31.110470+00:00
8af66110-8abc-11ec-accc-5b87d3320078,Player_8af661,,,ff53e5e4-10ef-4842-a0b7-b489956fa07e,2022,REG,,,,,,,,,2026-04-16 13:57:33.179204+00:00
8af66110-8abc-11ec-accc-5b87d3320078,Player_8af661,,,f58c6dbf-9dfe-487e-8b0b-af66af887206,2023,REG,,,,,,,,,2026-04-16 13:57:33.179212+00:00
8af66110-8abc-11ec-accc-5b87d3320078,Player_8af661,,,908fbc20-f5c7-11ee-a306-c311afc28263,2024,REG,,,,,,,,,2026-04-16 13:57:33.179215+00:00
8af66110-8abc-11ec-accc-5b87d3320078,Player_8af661,,,754e4990-efc7-11ef-bb2a-5d2d22b9215e,2025,REG,,,,,,,,,2026-04-16 13:57:33.179218+00:00
8b83aaea-9a5d-448e-b776-1bca1e229e94,Player_8b83aa,,,d1132b13-2c29-4e6d-9011-b627c7fd9a17,2021,REG,,,,,,,,,2026-04-16 13:57:34.951160+00:00
8b83aaea-9a5d-448e-b776-1bca1e229e94,Player_8b83aa,,,ff53e5e4-10ef-4842-a0b7-b489956fa07e,2022,REG,,,,,,,,,2026-04-16 13:57:34.951167+00:00
8b83aaea-9a5d-448e-b776-1bca1e229e94,Player_8b83aa,,,f58c6dbf-9dfe-487e-8b0b-af66af887206,2023,REG,,,,,,,,,2026-04-16 13:57:34.951170+00:00
8b83aaea-9a5d-448e-b776-1bca1e229e94,Player_8b83aa,,,908fbc20-f5c7-11ee-a306-c311afc28263,2024,REG,,,,,,,,,2026-04-16 13:57:34.951173+00:00
8b83aaea-9a5d-448e-b776-1bca1e229e94,Player_8b83aa,,,754e4990-efc7-11ef-bb2a-5d2d22b9215e,2025,REG,,,,,,,,,2026-04-16 13:57:34.951176+00:00
8c405310-f027-11ed-8095-ff92e6250fed,Player_8c4053,,,f58c6dbf-9dfe-487e-8b0b-af66af887206,2023,REG,,,,,,,,,2026-04-16 13:57:36.800762+00:00
8c405310-f027-11ed-8095-ff92e6250fed,Player_8c4053,,,908fbc20-f5c7-11ee-a306-c311afc28263,2024,REG,,,,,,,,,2026-04-16 13:57:36.800770+00:00
8c405310-f027-11ed-8095-ff92e6250fed,Player_8c4053,,,754e4990-efc7-11ef-bb2a-5d2d22b9215e,2025,REG,,,,,,,,,2026-04-16 13:57:36.800773+00:00
8c87c620-6f3a-11f0-9706-9372e414bb27,Player_8c87c6,,,754e4990-efc7-11ef-bb2a-5d2d22b9215e,2025,REG,,,,,,,,,2026-04-16 13:57:38.592132+00:00
8cc364b0-37c3-11ee-8aad-e574e8ef7217,Player_8cc364,,,f58c6dbf-9dfe-487e-8b0b-af66af887206,2023,REG,,,,,,,,,2026-04-16 13:57:40.466216+00:00
8cc364b0-37c3-11ee-8aad-e574e8ef7217,Player_8cc364,,,908fbc20-f5c7-11ee-a306-c311afc28263,2024,REG,,,,,,,,,2026-04-16 13:57:40.466224+00:00
8cc364b0-37c3-11ee-8aad-e574e8ef7217,Player_8cc364,,,754e4990-efc7-11ef-bb2a-5d2d22b9215e,2025,REG,,,,,,,,,2026-04-16 13:57:40.466227+00:00
8cc5c0b9-52e8-45da-b6a6-bf67fab9781c,Player_8cc5c0,,,d1132b13-2c29-4e6d-9011-b627c7fd9a17,2021,REG,,,,,,,,,2026-04-16 13:57:42.307317+00:00
8cc5c0b9-52e8-45da-b6a6-bf67fab9781c,Player_8cc5c0,,,908fbc20-f5c7-11ee-a306-c311afc28263,2024,REG,,,,,,,,,2026-04-16 13:57:42.307328+00:00
8cc5c0b9-52e8-45da-b6a6-bf67fab9781c,Player_8cc5c0,,,754e4990-efc7-11ef-bb2a-5d2d22b9215e,2025,REG,,,,,,,,,2026-04-16 13:57:42.307333+00:00
8ee02562-28be-4533-91f6-9692de970893,Player_8ee025,,,d1132b13-2c29-4e6d-9011-b627c7fd9a17,2021,REG,,,,,,,,,2026-04-16 13:57:44.123021+00:00
8ee02562-28be-4533-91f6-9692de970893,Player_8ee025,,,ff53e5e4-10ef-4842-a0b7-b489956fa07e,2022,REG,,,,,,,,,2026-04-16 13:57:44.123029+00:00
8ee02562-28be-4533-91f6-9692de970893,Player_8ee025,,,f58c6dbf-9dfe-487e-8b0b-af66af887206,2023,REG,,,,,,,,,2026-04-16 13:57:44.123032+00:00
8ee02562-28be-4533-91f6-9692de970893,Player_8ee025,,,908fbc20-f5c7-11ee-a306-c311afc28263,2024,REG,,,,,,,,,2026-04-16 13:57:44.123034+00:00
8ee02562-28be-4533-91f6-9692de970893,Player_8ee025,,,754e4990-efc7-11ef-bb2a-5d2d22b9215e,2025,REG,,,,,,,,,2026-04-16 13:57:44.123038+00:00
8fc0fba0-30d2-11f0-881a-e573237ad853,Player_8fc0fb,,,754e4990-efc7-11ef-bb2a-5d2d22b9215e,2025,REG,,,,,,,,,2026-04-16 13:57:45.921879+00:00
92cdd7e0-58c5-11ef-9bfa-85db8004dd3b,Player_92cdd7,,,908fbc20-f5c7-11ee-a306-c311afc28263,2024,REG,,,,,,,,,2026-04-16 13:57:47.701232+00:00
92cdd7e0-58c5-11ef-9bfa-85db8004dd3b,Player_92cdd7,,,754e4990-efc7-11ef-bb2a-5d2d22b9215e,2025,REG,,,,,,,,,2026-04-16 13:57:47.701241+00:00
92f041cb-6cc9-4a25-8ca2-8752dafbbc3b,Player_92f041,,,d1132b13-2c29-4e6d-9011-b627c7fd9a17,2021,REG,,,,,,,,,2026-04-16 13:57:49.496235+00:00
92f041cb-6cc9-4a25-8ca2-8752dafbbc3b,Player_92f041,,,ff53e5e4-10ef-4842-a0b7-b489956fa07e,2022,REG,,,,,,,,,2026-04-16 13:57:49.496245+00:00
92f041cb-6cc9-4a25-8ca2-8752dafbbc3b,Player_92f041,,,f58c6dbf-9dfe-487e-8b0b-af66af887206,2023,REG,,,,,,,,,2026-04-16 13:57:49.496249+00:00
92f041cb-6cc9-4a25-8ca2-8752dafbbc3b,Player_92f041,,,908fbc20-f5c7-11ee-a306-c311afc28263,2024,REG,,,,,,,,,2026-04-16 13:57:49.496251+00:00
92f041cb-6cc9-4a25-8ca2-8752dafbbc3b,Player_92f041,,,754e4990-efc7-11ef-bb2a-5d2d22b9215e,2025,REG,,,,,,,,,2026-04-16 13:57:49.496255+00:00
9452caab-2be2-427e-a63c-4a9edc252bdc,Player_9452ca,,,17d91be7-4bd3-4407-80e2-eca205c9284a,2020,REG,,,,,,,,,2026-04-16 13:57:51.485806+00:00
9452caab-2be2-427e-a63c-4a9edc252bdc,Player_9452ca,,,d1132b13-2c29-4e6d-9011-b627c7fd9a17,2021,REG,,,,,,,,,2026-04-16 13:57:51.485814+00:00
9452caab-2be2-427e-a63c-4a9edc252bdc,Player_9452ca,,,ff53e5e4-10ef-4842-a0b7-b489956fa07e,2022,REG,,,,,,,,,2026-04-16 13:57:51.485817+00:00
9452caab-2be2-427e-a63c-4a9edc252bdc,Player_9452ca,,,f58c6dbf-9dfe-487e-8b0b-af66af887206,2023,REG,,,,,,,,,2026-04-16 13:57:51.485819+00:00
9452caab-2be2-427e-a63c-4a9edc252bdc,Player_9452ca,,,908fbc20-f5c7-11ee-a306-c311afc28263,2024,REG,,,,,,,,,2026-04-16 13:57:51.485821+00:00
9452caab-2be2-427e-a63c-4a9edc252bdc,Player_9452ca,,,754e4990-efc7-11ef-bb2a-5d2d22b9215e,2025,REG,,,,,,,,,2026-04-16 13:57:51.485824+00:00
9875f210-30d1-11f0-881a-e573237ad853,Player_9875f2,,,754e4990-efc7-11ef-bb2a-5d2d22b9215e,2025,REG,,,,,,,,,2026-04-16 13:57:53.293209+00:00
99a76e50-183a-11ed-a064-ef8b74c0c167,Player_99a76e,,,ff53e5e4-10ef-4842-a0b7-b489956fa07e,2022,REG,,,,,,,,,2026-04-16 13:57:55.089580+00:00
99a76e50-183a-11ed-a064-ef8b74c0c167,Player_99a76e,,,f58c6dbf-9dfe-487e-8b0b-af66af887206,2023,REG,,,,,,,,,2026-04-16 13:57:55.089592+00:00
99a76e50-183a-11ed-a064-ef8b74c0c167,Player_99a76e,,,908fbc20-f5c7-11ee-a306-c311afc28263,2024,REG,,,,,,,,,2026-04-16 13:57:55.089597+00:00
99a76e50-183a-11ed-a064-ef8b74c0c167,Player_99a76e,,,754e4990-efc7-11ef-bb2a-5d2d22b9215e,2025,REG,,,,,,,,,2026-04-16 13:57:55.089601+00:00
9a6337c0-850f-11ec-b84d-a909c14fc4b8,Player_9a6337,,,ff53e5e4-10ef-4842-a0b7-b489956fa07e,2022,REG,,,,,,,,,2026-04-16 13:57:56.896424+00:00
9a6337c0-850f-11ec-b84d-a909c14fc4b8,Player_9a6337,,,f58c6dbf-9dfe-487e-8b0b-af66af887206,2023,REG,,,,,,,,,2026-04-16 13:57:56.896432+00:00
9a6337c0-850f-11ec-b84d-a909c14fc4b8,Player_9a6337,,,908fbc20-f5c7-11ee-a306-c311afc28263,2024,REG,,,,,,,,,2026-04-16 13:57:56.896434+00:00
9a6337c0-850f-11ec-b84d-a909c14fc4b8,Player_9a6337,,,754e4990-efc7-11ef-bb2a-5d2d22b9215e,2025,REG,,,,,,,,,2026-04-16 13:57:56.896436+00:00
9b4a0100-30ce-11f0-881a-e573237ad853,Player_9b4a01,,,754e4990-efc7-11ef-bb2a-5d2d22b9215e,2025,REG,,,,,,,,,2026-04-16 13:57:58.698655+00:00
9df59922-8e8e-48ed-abe9-ee3d04d44b81,Player_9df599,,,17d91be7-4bd3-4407-80e2-eca205c9284a,2020,REG,,,,,,,,,2026-04-16 13:58:00.518599+00:00
9df59922-8e8e-48ed-abe9-ee3d04d44b81,Player_9df599,,,d1132b13-2c29-4e6d-9011-b627c7fd9a17,2021,REG,,,,,,,,,2026-04-16 13:58:00.518607+00:00
9df59922-8e8e-48ed-abe9-ee3d04d44b81,Player_9df599,,,ff53e5e4-10ef-4842-a0b7-b489956fa07e,2022,REG,,,,,,,,,2026-04-16 13:58:00.518610+00:00
9df59922-8e8e-48ed-abe9-ee3d04d44b81,Player_9df599,,,f58c6dbf-9dfe-487e-8b0b-af66af887206,2023,REG,,,,,,,,,2026-04-16 13:58:00.518612+00:00
9df59922-8e8e-48ed-abe9-ee3d04d44b81,Player_9df599,,,908fbc20-f5c7-11ee-a306-c311afc28263,2024,REG,,,,,,,,,2026-04-16 13:58:00.518615+00:00
9df59922-8e8e-48ed-abe9-ee3d04d44b81,Player_9df599,,,754e4990-efc7-11ef-bb2a-5d2d22b9215e,2025,REG,,,,,,,,,2026-04-16 13:58:00.518617+00:00
a5b6f4cc-989b-479e-a78f-ea243c55f2d7,Player_a5b6f4,,,17d91be7-4bd3-4407-80e2-eca205c9284a,2020,REG,,,,,,,,,2026-04-16 13:58:02.364809+00:00
a5b6f4cc-989b-479e-a78f-ea243c55f2d7,Player_a5b6f4,,,d1132b13-2c29-4e6d-9011-b627c7fd9a17,2021,REG,,,,,,,,,2026-04-16 13:58:02.364818+00:00
a5b6f4cc-989b-479e-a78f-ea243c55f2d7,Player_a5b6f4,,,ff53e5e4-10ef-4842-a0b7-b489956fa07e,2022,REG,,,,,,,,,2026-04-16 13:58:02.364820+00:00
a5b6f4cc-989b-479e-a78f-ea243c55f2d7,Player_a5b6f4,,,f58c6dbf-9dfe-487e-8b0b-af66af887206,2023,REG,,,,,,,,,2026-04-16 13:58:02.364823+00:00
a5b6f4cc-989b-479e-a78f-ea243c55f2d7,Player_a5b6f4,,,908fbc20-f5c7-11ee-a306-c311afc28263,2024,REG,,,,,,,,,2026-04-16 13:58:02.364825+00:00
a5b6f4cc-989b-479e-a78f-ea243c55f2d7,Player_a5b6f4,,,754e4990-efc7-11ef-bb2a-5d2d22b9215e,2025,REG,,,,,,,,,2026-04-16 13:58:02.364828+00:00
a5ec97a0-a276-11ed-8f2b-f3e5e15ec7fb,Player_a5ec97,,,f58c6dbf-9dfe-487e-8b0b-af66af887206,2023,REG,,,,,,,,,2026-04-16 13:58:04.226116+00:00
a5ec97a0-a276-11ed-8f2b-f3e5e15ec7fb,Player_a5ec97,,,908fbc20-f5c7-11ee-a306-c311afc28263,2024,REG,,,,,,,,,2026-04-16 13:58:04.226133+00:00
a5ec97a0-a276-11ed-8f2b-f3e5e15ec7fb,Player_a5ec97,,,754e4990-efc7-11ef-bb2a-5d2d22b9215e,2025,REG,,,,,,,,,2026-04-16 13:58:04.226136+00:00
a645f7b0-a275-11ed-8f2b-f3e5e15ec7fb,Player_a645f7,,,f58c6dbf-9dfe-487e-8b0b-af66af887206,2023,REG,,,,,,,,,2026-04-16 13:58:06.050729+00:00
a645f7b0-a275-11ed-8f2b-f3e5e15ec7fb,Player_a645f7,,,908fbc20-f5c7-11ee-a306-c311afc28263,2024,REG,,,,,,,,,2026-04-16 13:58:06.050739+00:00
a645f7b0-a275-11ed-8f2b-f3e5e15ec7fb,Player_a645f7,,,754e4990-efc7-11ef-bb2a-5d2d22b9215e,2025,REG,,,,,,,,,2026-04-16 13:58:06.050743+00:00
a82db4d0-f024-11ed-8095-ff92e6250fed,Player_a82db4,,,f58c6dbf-9dfe-487e-8b0b-af66af887206,2023,REG,,,,,,,,,2026-04-16 13:58:08.231305+00:00
a82db4d0-f024-11ed-8095-ff92e6250fed,Player_a82db4,,,908fbc20-f5c7-11ee-a306-c311afc28263,2024,REG,,,,,,,,,2026-04-16 13:58:08.231316+00:00
a82db4d0-f024-11ed-8095-ff92e6250fed,Player_a82db4,,,754e4990-efc7-11ef-bb2a-5d2d22b9215e,2025,REG,,,,,,,,,2026-04-16 13:58:08.231319+00:00
aa8cfc20-8510-11ec-9a71-73254de4b571,Player_aa8cfc,,,f58c6dbf-9dfe-487e-8b0b-af66af887206,2023,REG,,,,,,,,,2026-04-16 13:58:10.108966+00:00
aa8cfc20-8510-11ec-9a71-73254de4b571,Player_aa8cfc,,,908fbc20-f5c7-11ee-a306-c311afc28263,2024,REG,,,,,,,,,2026-04-16 13:58:10.108974+00:00
aa8cfc20-8510-11ec-9a71-73254de4b571,Player_aa8cfc,,,754e4990-efc7-11ef-bb2a-5d2d22b9215e,2025,REG,,,,,,,,,2026-04-16 13:58:10.108978+00:00
ab3ce9e0-1418-11ed-8f55-53b238da45a2,Player_ab3ce9,,,ff53e5e4-10ef-4842-a0b7-b489956fa07e,2022,REG,,,,,,,,,2026-04-16 13:58:12.201179+00:00
ab3ce9e0-1418-11ed-8f55-53b238da45a2,Player_ab3ce9,,,f58c6dbf-9dfe-487e-8b0b-af66af887206,2023,REG,,,,,,,,,2026-04-16 13:58:12.201188+00:00
ab3ce9e0-1418-11ed-8f55-53b238da45a2,Player_ab3ce9,,,908fbc20-f5c7-11ee-a306-c311afc28263,2024,REG,,,,,,,,,2026-04-16 13:58:12.201200+00:00
ab3ce9e0-1418-11ed-8f55-53b238da45a2,Player_ab3ce9,,,754e4990-efc7-11ef-bb2a-5d2d22b9215e,2025,REG,,,,,,,,,2026-04-16 13:58:12.201203+00:00
af6c3d50-58c6-11ef-9b3b-c731cdaeaa58,Player_af6c3d,,,908fbc20-f5c7-11ee-a306-c311afc28263,2024,REG,,,,,,,,,2026-04-16 13:58:14.005579+00:00
af6c3d50-58c6-11ef-9b3b-c731cdaeaa58,Player_af6c3d,,,754e4990-efc7-11ef-bb2a-5d2d22b9215e,2025,REG,,,,,,,,,2026-04-16 13:58:14.005587+00:00
afe3bc90-a70b-11ed-9c28-875d22de9ca9,Player_afe3bc,,,f58c6dbf-9dfe-487e-8b0b-af66af887206,2023,REG,,,,,,,,,2026-04-16 13:58:15.841798+00:00
afe3bc90-a70b-11ed-9c28-875d22de9ca9,Player_afe3bc,,,908fbc20-f5c7-11ee-a306-c311afc28263,2024,REG,,,,,,,,,2026-04-16 13:58:15.841807+00:00
afe3bc90-a70b-11ed-9c28-875d22de9ca9,Player_afe3bc,,,754e4990-efc7-11ef-bb2a-5d2d22b9215e,2025,REG,,,,,,,,,2026-04-16 13:58:15.841810+00:00
b7e8a2a0-30d1-11f0-881a-e573237ad853,Player_b7e8a2,,,754e4990-efc7-11ef-bb2a-5d2d22b9215e,2025,REG,,,,,,,,,2026-04-16 13:58:17.650524+00:00
b9c46ba0-318e-11f0-bf3f-a1f1a3d47671,Player_b9c46b,,,754e4990-efc7-11ef-bb2a-5d2d22b9215e,2025,REG,,,,,,,,,2026-04-16 13:58:19.575254+00:00
bb882ac0-c5c0-11ee-bbc7-a52b27e3c1e2,Player_bb882a,,,908fbc20-f5c7-11ee-a306-c311afc28263,2024,REG,,,,,,,,,2026-04-16 13:58:21.415092+00:00
bb882ac0-c5c0-11ee-bbc7-a52b27e3c1e2,Player_bb882a,,,754e4990-efc7-11ef-bb2a-5d2d22b9215e,2025,REG,,,,,,,,,2026-04-16 13:58:21.415100+00:00
be212c10-828d-11f0-8f76-359c9f6c2995,Player_be212c,,,754e4990-efc7-11ef-bb2a-5d2d22b9215e,2025,REG,,,,,,,,,2026-04-16 13:58:23.251405+00:00
bfbf7db0-313c-11ed-bfcf-65eaff9f277b,Player_bfbf7d,,,ff53e5e4-10ef-4842-a0b7-b489956fa07e,2022,REG,,,,,,,,,2026-04-16 13:58:25.021947+00:00
bfbf7db0-313c-11ed-bfcf-65eaff9f277b,Player_bfbf7d,,,f58c6dbf-9dfe-487e-8b0b-af66af887206,2023,REG,,,,,,,,,2026-04-16 13:58:25.021956+00:00
bfbf7db0-313c-11ed-bfcf-65eaff9f277b,Player_bfbf7d,,,908fbc20-f5c7-11ee-a306-c311afc28263,2024,REG,,,,,,,,,2026-04-16 13:58:25.021959+00:00
bfbf7db0-313c-11ed-bfcf-65eaff9f277b,Player_bfbf7d,,,754e4990-efc7-11ef-bb2a-5d2d22b9215e,2025,REG,,,,,,,,,2026-04-16 13:58:25.021962+00:00
c266f2d0-a8e4-11ed-8f9f-4571392585dc,Player_c266f2,,,f58c6dbf-9dfe-487e-8b0b-af66af887206,2023,REG,,,,,,,,,2026-04-16 13:58:26.827143+00:00
c266f2d0-a8e4-11ed-8f9f-4571392585dc,Player_c266f2,,,908fbc20-f5c7-11ee-a306-c311afc28263,2024,REG,,,,,,,,,2026-04-16 13:58:26.827150+00:00
c266f2d0-a8e4-11ed-8f9f-4571392585dc,Player_c266f2,,,754e4990-efc7-11ef-bb2a-5d2d22b9215e,2025,REG,,,,,,,,,2026-04-16 13:58:26.827153+00:00
c26b03e0-a275-11ed-8f2b-f3e5e15ec7fb,Player_c26b03,,,f58c6dbf-9dfe-487e-8b0b-af66af887206,2023,REG,,,,,,,,,2026-04-16 13:58:28.632983+00:00
c26b03e0-a275-11ed-8f2b-f3e5e15ec7fb,Player_c26b03,,,908fbc20-f5c7-11ee-a306-c311afc28263,2024,REG,,,,,,,,,2026-04-16 13:58:28.632991+00:00
c26b03e0-a275-11ed-8f2b-f3e5e15ec7fb,Player_c26b03,,,754e4990-efc7-11ef-bb2a-5d2d22b9215e,2025,REG,,,,,,,,,2026-04-16 13:58:28.632994+00:00
c3566590-30d2-11f0-b2d4-015799b0b751,Player_c35665,,,754e4990-efc7-11ef-bb2a-5d2d22b9215e,2025,REG,,,,,,,,,2026-04-16 13:58:30.464882+00:00
c358af00-58c7-11ef-9b3b-c731cdaeaa58,Player_c358af,,,908fbc20-f5c7-11ee-a306-c311afc28263,2024,REG,,,,,,,,,2026-04-16 13:58:32.241601+00:00
c358af00-58c7-11ef-9b3b-c731cdaeaa58,Player_c358af,,,754e4990-efc7-11ef-bb2a-5d2d22b9215e,2025,REG,,,,,,,,,2026-04-16 13:58:32.241609+00:00
c617a6c0-b9fc-11ee-9029-3760994e83f9,Player_c617a6,,,908fbc20-f5c7-11ee-a306-c311afc28263,2024,REG,,,,,,,,,2026-04-16 13:58:34.076942+00:00
c617a6c0-b9fc-11ee-9029-3760994e83f9,Player_c617a6,,,754e4990-efc7-11ef-bb2a-5d2d22b9215e,2025,REG,,,,,,,,,2026-04-16 13:58:34.076950+00:00
cd093fd0-8eab-11ec-8d02-85ead82574a9,Player_cd093f,,,ff53e5e4-10ef-4842-a0b7-b489956fa07e,2022,REG,,,,,,,,,2026-04-16 13:58:35.899592+00:00
cd093fd0-8eab-11ec-8d02-85ead82574a9,Player_cd093f,,,f58c6dbf-9dfe-487e-8b0b-af66af887206,2023,REG,,,,,,,,,2026-04-16 13:58:35.899600+00:00
cd093fd0-8eab-11ec-8d02-85ead82574a9,Player_cd093f,,,908fbc20-f5c7-11ee-a306-c311afc28263,2024,REG,,,,,,,,,2026-04-16 13:58:35.899604+00:00
cd093fd0-8eab-11ec-8d02-85ead82574a9,Player_cd093f,,,754e4990-efc7-11ef-bb2a-5d2d22b9215e,2025,REG,,,,,,,,,2026-04-16 13:58:35.899606+00:00
ce8aded0-a652-11ed-8186-3f56d8db30c9,Player_ce8ade,,,f58c6dbf-9dfe-487e-8b0b-af66af887206,2023,REG,,,,,,,,,2026-04-16 13:58:37.713923+00:00
ce8aded0-a652-11ed-8186-3f56d8db30c9,Player_ce8ade,,,908fbc20-f5c7-11ee-a306-c311afc28263,2024,REG,,,,,,,,,2026-04-16 13:58:37.713931+00:00
ce8aded0-a652-11ed-8186-3f56d8db30c9,Player_ce8ade,,,754e4990-efc7-11ef-bb2a-5d2d22b9215e,2025,REG,,,,,,,,,2026-04-16 13:58:37.713934+00:00
d018e8f0-1d86-11ed-94bb-9f870848f4f7,Player_d018e8,,,ff53e5e4-10ef-4842-a0b7-b489956fa07e,2022,REG,,,,,,,,,2026-04-16 13:58:39.525262+00:00
d018e8f0-1d86-11ed-94bb-9f870848f4f7,Player_d018e8,,,f58c6dbf-9dfe-487e-8b0b-af66af887206,2023,REG,,,,,,,,,2026-04-16 13:58:39.525269+00:00
d018e8f0-1d86-11ed-94bb-9f870848f4f7,Player_d018e8,,,908fbc20-f5c7-11ee-a306-c311afc28263,2024,REG,,,,,,,,,2026-04-16 13:58:39.525274+00:00
d018e8f0-1d86-11ed-94bb-9f870848f4f7,Player_d018e8,,,754e4990-efc7-11ef-bb2a-5d2d22b9215e,2025,REG,,,,,,,,,2026-04-16 13:58:39.525278+00:00
d1fd18b0-e9de-11ed-a3a6-d3659340da8d,Player_d1fd18,,,f58c6dbf-9dfe-487e-8b0b-af66af887206,2023,REG,,,,,,,,,2026-04-16 13:58:41.375583+00:00
d1fd18b0-e9de-11ed-a3a6-d3659340da8d,Player_d1fd18,,,908fbc20-f5c7-11ee-a306-c311afc28263,2024,REG,,,,,,,,,2026-04-16 13:58:41.375595+00:00
d1fd18b0-e9de-11ed-a3a6-d3659340da8d,Player_d1fd18,,,754e4990-efc7-11ef-bb2a-5d2d22b9215e,2025,REG,,,,,,,,,2026-04-16 13:58:41.375600+00:00
d7edec4a-0e7d-46c5-bc9b-4a311c486356,Player_d7edec,,,d1132b13-2c29-4e6d-9011-b627c7fd9a17,2021,REG,,,,,,,,,2026-04-16 13:58:43.178430+00:00
d7edec4a-0e7d-46c5-bc9b-4a311c486356,Player_d7edec,,,ff53e5e4-10ef-4842-a0b7-b489956fa07e,2022,REG,,,,,,,,,2026-04-16 13:58:43.178438+00:00
d7edec4a-0e7d-46c5-bc9b-4a311c486356,Player_d7edec,,,f58c6dbf-9dfe-487e-8b0b-af66af887206,2023,REG,,,,,,,,,2026-04-16 13:58:43.178441+00:00
d7edec4a-0e7d-46c5-bc9b-4a311c486356,Player_d7edec,,,908fbc20-f5c7-11ee-a306-c311afc28263,2024,REG,,,,,,,,,2026-04-16 13:58:43.178443+00:00
d7edec4a-0e7d-46c5-bc9b-4a311c486356,Player_d7edec,,,754e4990-efc7-11ef-bb2a-5d2d22b9215e,2025,REG,,,,,,,,,2026-04-16 13:58:43.178446+00:00
d7ee95b0-68fc-11f0-ac1f-4d05c93da686,Player_d7ee95,,,754e4990-efc7-11ef-bb2a-5d2d22b9215e,2025,REG,,,,,,,,,2026-04-16 13:58:44.999609+00:00
da346c40-1419-11ed-8f55-53b238da45a2,Player_da346c,,,ff53e5e4-10ef-4842-a0b7-b489956fa07e,2022,REG,,,,,,,,,2026-04-16 13:58:46.832598+00:00
da346c40-1419-11ed-8f55-53b238da45a2,Player_da346c,,,f58c6dbf-9dfe-487e-8b0b-af66af887206,2023,REG,,,,,,,,,2026-04-16 13:58:46.832605+00:00
da346c40-1419-11ed-8f55-53b238da45a2,Player_da346c,,,908fbc20-f5c7-11ee-a306-c311afc28263,2024,REG,,,,,,,,,2026-04-16 13:58:46.832608+00:00
da346c40-1419-11ed-8f55-53b238da45a2,Player_da346c,,,754e4990-efc7-11ef-bb2a-5d2d22b9215e,2025,REG,,,,,,,,,2026-04-16 13:58:46.832610+00:00
deff4e00-850f-11ec-b84d-a909c14fc4b8,Player_deff4e,,,ff53e5e4-10ef-4842-a0b7-b489956fa07e,2022,REG,,,,,,,,,2026-04-16 13:58:48.638414+00:00
deff4e00-850f-11ec-b84d-a909c14fc4b8,Player_deff4e,,,f58c6dbf-9dfe-487e-8b0b-af66af887206,2023,REG,,,,,,,,,2026-04-16 13:58:48.638423+00:00
deff4e00-850f-11ec-b84d-a909c14fc4b8,Player_deff4e,,,908fbc20-f5c7-11ee-a306-c311afc28263,2024,REG,,,,,,,,,2026-04-16 13:58:48.638426+00:00
deff4e00-850f-11ec-b84d-a909c14fc4b8,Player_deff4e,,,754e4990-efc7-11ef-bb2a-5d2d22b9215e,2025,REG,,,,,,,,,2026-04-16 13:58:48.638428+00:00
e1615a30-58c5-11ef-9b3b-c731cdaeaa58,Player_e1615a,,,908fbc20-f5c7-11ee-a306-c311afc28263,2024,REG,,,,,,,,,2026-04-16 13:58:50.445806+00:00
e1615a30-58c5-11ef-9b3b-c731cdaeaa58,Player_e1615a,,,754e4990-efc7-11ef-bb2a-5d2d22b9215e,2025,REG,,,,,,,,,2026-04-16 13:58:50.445815+00:00
e1b89c50-cdcf-11ed-8aca-3b1b1705cb38,Player_e1b89c,,,f58c6dbf-9dfe-487e-8b0b-af66af887206,2023,REG,,,,,,,,,2026-04-16 13:58:52.245988+00:00
e1b89c50-cdcf-11ed-8aca-3b1b1705cb38,Player_e1b89c,,,908fbc20-f5c7-11ee-a306-c311afc28263,2024,REG,,,,,,,,,2026-04-16 13:58:52.245996+00:00
e1b89c50-cdcf-11ed-8aca-3b1b1705cb38,Player_e1b89c,,,754e4990-efc7-11ef-bb2a-5d2d22b9215e,2025,REG,,,,,,,,,2026-04-16 13:58:52.246000+00:00
e2d23aa0-9447-11ec-adaa-8df9ab712ef8,Player_e2d23a,,,ff53e5e4-10ef-4842-a0b7-b489956fa07e,2022,REG,,,,,,,,,2026-04-16 13:58:54.080366+00:00
e2d23aa0-9447-11ec-adaa-8df9ab712ef8,Player_e2d23a,,,f58c6dbf-9dfe-487e-8b0b-af66af887206,2023,REG,,,,,,,,,2026-04-16 13:58:54.080374+00:00
e2d23aa0-9447-11ec-adaa-8df9ab712ef8,Player_e2d23a,,,908fbc20-f5c7-11ee-a306-c311afc28263,2024,REG,,,,,,,,,2026-04-16 13:58:54.080376+00:00
e2d23aa0-9447-11ec-adaa-8df9ab712ef8,Player_e2d23a,,,754e4990-efc7-11ef-bb2a-5d2d22b9215e,2025,REG,,,,,,,,,2026-04-16 13:58:54.080379+00:00
e4641ca0-a664-11ed-932d-1ba693c6f5bf,Player_e4641c,,,f58c6dbf-9dfe-487e-8b0b-af66af887206,2023,REG,,,,,,,,,2026-04-16 13:58:55.890379+00:00
e4641ca0-a664-11ed-932d-1ba693c6f5bf,Player_e4641c,,,908fbc20-f5c7-11ee-a306-c311afc28263,2024,REG,,,,,,,,,2026-04-16 13:58:55.890387+00:00
e4641ca0-a664-11ed-932d-1ba693c6f5bf,Player_e4641c,,,754e4990-efc7-11ef-bb2a-5d2d22b9215e,2025,REG,,,,,,,,,2026-04-16 13:58:55.890390+00:00
e636e750-a273-11ed-8f2b-f3e5e15ec7fb,Player_e636e7,,,f58c6dbf-9dfe-487e-8b0b-af66af887206,2023,REG,,,,,,,,,2026-04-16 13:58:57.709220+00:00
e636e750-a273-11ed-8f2b-f3e5e15ec7fb,Player_e636e7,,,908fbc20-f5c7-11ee-a306-c311afc28263,2024,REG,,,,,,,,,2026-04-16 13:58:57.709228+00:00
e636e750-a273-11ed-8f2b-f3e5e15ec7fb,Player_e636e7,,,754e4990-efc7-11ef-bb2a-5d2d22b9215e,2025,REG,,,,,,,,,2026-04-16 13:58:57.709231+00:00
e9a68790-828d-11f0-8f76-359c9f6c2995,Player_e9a687,,,754e4990-efc7-11ef-bb2a-5d2d22b9215e,2025,REG,,,,,,,,,2026-04-16 13:58:59.515145+00:00
ec83fd10-3190-11f0-9b47-bbcaf5ceb380,Player_ec83fd,,,754e4990-efc7-11ef-bb2a-5d2d22b9215e,2025,REG,,,,,,,,,2026-04-16 13:59:01.334927+00:00
ed6d3b50-138d-11ef-b40d-37c5c258d0b3,Player_ed6d3b,,,908fbc20-f5c7-11ee-a306-c311afc28263,2024,REG,,,,,,,,,2026-04-16 13:59:03.143142+00:00
ed6d3b50-138d-11ef-b40d-37c5c258d0b3,Player_ed6d3b,,,754e4990-efc7-11ef-bb2a-5d2d22b9215e,2025,REG,,,,,,,,,2026-04-16 13:59:03.143151+00:00
ee736f60-9c51-11ed-9b81-9b68194c9dc2,Player_ee736f,,,f58c6dbf-9dfe-487e-8b0b-af66af887206,2023,REG,,,,,,,,,2026-04-16 13:59:05.414348+00:00
ee736f60-9c51-11ed-9b81-9b68194c9dc2,Player_ee736f,,,908fbc20-f5c7-11ee-a306-c311afc28263,2024,REG,,,,,,,,,2026-04-16 13:59:05.414360+00:00
ee736f60-9c51-11ed-9b81-9b68194c9dc2,Player_ee736f,,,754e4990-efc7-11ef-bb2a-5d2d22b9215e,2025,REG,,,,,,,,,2026-04-16 13:59:05.414364+00:00
eeb59020-982d-11ed-83e5-c539351ebec3,Player_eeb590,,,f58c6dbf-9dfe-487e-8b0b-af66af887206,2023,REG,,,,,,,,,2026-04-16 13:59:07.260955+00:00
eeb59020-982d-11ed-83e5-c539351ebec3,Player_eeb590,,,908fbc20-f5c7-11ee-a306-c311afc28263,2024,REG,,,,,,,,,2026-04-16 13:59:07.260963+00:00
eeb59020-982d-11ed-83e5-c539351ebec3,Player_eeb590,,,754e4990-efc7-11ef-bb2a-5d2d22b9215e,2025,REG,,,,,,,,,2026-04-16 13:59:07.260966+00:00
f14d9740-c5c4-11ee-bbc7-a52b27e3c1e2,Player_f14d97,,,908fbc20-f5c7-11ee-a306-c311afc28263,2024,REG,,,,,,,,,2026-04-16 13:59:09.076764+00:00
f14d9740-c5c4-11ee-bbc7-a52b27e3c1e2,Player_f14d97,,,754e4990-efc7-11ef-bb2a-5d2d22b9215e,2025,REG,,,,,,,,,2026-04-16 13:59:09.076773+00:00
f26bc270-30ce-11f0-881a-e573237ad853,Player_f26bc2,,,754e4990-efc7-11ef-bb2a-5d2d22b9215e,2025,REG,,,,,,,,,2026-04-16 13:59:10.947432+00:00
f2949310-a275-11ed-8f2b-f3e5e15ec7fb,Player_f29493,,,f58c6dbf-9dfe-487e-8b0b-af66af887206,2023,REG,,,,,,,,,2026-04-16 13:59:12.765768+00:00
f2949310-a275-11ed-8f2b-f3e5e15ec7fb,Player_f29493,,,908fbc20-f5c7-11ee-a306-c311afc28263,2024,REG,,,,,,,,,2026-04-16 13:59:12.765778+00:00
f2949310-a275-11ed-8f2b-f3e5e15ec7fb,Player_f29493,,,754e4990-efc7-11ef-bb2a-5d2d22b9215e,2025,REG,,,,,,,,,2026-04-16 13:59:12.765780+00:00
fa770e90-30d1-11f0-881a-e573237ad853,Player_fa770e,,,754e4990-efc7-11ef-bb2a-5d2d22b9215e,2025,REG,,,,,,,,,2026-04-16 13:59:14.570923+00:00
faa58250-c761-11ee-8103-c1f6abe73ac2,Player_faa582,,,908fbc20-f5c7-11ee-a306-c311afc28263,2024,REG,,,,,,,,,2026-04-16 13:59:16.423426+00:00
faa58250-c761-11ee-8103-c1f6abe73ac2,Player_faa582,,,754e4990-efc7-11ef-bb2a-5d2d22b9215e,2025,REG,,,,,,,,,2026-04-16 13:59:16.423437+00:00
fb41d7a0-30dc-11f0-b2d4-015799b0b751,Player_fb41d7,,,754e4990-efc7-11ef-bb2a-5d2d22b9215e,2025,REG,,,,,,,,,2026-04-16 13:59:18.257085+00:00
fd9abcd0-9cdf-11ed-8450-073f5137ec67,Player_fd9abc,,,f58c6dbf-9dfe-487e-8b0b-af66af887206,2023,REG,,,,,,,,,2026-04-16 13:59:20.070915+00:00
fd9abcd0-9cdf-11ed-8450-073f5137ec67,Player_fd9abc,,,908fbc20-f5c7-11ee-a306-c311afc28263,2024,REG,,,,,,,,,2026-04-16 13:59:20.070923+00:00
fd9abcd0-9cdf-11ed-8450-073f5137ec67,Player_fd9abc,,,754e4990-efc7-11ef-bb2a-5d2d22b9215e,2025,REG,,,,,,,,,2026-04-16 13:59:20.070926+00:00
fe2b0780-37c2-11ee-8aad-e574e8ef7217,Player_fe2b07,,,f58c6dbf-9dfe-487e-8b0b-af66af887206,2023,REG,,,,,,,,,2026-04-16 13:59:21.971859+00:00
fe2b0780-37c2-11ee-8aad-e574e8ef7217,Player_fe2b07,,,908fbc20-f5c7-11ee-a306-c311afc28263,2024,REG,,,,,,,,,2026-04-16 13:59:21.971867+00:00
fe2b0780-37c2-11ee-8aad-e574e8ef7217,Player_fe2b07,,,754e4990-efc7-11ef-bb2a-5d2d22b9215e,2025,REG,,,,,,,,,2026-04-16 13:59:21.971870+00:00
fe568ef6-751d-408f-916f-639031271455,Player_fe568e,,,d1132b13-2c29-4e6d-9011-b627c7fd9a17,2021,REG,,,,,,,,,2026-04-16 13:59:23.779652+00:00
fe568ef6-751d-408f-916f-639031271455,Player_fe568e,,,ff53e5e4-10ef-4842-a0b7-b489956fa07e,2022,REG,,,,,,,,,2026-04-16 13:59:23.779660+00:00
fe568ef6-751d-408f-916f-639031271455,Player_fe568e,,,f58c6dbf-9dfe-487e-8b0b-af66af887206,2023,REG,,,,,,,,,2026-04-16 13:59:23.779663+00:00
fe568ef6-751d-408f-916f-639031271455,Player_fe568e,,,908fbc20-f5c7-11ee-a306-c311afc28263,2024,REG,,,,,,,,,2026-04-16 13:59:23.779665+00:00
fe568ef6-751d-408f-916f-639031271455,Player_fe568e,,,754e4990-efc7-11ef-bb2a-5d2d22b9215e,2025,REG,,,,,,,,,2026-04-16 13:59:23.779765+00:00
04803af0-716a-11f0-977f-59293e4fd80e,Player_04803a,,,754e4990-efc7-11ef-bb2a-5d2d22b9215e,2025,REG,,,,,,,,,2026-04-16 13:59:25.576532+00:00
050490b0-716b-11f0-a287-8719b85db03d,Player_050490,,,754e4990-efc7-11ef-bb2a-5d2d22b9215e,2025,REG,,,,,,,,,2026-04-16 13:59:27.439593+00:00
073c03a0-5f0a-11ef-b338-35bebc099ded,Player_073c03,,,908fbc20-f5c7-11ee-a306-c311afc28263,2024,REG,,,,,,,,,2026-04-16 13:59:29.245936+00:00
073c03a0-5f0a-11ef-b338-35bebc099ded,Player_073c03,,,754e4990-efc7-11ef-bb2a-5d2d22b9215e,2025,REG,,,,,,,,,2026-04-16 13:59:29.245944+00:00
09b05680-6582-11ef-a42b-5f56e33600f2,Player_09b056,,,908fbc20-f5c7-11ee-a306-c311afc28263,2024,REG,,,,,,,,,2026-04-16 13:59:31.058350+00:00
09b05680-6582-11ef-a42b-5f56e33600f2,Player_09b056,,,754e4990-efc7-11ef-bb2a-5d2d22b9215e,2025,REG,,,,,,,,,2026-04-16 13:59:31.058359+00:00
0ce1f160-9c30-11ec-9d66-0193ceabd1a0,Player_0ce1f1,,,ff53e5e4-10ef-4842-a0b7-b489956fa07e,2022,REG,,,,,,,,,2026-04-16 13:59:32.870370+00:00
0ce1f160-9c30-11ec-9d66-0193ceabd1a0,Player_0ce1f1,,,754e4990-efc7-11ef-bb2a-5d2d22b9215e,2025,REG,,,,,,,,,2026-04-16 13:59:32.870379+00:00
0dd30dc0-5100-11ef-a4af-45e63cab2369,Player_0dd30d,,,908fbc20-f5c7-11ee-a306-c311afc28263,2024,REG,,,,,,,,,2026-04-16 13:59:34.695937+00:00
0dd30dc0-5100-11ef-a4af-45e63cab2369,Player_0dd30d,,,754e4990-efc7-11ef-bb2a-5d2d22b9215e,2025,REG,,,,,,,,,2026-04-16 13:59:34.695944+00:00
102a9a30-60d6-11ef-ba5f-0b50bd80afd3,Player_102a9a,,,908fbc20-f5c7-11ee-a306-c311afc28263,2024,REG,,,,,,,,,2026-04-16 13:59:36.511198+00:00
102a9a30-60d6-11ef-ba5f-0b50bd80afd3,Player_102a9a,,,754e4990-efc7-11ef-bb2a-5d2d22b9215e,2025,REG,,,,,,,,,2026-04-16 13:59:36.511206+00:00
12cb7e80-716f-11f0-8c25-738aecb21966,Player_12cb7e,,,754e4990-efc7-11ef-bb2a-5d2d22b9215e,2025,REG,,,,,,,,,2026-04-16 13:59:38.331896+00:00
149d44f0-a166-11ec-90e0-3dddf3951577,Player_149d44,,,ff53e5e4-10ef-4842-a0b7-b489956fa07e,2022,REG,,,,,,,,,2026-04-16 13:59:40.120439+00:00
149d44f0-a166-11ec-90e0-3dddf3951577,Player_149d44,,,f58c6dbf-9dfe-487e-8b0b-af66af887206,2023,REG,,,,,,,,,2026-04-16 13:59:40.120450+00:00
149d44f0-a166-11ec-90e0-3dddf3951577,Player_149d44,,,908fbc20-f5c7-11ee-a306-c311afc28263,2024,REG,,,,,,,,,2026-04-16 13:59:40.120455+00:00
149d44f0-a166-11ec-90e0-3dddf3951577,Player_149d44,,,754e4990-efc7-11ef-bb2a-5d2d22b9215e,2025,REG,,,,,,,,,2026-04-16 13:59:40.120459+00:00
15a8f4e0-f4f2-11ec-a1bd-5b7e571ac891,Player_15a8f4,,,ff53e5e4-10ef-4842-a0b7-b489956fa07e,2022,REG,,,,,,,,,2026-04-16 13:59:41.940893+00:00
15a8f4e0-f4f2-11ec-a1bd-5b7e571ac891,Player_15a8f4,,,f58c6dbf-9dfe-487e-8b0b-af66af887206,2023,REG,,,,,,,,,2026-04-16 13:59:41.940902+00:00
15a8f4e0-f4f2-11ec-a1bd-5b7e571ac891,Player_15a8f4,,,908fbc20-f5c7-11ee-a306-c311afc28263,2024,REG,,,,,,,,,2026-04-16 13:59:41.940905+00:00
15a8f4e0-f4f2-11ec-a1bd-5b7e571ac891,Player_15a8f4,,,754e4990-efc7-11ef-bb2a-5d2d22b9215e,2025,REG,,,,,,,,,2026-04-16 13:59:41.940908+00:00
1b4fb500-9a5c-11ec-aa2d-1dee8c2946d2,Player_1b4fb5,,,ff53e5e4-10ef-4842-a0b7-b489956fa07e,2022,REG,,,,,,,,,2026-04-16 13:59:43.905372+00:00
1b4fb500-9a5c-11ec-aa2d-1dee8c2946d2,Player_1b4fb5,,,f58c6dbf-9dfe-487e-8b0b-af66af887206,2023,REG,,,,,,,,,2026-04-16 13:59:43.905380+00:00
1b4fb500-9a5c-11ec-aa2d-1dee8c2946d2,Player_1b4fb5,,,908fbc20-f5c7-11ee-a306-c311afc28263,2024,REG,,,,,,,,,2026-04-16 13:59:43.905383+00:00
1b4fb500-9a5c-11ec-aa2d-1dee8c2946d2,Player_1b4fb5,,,754e4990-efc7-11ef-bb2a-5d2d22b9215e,2025,REG,,,,,,,,,2026-04-16 13:59:43.905385+00:00
1d5aed20-0d01-11ed-a920-ef57a55dc365,Player_1d5aed,,,ff53e5e4-10ef-4842-a0b7-b489956fa07e,2022,REG,,,,,,,,,2026-04-16 13:59:45.711275+00:00
1d5aed20-0d01-11ed-a920-ef57a55dc365,Player_1d5aed,,,f58c6dbf-9dfe-487e-8b0b-af66af887206,2023,REG,,,,,,,,,2026-04-16 13:59:45.711283+00:00
1d5aed20-0d01-11ed-a920-ef57a55dc365,Player_1d5aed,,,908fbc20-f5c7-11ee-a306-c311afc28263,2024,REG,,,,,,,,,2026-04-16 13:59:45.711286+00:00
1d5aed20-0d01-11ed-a920-ef57a55dc365,Player_1d5aed,,,754e4990-efc7-11ef-bb2a-5d2d22b9215e,2025,REG,,,,,,,,,2026-04-16 13:59:45.711289+00:00
1e543190-7172-11f0-b93c-d75e19300ea0,Player_1e5431,,,754e4990-efc7-11ef-bb2a-5d2d22b9215e,2025,REG,,,,,,,,,2026-04-16 13:59:47.741940+00:00
1f1646b0-3d47-11ee-a476-8fb95bcffc93,Player_1f1646,,,f58c6dbf-9dfe-487e-8b0b-af66af887206,2023,REG,,,,,,,,,2026-04-16 13:59:49.534266+00:00
1f1646b0-3d47-11ee-a476-8fb95bcffc93,Player_1f1646,,,908fbc20-f5c7-11ee-a306-c311afc28263,2024,REG,,,,,,,,,2026-04-16 13:59:49.534275+00:00
1f1646b0-3d47-11ee-a476-8fb95bcffc93,Player_1f1646,,,754e4990-efc7-11ef-bb2a-5d2d22b9215e,2025,REG,,,,,,,,,2026-04-16 13:59:49.534278+00:00
1fa48034-263f-41d6-9a3d-bc31e8feae18,Player_1fa480,,,d1132b13-2c29-4e6d-9011-b627c7fd9a17,2021,REG,,,,,,,,,2026-04-16 13:59:51.332603+00:00
1fa48034-263f-41d6-9a3d-bc31e8feae18,Player_1fa480,,,ff53e5e4-10ef-4842-a0b7-b489956fa07e,2022,REG,,,,,,,,,2026-04-16 13:59:51.332615+00:00
1fa48034-263f-41d6-9a3d-bc31e8feae18,Player_1fa480,,,f58c6dbf-9dfe-487e-8b0b-af66af887206,2023,REG,,,,,,,,,2026-04-16 13:59:51.332619+00:00
1fa48034-263f-41d6-9a3d-bc31e8feae18,Player_1fa480,,,908fbc20-f5c7-11ee-a306-c311afc28263,2024,REG,,,,,,,,,2026-04-16 13:59:51.332623+00:00
1fa48034-263f-41d6-9a3d-bc31e8feae18,Player_1fa480,,,754e4990-efc7-11ef-bb2a-5d2d22b9215e,2025,REG,,,,,,,,,2026-04-16 13:59:51.332627+00:00
