stat_id,player_id,team_id,season_id,games_played,games_started,rushing_yards,rushing_touchdowns,receiving_yards,receiving_touchdowns,kick_return_yards,fumbles,first_name,last_name,position,team_name,team_market
988,1cd5b461-ae1c-4b02-a1a4-b44f225cf465,0,17d91be7-4bd3-4407-80e2-eca205c9284a,0,0,0,0,0,0,0,0,Jacob,Zeno,QB,,
837,ac7ff12e-185a-4496-9cc3-1717966ca4f3,0,17d91be7-4bd3-4407-80e2-eca205c9284a,0,0,0,0,0,0,0,0,Josh,Sterzer,TE,,
142,6e67e781-f023-44d0-94ae-3d547bace361,0,17d91be7-4bd3-4407-80e2-eca205c9284a,0,0,0,0,0,0,0,0,Logan,Mauldin,TE,,
699,486c92cc-9b66-477a-986a-7a01a8bdacb2,0,17d91be7-4bd3-4407-80e2-eca205c9284a,0,0,0,0,0,0,0,0,Jacob,Conover,QB,,
438,5452b611-8f00-4d3e-a074-c2efa8ca8325,0,17d91be7-4bd3-4407-80e2-eca205c9284a,0,0,0,0,0,0,0,0,Tim,Gans,RB,,
487,79bd7b6b-b5d1-4c22-b3a7-4b956598276c,0,17d91be7-4bd3-4407-80e2-eca205c9284a,0,0,0,0,0,0,0,0,Malik,Williams,OL,,
546,b402639b-f3b6-469f-ab63-f7f11c70be3c,0,17d91be7-4bd3-4407-80e2-eca205c9284a,0,0,0,0,0,0,0,0,Larenzo,McMillan,RB,,
450,5a6d9fad-91d9-47ab-8458-58cbab985303,0,17d91be7-4bd3-4407-80e2-eca205c9284a,0,0,0,0,0,0,0,0,Logan,Fife,QB,,
267,d9d2d8f6-d58d-4a0a-8d9a-471bdcecf3b5,0,17d91be7-4bd3-4407-80e2-eca205c9284a,0,0,0,0,0,0,0,0,Justin,Olson,WR,,
1125,825b16ba-2afc-4d05-9727-edab0fb0f126,0,17d91be7-4bd3-4407-80e2-eca205c9284a,0,0,0,0,0,0,0,0,Dayon,Hayes,DE,,
1189,9df59922-8e8e-48ed-abe9-ee3d04d44b81,0,17d91be7-4bd3-4407-80e2-eca205c9284a,0,0,0,0,0,0,0,0,EJ,Smith,RB,,
531,9f05fb6d-af1d-45f7-957c-a17cc7d0ef95,0,17d91be7-4bd3-4407-80e2-eca205c9284a,0,0,0,0,0,0,0,0,Devin,Ellison,WR,,
886,d2b815d7-f782-405c-a89a-67622a720afb,0,17d91be7-4bd3-4407-80e2-eca205c9284a,0,0,0,0,0,0,0,0,Broc,Lane,TE,,
676,2e0277f2-4daf-4e32-a9cb-9ef85ec18aaa,0,17d91be7-4bd3-4407-80e2-eca205c9284a,0,0,0,0,0,0,0,0,John,Miller,LB,,
634,099c3a84-56b8-4274-833c-f918f1b12da6,0,17d91be7-4bd3-4407-80e2-eca205c9284a,0,0,0,0,0,0,0,0,Nu'uletau,Sellesin,OLB,,
3,0e40e373-9eb9-49d5-9c85-ee6e7aa52fc3,0,17d91be7-4bd3-4407-80e2-eca205c9284a,0,0,0,0,0,0,0,0,Donald,Chaney,RB,,
126,67ad5355-7dac-47b1-8a50-8579f464cf0e,0,17d91be7-4bd3-4407-80e2-eca205c9284a,0,0,0,0,0,0,0,0,Ja'Qurious,Conley,DB,,
683,326abab8-a534-43ff-9cbd-536c43b044d8,0,17d91be7-4bd3-4407-80e2-eca205c9284a,0,0,0,0,0,0,0,0,Breaker,Mendenhall,SAF,,
15,109eeb62-2c58-4600-a9e1-22cd82316dde,0,17d91be7-4bd3-4407-80e2-eca205c9284a,0,0,0,0,0,0,0,0,Jalar,Holley,DL,,
330,00ae2420-59f3-484b-89d8-00b1ac2a37be,0,17d91be7-4bd3-4407-80e2-eca205c9284a,0,0,0,0,0,0,0,0,Nick,Session,SAF,,
796,9204ea0c-8566-4a40-8ade-08ed0a471cc9,0,17d91be7-4bd3-4407-80e2-eca205c9284a,0,0,0,0,0,0,0,0,Dylan,Tucker,CB,,
293,e970149b-f19f-4316-af52-5c646c9bc253,0,17d91be7-4bd3-4407-80e2-eca205c9284a,0,0,0,0,0,0,0,0,Jonny,King,OL,,
996,241e19ea-3867-48c6-90eb-de96acea7e9c,0,17d91be7-4bd3-4407-80e2-eca205c9284a,0,0,0,0,0,0,0,0,Nate,Boerkircher,TE,,
712,4e8522be-b33a-466b-9ffb-4347d72990ab,0,17d91be7-4bd3-4407-80e2-eca205c9284a,0,0,0,0,0,0,0,0,Demick,Starling,WR,,
1173,9452caab-2be2-427e-a63c-4a9edc252bdc,0,17d91be7-4bd3-4407-80e2-eca205c9284a,0,0,0,0,0,0,0,0,Jared,Zirkel,K,,
853,b494d312-2770-4bb5-a358-bd7cdeb42b05,0,17d91be7-4bd3-4407-80e2-eca205c9284a,0,0,0,0,0,0,0,0,Naki,Fahina,DT,,
803,936bbb11-3482-44b3-94a6-1a0d2afb345b,0,17d91be7-4bd3-4407-80e2-eca205c9284a,0,0,0,0,0,0,0,0,Miles,Davis,RB,,
949,097cb2ed-c95b-42fd-a056-8c83a40973e9,0,17d91be7-4bd3-4407-80e2-eca205c9284a,0,0,0,0,0,0,0,0,Ar'maj,Reed-Adams,G,,
766,7f0c1368-789c-40dd-bf65-f8276228d831,0,17d91be7-4bd3-4407-80e2-eca205c9284a,0,0,0,0,0,0,0,0,Bryson,Barnes,QB,,
39,24521cb3-4799-4130-903a-07e2add18eaf,0,17d91be7-4bd3-4407-80e2-eca205c9284a,0,0,0,0,0,0,0,0,Mason,Bowers,OL,,
1195,a5b6f4cc-989b-479e-a78f-ea243c55f2d7,0,17d91be7-4bd3-4407-80e2-eca205c9284a,0,0,0,0,0,0,0,0,Jacob,Graham,LS,,
61,3423a3a5-3ffc-4702-bae4-d016cb9c55bb,0,17d91be7-4bd3-4407-80e2-eca205c9284a,0,0,0,0,0,0,0,0,Colby,Garfield,LS,,
586,d15639f0-3704-11ee-be32-0d11f96c8dec,0,754e4990-efc7-11ef-bb2a-5d2d22b9215e,0,0,0,0,0,0,0,0,Rayfield,Lotten,TE,,
216,a55ae680-7f04-11f0-94c4-d54c749da4ec,0,754e4990-efc7-11ef-bb2a-5d2d22b9215e,0,0,0,0,0,0,0,0,Tyson,Craig,DB,,
618,f9b3eaa0-21f4-11f0-98a1-73112ad8abac,0,754e4990-efc7-11ef-bb2a-5d2d22b9215e,0,0,0,0,0,0,0,0,Lorenzo,Smith,CB,,
408,4333d3f0-27a2-11ef-a052-05d5583f7ae4,0,754e4990-efc7-11ef-bb2a-5d2d22b9215e,0,0,0,0,0,0,0,0,Zedekiah,Rodriguez-Brown,CB,,
1020,38a187c0-f030-11ed-8095-ff92e6250fed,0,754e4990-efc7-11ef-bb2a-5d2d22b9215e,0,0,0,0,0,0,0,0,Zachary,Clay,TE,,
860,b8b0b110-1b91-11ef-882f-2da870f232bf,0,754e4990-efc7-11ef-bb2a-5d2d22b9215e,0,0,0,0,0,0,0,0,Markie,Grant,CB,,
1212,aa8cfc20-8510-11ec-9a71-73254de4b571,0,754e4990-efc7-11ef-bb2a-5d2d22b9215e,0,0,0,0,0,0,0,0,Jadon,Scarlett,DT,,
1052,4620b030-9dcc-11ed-9ec1-d7898d8b70ab,0,754e4990-efc7-11ef-bb2a-5d2d22b9215e,0,0,0,0,0,0,0,0,KC,Concepcion,WR,,
842,ac7ff12e-185a-4496-9cc3-1717966ca4f3,0,754e4990-efc7-11ef-bb2a-5d2d22b9215e,0,0,0,0,0,0,0,0,Josh,Sterzer,TE,,
682,2f1fd160-7c8e-11f0-a90c-e39406096da4,0,754e4990-efc7-11ef-bb2a-5d2d22b9215e,0,0,0,0,0,0,0,0,Tevita,Tuha,OLB,,
522,97743c50-abaa-11ec-b6ea-913ac4d9e609,0,754e4990-efc7-11ef-bb2a-5d2d22b9215e,0,0,0,0,0,0,0,0,Josiah,Jackson,DL,,
152,6f7bdaaa-138f-4fec-8a61-6c1be48511c3,0,754e4990-efc7-11ef-bb2a-5d2d22b9215e,0,0,0,0,0,0,0,0,Henry,Rutledge,RB,,
1084,5935ba00-a275-11ed-8f2b-f3e5e15ec7fb,0,754e4990-efc7-11ef-bb2a-5d2d22b9215e,0,0,0,0,0,0,0,0,Taurean,York,LB,,
554,b4554250-3246-11ee-9bf9-b5db0242af4d,0,754e4990-efc7-11ef-bb2a-5d2d22b9215e,0,0,0,0,0,0,0,0,Siddeeq,Shabazz,SAF,,
184,98dfbd30-9061-11ec-8556-6fa97bcffaf0,0,754e4990-efc7-11ef-bb2a-5d2d22b9215e,0,0,0,0,0,0,0,0,Boston,Brinkley,OL,,
1116,7a3d5a00-3193-11f0-9b47-bbcaf5ceb380,0,754e4990-efc7-11ef-bb2a-5d2d22b9215e,0,0,0,0,0,0,0,0,Kade,Stewart,WR,,
773,7f170c70-58d5-11ef-858c-7160a458c289,0,754e4990-efc7-11ef-bb2a-5d2d22b9215e,0,0,0,0,0,0,0,0,Carson,Tujague,DT,,
613,f559e220-60cf-11ef-b49d-edf8451356a1,0,754e4990-efc7-11ef-bb2a-5d2d22b9215e,0,0,0,0,0,0,0,0,Jason,Gwan,DL,,
243,c74154b0-863c-11ec-8b4f-bfdcdbacd7ed,0,754e4990-efc7-11ef-bb2a-5d2d22b9215e,0,0,0,0,0,0,0,0,Mo,Clipper,OL,,
1015,2f40a100-f5af-11ed-b233-eff84a81117d,0,754e4990-efc7-11ef-bb2a-5d2d22b9215e,0,0,0,0,0,0,0,0,Shea,Freibaum,LS,,
147,6e67e781-f023-44d0-94ae-3d547bace361,0,754e4990-efc7-11ef-bb2a-5d2d22b9215e,0,0,0,0,0,0,0,0,Logan,Mauldin,TE,,
1239,c358af00-58c7-11ef-9b3b-c731cdaeaa58,0,754e4990-efc7-11ef-bb2a-5d2d22b9215e,0,0,0,0,0,0,0,0,Bryce,Barnes,OL,,
179,97f670b0-90eb-11f0-9c1f-13825b654c5a,0,754e4990-efc7-11ef-bb2a-5d2d22b9215e,0,0,0,0,0,0,0,0,Tristen,Brown,DL,,
1297,f26bc270-30ce-11f0-881a-e573237ad853,0,754e4990-efc7-11ef-bb2a-5d2d22b9215e,0,0,0,0,0,0,0,0,Kelshaun,Johnson,WR,,
1271,e1615a30-58c5-11ef-9b3b-c731cdaeaa58,0,754e4990-efc7-11ef-bb2a-5d2d22b9215e,0,0,0,0,0,0,0,0,Layne,Gerke,SAF,,
741,667a2cc0-425d-11f0-8ab8-c131fccb2279,0,754e4990-efc7-11ef-bb2a-5d2d22b9215e,0,0,0,0,0,0,0,0,Alex,Faiivae,TE,,
640,0a7bb1c0-4279-11f0-8c0c-bf2f3d0977bb,0,754e4990-efc7-11ef-bb2a-5d2d22b9215e,0,0,0,0,0,0,0,0,Joshua,Papu,DT,,
480,7202d860-5da9-11ef-8789-0b833c339564,0,754e4990-efc7-11ef-bb2a-5d2d22b9215e,0,0,0,0,0,0,0,0,Enzo-Pierre,Tayou,DL,,
832,a1260010-91d0-11ec-8160-e9ab30ce3cc4,0,754e4990-efc7-11ef-bb2a-5d2d22b9215e,0,0,0,0,0,0,0,0,Marcus,McKenzie,CB,,
512,8626b550-2ae0-11f0-9c90-c729826c945d,0,754e4990-efc7-11ef-bb2a-5d2d22b9215e,0,0,0,0,0,0,0,0,Zaiden,Davis,LB,,
1074,53097090-c358-11ee-ba4d-459a0a6fb31a,0,754e4990-efc7-11ef-bb2a-5d2d22b9215e,0,0,0,0,0,0,0,0,Coen,Echols,OL,,
704,486c92cc-9b66-477a-986a-7a01a8bdacb2,0,754e4990-efc7-11ef-bb2a-5d2d22b9215e,0,0,0,0,0,0,0,0,Jacob,Conover,QB,,
544,affc4fb0-5da5-11ef-b82a-1f262d1bbcfa,0,754e4990-efc7-11ef-bb2a-5d2d22b9215e,0,0,0,0,0,0,0,0,Roscoe,Burton,RB,,
1106,75964240-a1a9-11ed-8407-d326ef253fb2,0,754e4990-efc7-11ef-bb2a-5d2d22b9215e,0,0,0,0,0,0,0,0,Tyree,Adams,OL,,
576,c63e0e20-2add-11f0-9c90-c729826c945d,0,754e4990-efc7-11ef-bb2a-5d2d22b9215e,0,0,0,0,0,0,0,0,Jaylen,Patterson,QB,,
608,f1007e10-6a73-11f0-8b38-331fb0b112f4,0,754e4990-efc7-11ef-bb2a-5d2d22b9215e,0,0,0,0,0,0,0,0,Terrione,Graves,WR,,
238,b9071ee0-4871-11ee-9e0e-63ed7dedca5c,0,754e4990-efc7-11ef-bb2a-5d2d22b9215e,0,0,0,0,0,0,0,0,Justin,Hayes,LB,,
1037,408bc3c0-9ea4-11ed-975c-37b2dd34d160,0,754e4990-efc7-11ef-bb2a-5d2d22b9215e,0,0,0,0,0,0,0,0,Rickey,Gibson,DB,,
507,7f7433a0-bb00-11ee-866e-cb10e982d405,0,754e4990-efc7-11ef-bb2a-5d2d22b9215e,0,0,0,0,0,0,0,0,Elijah,Harvey,OL,,
137,6a685880-d8a9-11ee-b4ab-d9199a278cc1,0,754e4990-efc7-11ef-bb2a-5d2d22b9215e,0,0,0,0,0,0,0,0,Cameren,Smith,RB,,
1069,4cf67650-1416-11ed-99ab-175543659a4f,0,754e4990-efc7-11ef-bb2a-5d2d22b9215e,0,0,0,0,0,0,0,0,AJ,DiNota,RB,,
539,a10efc90-283f-11f0-8b1f-69cbca63cd08,0,754e4990-efc7-11ef-bb2a-5d2d22b9215e,0,0,0,0,0,0,0,0,DJ,Hill-Smith,SAF,,
169,8b539af0-c9e5-11ee-998a-fb9969bce195,0,754e4990-efc7-11ef-bb2a-5d2d22b9215e,0,0,0,0,0,0,0,0,Curtis,Simpson,DL,,
1261,d7ee95b0-68fc-11f0-ac1f-4d05c93da686,0,754e4990-efc7-11ef-bb2a-5d2d22b9215e,0,0,0,0,0,0,0,0,Will,Hargett,WR,,
1101,6f4f6bd0-901d-11ec-8556-6fa97bcffaf0,0,754e4990-efc7-11ef-bb2a-5d2d22b9215e,0,0,0,0,0,0,0,0,Micah,Riley,TE,,
1319,073c03a0-5f0a-11ef-b338-35bebc099ded,0,754e4990-efc7-11ef-bb2a-5d2d22b9215e,0,0,0,0,0,0,0,0,Phinnell,Marshall,OL,,
603,ebf04f70-3c8f-11f0-96a4-4bac3ff3e20a,0,754e4990-efc7-11ef-bb2a-5d2d22b9215e,0,0,0,0,0,0,0,0,Josiah,Thomas,TE,,
443,5452b611-8f00-4d3e-a074-c2efa8ca8325,0,754e4990-efc7-11ef-bb2a-5d2d22b9215e,0,0,0,0,0,0,0,0,Tim,Gans,RB,,
393,32d5ec50-2ad0-11f0-9c90-c729826c945d,0,754e4990-efc7-11ef-bb2a-5d2d22b9215e,0,0,0,0,0,0,0,0,Nathan,Wallin,LB,,
233,b1af8210-9d2a-11ed-a178-45615e5297d3,0,754e4990-efc7-11ef-bb2a-5d2d22b9215e,0,0,0,0,0,0,0,0,J'ven,Williams,OL,,
1165,8fc0fba0-30d2-11f0-881a-e573237ad853,0,754e4990-efc7-11ef-bb2a-5d2d22b9215e,0,0,0,0,0,0,0,0,Adonyss,Currie,CB,,
1005,28af9110-a263-11ed-8480-1d1f197292c4,0,754e4990-efc7-11ef-bb2a-5d2d22b9215e,0,0,0,0,0,0,0,0,Trovon,Baugh,OL,,
795,9089e0f3-1310-4a52-a173-75411bfda372,0,754e4990-efc7-11ef-bb2a-5d2d22b9215e,0,0,0,0,0,0,0,0,Ike,Larsen,SAF,,
475,6c02b770-27a1-11ef-a052-05d5583f7ae4,0,754e4990-efc7-11ef-bb2a-5d2d22b9215e,0,0,0,0,0,0,0,0,TJ,Pride,WR,,
265,d9c86350-c76b-11ed-9fa8-892eecf2a8d4,0,754e4990-efc7-11ef-bb2a-5d2d22b9215e,0,0,0,0,0,0,0,0,E. Jai,Mason,WR,,
534,9f05fb6d-af1d-45f7-957c-a17cc7d0ef95,0,754e4990-efc7-11ef-bb2a-5d2d22b9215e,0,0,0,0,0,0,0,0,Devin,Ellison,WR,,
324,fac17010-5daa-11f0-b396-c77a2c6a344d,0,754e4990-efc7-11ef-bb2a-5d2d22b9215e,0,0,0,0,0,0,0,0,Ian,Kelly,P,,
164,8091cd90-c601-11ee-a136-e78d78ebe5d6,0,754e4990-efc7-11ef-bb2a-5d2d22b9215e,0,0,0,0,0,0,0,0,Kendal,Brown,DL,,
1096,66b90f65-a1b9-4cfc-8be8-10cee7955279,0,754e4990-efc7-11ef-bb2a-5d2d22b9215e,0,0,0,0,0,0,0,0,Reuben,Fatheree,OL,,
726,58dfa520-4264-11f0-ae4b-5f7428cc98e8,0,754e4990-efc7-11ef-bb2a-5d2d22b9215e,0,0,0,0,0,0,0,0,Chris,Joe,LB,,
356,14d37a20-5da7-11ef-8cbf-53bfea86c76b,0,754e4990-efc7-11ef-bb2a-5d2d22b9215e,0,0,0,0,0,0,0,0,Hayden,Harlan,OL,,
968,0febff90-30d4-11f0-b2d4-015799b0b751,0,754e4990-efc7-11ef-bb2a-5d2d22b9215e,0,0,0,0,0,0,0,0,Tiger,Riden,RB,,
228,b015e7e0-9421-11ec-a0a0-bfb4bc95dfd2,0,754e4990-efc7-11ef-bb2a-5d2d22b9215e,0,0,0,0,0,0,0,0,Jayden,McGowan,WR,,
68,370cf600-c600-11ee-a136-e78d78ebe5d6,0,754e4990-efc7-11ef-bb2a-5d2d22b9215e,0,0,0,0,0,0,0,0,Grant,Laskey,TE,,
790,8b283ac0-55f6-11ef-9fab-1b5da905edda,0,754e4990-efc7-11ef-bb2a-5d2d22b9215e,0,0,0,0,0,0,0,0,Ronnie,Mageo,DL,,
470,68034870-9003-11ec-8556-6fa97bcffaf0,0,754e4990-efc7-11ef-bb2a-5d2d22b9215e,0,0,0,0,0,0,0,0,Gabe,Peterson,DE,,
260,cfa89717-fbc0-4409-9f8c-8ba6d9cadc2e,0,754e4990-efc7-11ef-bb2a-5d2d22b9215e,0,0,0,0,0,0,0,0,Shay,Taylor,LB,,
502,7dde36e0-3233-11ee-9cf4-b99040ba6229,0,754e4990-efc7-11ef-bb2a-5d2d22b9215e,0,0,0,0,0,0,0,0,Myles,Libman,WR,,
292,e95d1110-1ac7-11f0-9641-7701edd10ae5,0,754e4990-efc7-11ef-bb2a-5d2d22b9215e,0,0,0,0,0,0,0,0,Devin,Ancrum,DL,,
1091,64c1f5f0-9cda-11ed-8450-073f5137ec67,0,754e4990-efc7-11ef-bb2a-5d2d22b9215e,0,0,0,0,0,0,0,0,Will,Lee,CB,,
351,0d6d4900-6a71-11f0-a67b-953f53eacb27,0,754e4990-efc7-11ef-bb2a-5d2d22b9215e,0,0,0,0,0,0,0,0,Raylon,Carter,DL,,
963,0a60d230-37c0-11ee-8aad-e574e8ef7217,0,754e4990-efc7-11ef-bb2a-5d2d22b9215e,0,0,0,0,0,0,0,0,Ronnie,Crosby,RB,,
223,adab0510-edf9-11ee-b710-69770d9d52d5,0,754e4990-efc7-11ef-bb2a-5d2d22b9215e,0,0,0,0,0,0,0,0,Connor,Adair,TE,,
995,1fdfe7e0-68f1-11f0-bb08-7d75260c62f7,0,754e4990-efc7-11ef-bb2a-5d2d22b9215e,0,0,0,0,0,0,0,0,Jeremiah,Searcy,LB,,
415,4639c480-5da6-11ef-a192-57910f6f9546,0,754e4990-efc7-11ef-bb2a-5d2d22b9215e,0,0,0,0,0,0,0,0,Max,Dean,P,,
255,cf09b3b0-0ad7-11ee-b11a-011e268a3a23,0,754e4990-efc7-11ef-bb2a-5d2d22b9215e,0,0,0,0,0,0,0,0,Cheick,Kaba,DL,,
1187,9a6337c0-850f-11ec-b84d-a909c14fc4b8,0,754e4990-efc7-11ef-bb2a-5d2d22b9215e,0,0,0,0,0,0,0,0,Le'Veon,Moss,RB,,
867,bc9211c0-427d-11f0-bb14-959b9fa4cf5e,0,754e4990-efc7-11ef-bb2a-5d2d22b9215e,0,0,0,0,0,0,0,0,Kache,Kaio,TE,,
657,1b9d2920-4265-11f0-adcd-4f32db775f76,0,754e4990-efc7-11ef-bb2a-5d2d22b9215e,0,0,0,0,0,0,0,0,Ty,Olsen,WR,,
287,e5ca1080-5dc9-11f0-a5ce-0d2d9b9c0ab7,0,754e4990-efc7-11ef-bb2a-5d2d22b9215e,0,0,0,0,0,0,0,0,Dallas,Shirley,OL,,
689,3bdda240-426b-11f0-ad04-a5717f1bc1e7,0,754e4990-efc7-11ef-bb2a-5d2d22b9215e,0,0,0,0,0,0,0,0,Kone,Aumua-Uiagalelei,DT,,
529,9bf30800-7155-11f0-9c8d-157c2ed57168,0,754e4990-efc7-11ef-bb2a-5d2d22b9215e,0,0,0,0,0,0,0,0,Carson,Su'esu'e,TE,,
1304,fb41d7a0-30dc-11f0-b2d4-015799b0b751,0,754e4990-efc7-11ef-bb2a-5d2d22b9215e,0,0,0,0,0,0,0,0,Nelson,McGuire,OL,,
1278,e2d23aa0-9447-11ec-adaa-8df9ab712ef8,0,754e4990-efc7-11ef-bb2a-5d2d22b9215e,0,0,0,0,0,0,0,0,Houston,Thomas,TE,,
958,09e36060-f893-11ec-8190-074ed0b20d38,0,754e4990-efc7-11ef-bb2a-5d2d22b9215e,0,0,0,0,0,0,0,0,Preston,Landis,RB,,
748,67575191-4ef4-417a-bcc6-a0820dfe5f67,0,754e4990-efc7-11ef-bb2a-5d2d22b9215e,0,0,0,0,0,0,0,0,Noah,Avinger,CB,,
428,4d7c0c70-5f37-11ef-989c-fb03a30cd5a0,0,754e4990-efc7-11ef-bb2a-5d2d22b9215e,0,0,0,0,0,0,0,0,Amaurey,Brooks,CB,,
378,263c6510-9819-11ed-af31-5170ea7681d5,0,754e4990-efc7-11ef-bb2a-5d2d22b9215e,0,0,0,0,0,0,0,0,Jalen,Brown,RB,,
1336,15a8f4e0-f4f2-11ec-a1bd-5b7e571ac891,0,754e4990-efc7-11ef-bb2a-5d2d22b9215e,0,0,0,0,0,0,0,0,Qae'Shon,Sapp,OL,,
780,83f3e0c0-095d-11ed-988d-5f1c2a0e25d9,0,754e4990-efc7-11ef-bb2a-5d2d22b9215e,0,0,0,0,0,0,0,0,Chika,Ebunoha,SAF,,
250,cbcf1010-91f6-11ec-9587-0f8fa2cff168,0,754e4990-efc7-11ef-bb2a-5d2d22b9215e,0,0,0,0,0,0,0,0,Conner,Harrell,QB,,
492,79bd7b6b-b5d1-4c22-b3a7-4b956598276c,0,754e4990-efc7-11ef-bb2a-5d2d22b9215e,0,0,0,0,0,0,0,0,Malik,Williams,OL,,
684,326abab8-a534-43ff-9cbd-536c43b044d8,0,754e4990-efc7-11ef-bb2a-5d2d22b9215e,0,0,0,0,0,0,0,0,Breaker,Mendenhall,SAF,,
154,71811820-538b-11ef-b0d0-47e136320378,0,754e4990-efc7-11ef-bb2a-5d2d22b9215e,0,0,0,0,0,0,0,0,Caleb,Irving,DL,,
1086,5e586410-3193-11f0-9b47-bbcaf5ceb380,0,754e4990-efc7-11ef-bb2a-5d2d22b9215e,0,0,0,0,0,0,0,0,DJ,Sanders,DT,,
556,b487ae60-27a6-11ef-9d73-cf60abbf4cb3,0,754e4990-efc7-11ef-bb2a-5d2d22b9215e,0,0,0,0,0,0,0,0,Kai,Wheeler,OL,,
455,5a6d9fad-91d9-47ab-8458-58cbab985303,0,754e4990-efc7-11ef-bb2a-5d2d22b9215e,0,0,0,0,0,0,0,0,Logan,Fife,QB,,
405,3b2ad5d0-89bd-11ec-b4c8-9f80462526e1,0,754e4990-efc7-11ef-bb2a-5d2d22b9215e,0,0,0,0,0,0,0,0,Kaian,Roberts-Day,DL,,
245,c79c3bb0-550f-11ef-830c-e539946aedf9,0,754e4990-efc7-11ef-bb2a-5d2d22b9215e,0,0,0,0,0,0,0,0,Duke,Guenther,RB,,
1017,36e0e7e0-58c7-11ef-9b3b-c731cdaeaa58,0,754e4990-efc7-11ef-bb2a-5d2d22b9215e,0,0,0,0,0,0,0,0,Carter,Braugh,TE,,
1209,a82db4d0-f024-11ed-8095-ff92e6250fed,0,754e4990-efc7-11ef-bb2a-5d2d22b9215e,0,0,0,0,0,0,0,0,Johnny,Ryder,WR,,
1049,4513ad00-379b-11ee-9da9-cbc804f3c5d8,0,754e4990-efc7-11ef-bb2a-5d2d22b9215e,0,0,0,0,0,0,0,0,Jared,White,P,,
1241,c617a6c0-b9fc-11ee-9029-3760994e83f9,0,754e4990-efc7-11ef-bb2a-5d2d22b9215e,0,0,0,0,0,0,0,0,Angelo,McCullom,DL,,
1081,58f6a470-30dd-11f0-b43a-97e6db217ba1,0,754e4990-efc7-11ef-bb2a-5d2d22b9215e,0,0,0,0,0,0,0,0,Chace,Sims,DT,,
921,f34dbb10-a668-11ec-92a5-573ac41867f7,0,754e4990-efc7-11ef-bb2a-5d2d22b9215e,0,0,0,0,0,0,0,0,Kadin,Lynch,OL,,
711,4ded51c0-4279-11f0-b24b-b1bd15bc954c,0,754e4990-efc7-11ef-bb2a-5d2d22b9215e,0,0,0,0,0,0,0,0,Stockton,Pyne,DT,,
551,b402639b-f3b6-469f-ab63-f7f11c70be3c,0,754e4990-efc7-11ef-bb2a-5d2d22b9215e,0,0,0,0,0,0,0,0,Larenzo,McMillan,RB,,
743,66db49c0-b581-11ee-b40e-f93ca78b0985,0,754e4990-efc7-11ef-bb2a-5d2d22b9215e,0,0,0,0,0,0,0,0,Jared,Pele,OL,,
583,cf8a4170-9830-11ed-8d6d-afdc7fa870c6,0,754e4990-efc7-11ef-bb2a-5d2d22b9215e,0,0,0,0,0,0,0,0,Terrell,Washington,RB,,
373,1d043240-2e24-11f0-86c2-19e0544ae9b1,0,754e4990-efc7-11ef-bb2a-5d2d22b9215e,0,0,0,0,0,0,0,0,James,Williams,OL,,
80,3efdb810-0b7f-11ec-88fe-27c45d3b5fb1,0,754e4990-efc7-11ef-bb2a-5d2d22b9215e,0,0,0,0,0,0,0,0,Kristos,Fernandez,OL,,
1172,92f041cb-6cc9-4a25-8ca2-8752dafbbc3b,0,754e4990-efc7-11ef-bb2a-5d2d22b9215e,0,0,0,0,0,0,0,0,Albert,Regis,DT,,
1012,2a00a31b-02d5-412a-a4c2-00f9787f302c,0,754e4990-efc7-11ef-bb2a-5d2d22b9215e,0,0,0,0,0,0,0,0,Truette,Tumey,P,,
802,92c034a0-4267-11f0-818e-8f51873d88cf,0,754e4990-efc7-11ef-bb2a-5d2d22b9215e,0,0,0,0,0,0,0,0,Iverson,Report,DT,,
272,d9d2d8f6-d58d-4a0a-8d9a-471bdcecf3b5,0,754e4990-efc7-11ef-bb2a-5d2d22b9215e,0,0,0,0,0,0,0,0,Justin,Olson,WR,,
112,594a3360-0641-11ee-b45e-43d642150b47,0,754e4990-efc7-11ef-bb2a-5d2d22b9215e,0,0,0,0,0,0,0,0,Jason,Jeffares,TE,,
1044,43967bb0-37c3-11ee-8aad-e574e8ef7217,0,754e4990-efc7-11ef-bb2a-5d2d22b9215e,0,0,0,0,0,0,0,0,Tommy,Colligan,LB,,
884,d13b63a0-b93c-11ed-bee0-c37cad6c899f,0,754e4990-efc7-11ef-bb2a-5d2d22b9215e,0,0,0,0,0,0,0,0,James,Jennette,DL,,
514,884eef60-6686-11ef-a79e-6db417c0f9ac,0,754e4990-efc7-11ef-bb2a-5d2d22b9215e,0,0,0,0,0,0,0,0,Luke,Moise,OL,,
304,ecf592f0-2666-11ed-9c24-9b1ffa00bb37,0,754e4990-efc7-11ef-bb2a-5d2d22b9215e,0,0,0,0,0,0,0,0,Eli,Samples,OL,,
1236,c26b03e0-a275-11ed-8f2b-f3e5e15ec7fb,0,754e4990-efc7-11ef-bb2a-5d2d22b9215e,0,0,0,0,0,0,0,0,Bravion,Rogers,CB,,
706,4a741940-4268-11f0-8189-09da74d6f39a,0,754e4990-efc7-11ef-bb2a-5d2d22b9215e,0,0,0,0,0,0,0,0,Jared,Smith,OL,,
1294,eeb59020-982d-11ed-83e5-c539351ebec3,0,754e4990-efc7-11ef-bb2a-5d2d22b9215e,0,0,0,0,0,0,0,0,Jordan,Shaw,CB,,
1108,7665caf0-1387-11ef-a453-276e817b80af,0,754e4990-efc7-11ef-bb2a-5d2d22b9215e,0,0,0,0,0,0,0,0,Paxton,Land,QB,,
948,027e79d0-9867-11ed-88ac-030429d87b17,0,754e4990-efc7-11ef-bb2a-5d2d22b9215e,0,0,0,0,0,0,0,0,Richie,Anderson,TE,,
368,190afbc8-f9e1-4924-ab47-493048cfba6a,0,754e4990-efc7-11ef-bb2a-5d2d22b9215e,0,0,0,0,0,0,0,0,Florian,Staehler,OL,,
1140,89abe484-0e5c-4b37-9428-50d560ab6f52,0,754e4990-efc7-11ef-bb2a-5d2d22b9215e,0,0,0,0,0,0,0,0,Koli,Faaiu,OL,,
980,1b659870-68f3-11f0-bb08-7d75260c62f7,0,754e4990-efc7-11ef-bb2a-5d2d22b9215e,0,0,0,0,0,0,0,0,Jerome,Myles,WR,,
107,53f4c5e0-f636-11ec-a454-0195ac6142b0,0,754e4990-efc7-11ef-bb2a-5d2d22b9215e,0,0,0,0,0,0,0,0,Jamarrion,Solomon,DL,,
829,9ed55760-7c8d-11f0-a90c-e39406096da4,0,754e4990-efc7-11ef-bb2a-5d2d22b9215e,0,0,0,0,0,0,0,0,Beau,McGiven,LB,,
541,a57d35e0-2ae1-11f0-9c90-c729826c945d,0,754e4990-efc7-11ef-bb2a-5d2d22b9215e,0,0,0,0,0,0,0,0,Braydyn,Sage,LS,,
11,0ffc9700-8ecb-11ec-8d02-85ead82574a9,0,754e4990-efc7-11ef-bb2a-5d2d22b9215e,0,0,0,0,0,0,0,0,CJ,Clinkscales,DB,,
1103,70713a20-c5c2-11ee-bbc7-a52b27e3c1e2,0,754e4990-efc7-11ef-bb2a-5d2d22b9215e,0,0,0,0,0,0,0,0,Myles,Davis,SAF,,
733,60088e50-95b7-11ec-ac09-df8fdee6dbff,0,754e4990-efc7-11ef-bb2a-5d2d22b9215e,0,0,0,0,0,0,0,0,Antonio,Bluiett,DB,,
363,17b89e00-0d3b-11ed-bdf8-19cd47e5867a,0,754e4990-efc7-11ef-bb2a-5d2d22b9215e,0,0,0,0,0,0,0,0,Mark,Chapman,OL,,
203,a01963d0-9a5c-11ec-aa2d-1dee8c2946d2,0,754e4990-efc7-11ef-bb2a-5d2d22b9215e,0,0,0,0,0,0,0,0,Cole,Gonzales,QB,,
43,24521cb3-4799-4130-903a-07e2add18eaf,0,754e4990-efc7-11ef-bb2a-5d2d22b9215e,0,0,0,0,0,0,0,0,Mason,Bowers,OL,,
1321,09b05680-6582-11ef-a42b-5f56e33600f2,0,754e4990-efc7-11ef-bb2a-5d2d22b9215e,0,0,0,0,0,0,0,0,Kamari,Blankumsee,SAF,,
1135,88f45160-68f3-11f0-a1bf-757c76f75de4,0,754e4990-efc7-11ef-bb2a-5d2d22b9215e,0,0,0,0,0,0,0,0,Colton,Chmelar,K,,
975,15e0bf30-a274-11ed-8f2b-f3e5e15ec7fb,0,754e4990-efc7-11ef-bb2a-5d2d22b9215e,0,0,0,0,0,0,0,0,Chase,Bisontis,G,,
765,7ec48870-8f69-11ec-8556-6fa97bcffaf0,0,754e4990-efc7-11ef-bb2a-5d2d22b9215e,0,0,0,0,0,0,0,0,Chase,Tuatagaloa,TE,,
235,b2ea5310-5daa-11f0-a2dc-cbc8f0186027,0,754e4990-efc7-11ef-bb2a-5d2d22b9215e,0,0,0,0,0,0,0,0,Jeremiah,Hoffman,WR,,
75,3ece6d70-0fd2-11f0-afee-8b37bdbeabef,0,754e4990-efc7-11ef-bb2a-5d2d22b9215e,0,0,0,0,0,0,0,0,KD,Hunter-Gibson,WR,,
1353,1fa48034-263f-41d6-9a3d-bc31e8feae18,0,754e4990-efc7-11ef-bb2a-5d2d22b9215e,0,0,0,0,0,0,0,0,Alston,Hooker,QB,,
1167,92cdd7e0-58c5-11ef-9bfa-85db8004dd3b,0,754e4990-efc7-11ef-bb2a-5d2d22b9215e,0,0,0,0,0,0,0,0,Ramarian,Tillman,RB,,
1007,28e75f10-58c8-11ef-9b82-af825f74f838,0,754e4990-efc7-11ef-bb2a-5d2d22b9215e,0,0,0,0,0,0,0,0,Kyle,Garvis,LB,,
477,6f0f98f0-2ad1-11f0-9c90-c729826c945d,0,754e4990-efc7-11ef-bb2a-5d2d22b9215e,0,0,0,0,0,0,0,0,Joey,Banegas,LB,,
1226,be212c10-828d-11f0-8f76-359c9f6c2995,0,754e4990-efc7-11ef-bb2a-5d2d22b9215e,0,0,0,0,0,0,0,0,Luke,Miller,WR,,
906,e7e898d0-85e8-11ec-85cd-e5aab2bdaefb,0,754e4990-efc7-11ef-bb2a-5d2d22b9215e,0,0,0,0,0,0,0,0,Carter,Brown,K,,
326,fb701ab0-c824-11ee-a461-852eaf6dcde4,0,754e4990-efc7-11ef-bb2a-5d2d22b9215e,0,0,0,0,0,0,0,0,Khamani,Alexander,RB,,
166,89586320-5daa-11f0-8856-e339958c5358,0,754e4990-efc7-11ef-bb2a-5d2d22b9215e,0,0,0,0,0,0,0,0,Jaylen,Doss,DL,,
1284,e636e750-a273-11ed-8f2b-f3e5e15ec7fb,0,754e4990-efc7-11ef-bb2a-5d2d22b9215e,0,0,0,0,0,0,0,0,Rueben,Owens,RB,,
38,2051aa40-9002-11ec-8556-6fa97bcffaf0,0,754e4990-efc7-11ef-bb2a-5d2d22b9215e,0,0,0,0,0,0,0,0,Ta'ir,Brooks,WR,,
1316,04803af0-716a-11f0-977f-59293e4fd80e,0,754e4990-efc7-11ef-bb2a-5d2d22b9215e,0,0,0,0,0,0,0,0,Micah,Bell,DE,,
1130,825b16ba-2afc-4d05-9727-edab0fb0f126,0,754e4990-efc7-11ef-bb2a-5d2d22b9215e,0,0,0,0,0,0,0,0,Dayon,Hayes,DE,,
760,7bfb2520-9b7c-11ed-a4a7-731774d8a58d,0,754e4990-efc7-11ef-bb2a-5d2d22b9215e,0,0,0,0,0,0,0,0,Kahanu,Davis,WR,,
230,b138e2d0-5daf-11ef-8f49-359551f881f7,0,754e4990-efc7-11ef-bb2a-5d2d22b9215e,0,0,0,0,0,0,0,0,Jaylen,Hampton,WR,,
70,37ed7580-c601-11ee-a136-e78d78ebe5d6,0,754e4990-efc7-11ef-bb2a-5d2d22b9215e,0,0,0,0,0,0,0,0,Cornell,Allen,DB,,
1348,1f1646b0-3d47-11ee-a476-8fb95bcffc93,0,754e4990-efc7-11ef-bb2a-5d2d22b9215e,0,0,0,0,0,0,0,0,Kelvin,Broadhurst,DL,,
1002,25571960-6e8b-11f0-b19a-5d92a85ce2cc,0,754e4990-efc7-11ef-bb2a-5d2d22b9215e,0,0,0,0,0,0,0,0,Nathan,Mabon,DT,,
262,d5d1d6b0-c601-11ee-a136-e78d78ebe5d6,0,754e4990-efc7-11ef-bb2a-5d2d22b9215e,0,0,0,0,0,0,0,0,Darius,Wallace,DL,,
1194,9df59922-8e8e-48ed-abe9-ee3d04d44b81,0,754e4990-efc7-11ef-bb2a-5d2d22b9215e,0,0,0,0,0,0,0,0,EJ,Smith,RB,,
1034,40090110-30d3-11f0-b2d4-015799b0b751,0,754e4990-efc7-11ef-bb2a-5d2d22b9215e,0,0,0,0,0,0,0,0,Noah,Mikhail,LB,,
874,c5a2add0-425d-11f0-934d-f7e9e71fee1e,0,754e4990-efc7-11ef-bb2a-5d2d22b9215e,0,0,0,0,0,0,0,0,Jack,Hadfield,CB,,
321,f70e79d0-41d3-11ee-b817-0f26c6ec7934,0,754e4990-efc7-11ef-bb2a-5d2d22b9215e,0,0,0,0,0,0,0,0,Shaku,Sangarie,DL,,
161,7f827cf6-3e26-4b20-8b59-53c8295b056c,0,754e4990-efc7-11ef-bb2a-5d2d22b9215e,0,0,0,0,0,0,0,0,Zion,Shockley,DL,,
1,0cd56f20-55d3-11f0-8ba3-059567f97ec8,0,754e4990-efc7-11ef-bb2a-5d2d22b9215e,0,0,0,0,0,0,0,0,Henry,Searcy,LS,,
353,0df8f060-94c1-11ec-9a13-bdad2320c674,0,754e4990-efc7-11ef-bb2a-5d2d22b9215e,0,0,0,0,0,0,0,0,Bernock,Iya,SAF,,
1029,3e417b90-84a2-11ec-a2e6-affc80bcd2fc,0,754e4990-efc7-11ef-bb2a-5d2d22b9215e,0,0,0,0,0,0,0,0,Julio,Humphrey,CB,,
499,7c12ef00-9003-11ec-8556-6fa97bcffaf0,0,754e4990-efc7-11ef-bb2a-5d2d22b9215e,0,0,0,0,0,0,0,0,Trevor,Stephens,TE,,
1221,afe3bc90-a70b-11ed-9c28-875d22de9ca9,0,754e4990-efc7-11ef-bb2a-5d2d22b9215e,0,0,0,0,0,0,0,0,Sam,M'Pemba,DE,,
851,b275c520-4268-11f0-bfa4-359ba2a687ff,0,754e4990-efc7-11ef-bb2a-5d2d22b9215e,0,0,0,0,0,0,0,0,Lava,Vailahi,SAF,,
960,0a553a00-c5c9-11ee-bbc7-a52b27e3c1e2,0,754e4990-efc7-11ef-bb2a-5d2d22b9215e,0,0,0,0,0,0,0,0,Terry,Bussey,WR,,
590,d1e723d0-078e-11ed-be58-e3ef448594e4,0,754e4990-efc7-11ef-bb2a-5d2d22b9215e,0,0,0,0,0,0,0,0,Bryant,Jackson,LB,,
430,503924c0-51fe-11ef-be91-a96888ef97aa,0,754e4990-efc7-11ef-bb2a-5d2d22b9215e,0,0,0,0,0,0,0,0,Lyndon,Ravare,WR,,
220,a9564c20-039c-11ed-82c0-ed1d42e26c7b,0,754e4990-efc7-11ef-bb2a-5d2d22b9215e,0,0,0,0,0,0,0,0,Sean,Brown,WR,,
60,2c0ef5c8-26e3-495a-83c1-c5dfaf726332,0,754e4990-efc7-11ef-bb2a-5d2d22b9215e,0,0,0,0,0,0,0,0,Derrick,Edwards,DB,,
1152,8c405310-f027-11ed-8095-ff92e6250fed,0,754e4990-efc7-11ef-bb2a-5d2d22b9215e,0,0,0,0,0,0,0,0,Aidan,Herrera,LB,,
782,8515cb90-486c-11ee-a993-9f05516de4bd,0,754e4990-efc7-11ef-bb2a-5d2d22b9215e,0,0,0,0,0,0,0,0,Tanner,Rinker,K,,
622,fb3d6b70-3246-11ee-9bf9-b5db0242af4d,0,754e4990-efc7-11ef-bb2a-5d2d22b9215e,0,0,0,0,0,0,0,0,David,Barela,RB,,
412,436271b0-2295-11ed-9479-578a7cf992f8,0,754e4990-efc7-11ef-bb2a-5d2d22b9215e,0,0,0,0,0,0,0,0,Tyler,Keinath,OL,,
814,94cf5830-8f68-11ec-8556-6fa97bcffaf0,0,754e4990-efc7-11ef-bb2a-5d2d22b9215e,0,0,0,0,0,0,0,0,Ryker,Lotulelei,LB,,
654,15ed9270-41c1-11f0-92c2-6b42fe9a68ac,0,754e4990-efc7-11ef-bb2a-5d2d22b9215e,0,0,0,0,0,0,0,0,Charger,Doty,SAF,,
124,6247d884-40c6-4af5-8276-16cc34a37f25,0,754e4990-efc7-11ef-bb2a-5d2d22b9215e,0,0,0,0,0,0,0,0,Breon,Noel,DB,,
1216,ab3ce9e0-1418-11ed-8f55-53b238da45a2,0,754e4990-efc7-11ef-bb2a-5d2d22b9215e,0,0,0,0,0,0,0,0,Levi,Hancock,LS,,
846,b10e2df0-8f68-11ec-8556-6fa97bcffaf0,0,754e4990-efc7-11ef-bb2a-5d2d22b9215e,0,0,0,0,0,0,0,0,Enoka,Migao,OLB,,
686,32e04ac0-b582-11ee-b40e-f93ca78b0985,0,754e4990-efc7-11ef-bb2a-5d2d22b9215e,0,0,0,0,0,0,0,0,Tate,Kjar,WR,,
156,7e6c1e60-550f-11ef-830c-e539946aedf9,0,754e4990-efc7-11ef-bb2a-5d2d22b9215e,0,0,0,0,0,0,0,0,Aydan,Cannon,DB,,
1248,ce8aded0-a652-11ed-8186-3f56d8db30c9,0,754e4990-efc7-11ef-bb2a-5d2d22b9215e,0,0,0,0,0,0,0,0,T.J.,Searcy,DE,,
1088,6342fe60-68f0-11f0-8055-b384b1c02ffd,0,754e4990-efc7-11ef-bb2a-5d2d22b9215e,0,0,0,0,0,0,0,0,Gray,Evans,LS,,
928,f69fda60-810b-11f0-aa49-29c031b71a35,0,754e4990-efc7-11ef-bb2a-5d2d22b9215e,0,0,0,0,0,0,0,0,Adonis,Jackson,DL,,
375,23fc3d50-1b7d-11ef-aac1-654c5b1dc56b,0,754e4990-efc7-11ef-bb2a-5d2d22b9215e,0,0,0,0,0,0,0,0,Desmin,Hatfield-Rushton,SAF,,
215,a509f8d3-042e-4928-a938-9aab59ae9467,0,754e4990-efc7-11ef-bb2a-5d2d22b9215e,0,0,0,0,0,0,0,0,Andrew,Adair,OL,,
55,2a0f33d5-3ddc-4eac-930e-250b630ac785,0,754e4990-efc7-11ef-bb2a-5d2d22b9215e,0,0,0,0,0,0,0,0,Randy,Franklin,DB,,
617,f9663c80-2acb-11f0-9c90-c729826c945d,0,754e4990-efc7-11ef-bb2a-5d2d22b9215e,0,0,0,0,0,0,0,0,Saveon,Freeman,CB,,
87,432ada80-0ad0-11ec-9466-75df4dae1e10,0,754e4990-efc7-11ef-bb2a-5d2d22b9215e,0,0,0,0,0,0,0,0,Braden,Mullen,DL,,
1179,9875f210-30d1-11f0-881a-e573237ad853,0,754e4990-efc7-11ef-bb2a-5d2d22b9215e,0,0,0,0,0,0,0,0,Deyjhon,Pettaway,CB,,
119,5e6b81a0-5dab-11f0-84a7-571b82393123,0,754e4990-efc7-11ef-bb2a-5d2d22b9215e,0,0,0,0,0,0,0,0,Chris,Morton,DL,,
891,d2b815d7-f782-405c-a89a-67622a720afb,0,754e4990-efc7-11ef-bb2a-5d2d22b9215e,0,0,0,0,0,0,0,0,Broc,Lane,TE,,
681,2e0277f2-4daf-4e32-a9cb-9ef85ec18aaa,0,754e4990-efc7-11ef-bb2a-5d2d22b9215e,0,0,0,0,0,0,0,0,John,Miller,LB,,
923,f3bf5cb0-b580-11ee-b40e-f93ca78b0985,0,754e4990-efc7-11ef-bb2a-5d2d22b9215e,0,0,0,0,0,0,0,0,Carl,Nesmith,OLB,,
1301,fa770e90-30d1-11f0-881a-e573237ad853,0,754e4990-efc7-11ef-bb2a-5d2d22b9215e,0,0,0,0,0,0,0,0,Jamar,Beal-Goines,CB,,
1115,7a1e5145-a3d7-414f-aea3-36d05e7fa8f9,0,754e4990-efc7-11ef-bb2a-5d2d22b9215e,0,0,0,0,0,0,0,0,Randy,Bond,K,,
82,3fcec0e0-c603-11ee-a136-e78d78ebe5d6,0,754e4990-efc7-11ef-bb2a-5d2d22b9215e,0,0,0,0,0,0,0,0,JJ,Okate,LB,,
644,1053b100-9026-11ec-8556-6fa97bcffaf0,0,754e4990-efc7-11ef-bb2a-5d2d22b9215e,0,0,0,0,0,0,0,0,Anthony,Garcia,QB,,
484,737f1cc0-4465-11ee-913c-b50a102d2720,0,754e4990-efc7-11ef-bb2a-5d2d22b9215e,0,0,0,0,0,0,0,0,Colt,Mangino,SAF,,
274,dc4812a0-c5fe-11ee-a136-e78d78ebe5d6,0,754e4990-efc7-11ef-bb2a-5d2d22b9215e,0,0,0,0,0,0,0,0,DeQuinder,Williams,DB,,
1206,a645f7b0-a275-11ed-8f2b-f3e5e15ec7fb,0,754e4990-efc7-11ef-bb2a-5d2d22b9215e,0,0,0,0,0,0,0,0,Dalton,Brooks,SAF,,
1046,4407fd40-59bd-11ef-8650-ef78f1118428,0,754e4990-efc7-11ef-bb2a-5d2d22b9215e,0,0,0,0,0,0,0,0,Alex,Abbott,P,,
836,a9df7310-8f4d-11ec-9f33-1965c9c46e44,0,754e4990-efc7-11ef-bb2a-5d2d22b9215e,0,0,0,0,0,0,0,0,Bryson,Taylor,CB,,
306,efd23d20-5f2b-11ef-8e4d-dd1a852fa1ea,0,754e4990-efc7-11ef-bb2a-5d2d22b9215e,0,0,0,0,0,0,0,0,Zyheem,Collick,WR,,
1078,55bb3770-850b-11ec-b446-1b024413db39,0,754e4990-efc7-11ef-bb2a-5d2d22b9215e,0,0,0,0,0,0,0,0,Bryce,Anderson,SAF,,
708,4b1177f0-19d1-11ef-bb12-b104ac890a9c,0,754e4990-efc7-11ef-bb2a-5d2d22b9215e,0,0,0,0,0,0,0,0,Courage,Ugo,CB,,
178,90bf2f90-1aca-11f0-aae7-45b2cf1c4160,0,754e4990-efc7-11ef-bb2a-5d2d22b9215e,0,0,0,0,0,0,0,0,Jariel,Cobb,RB,,
1296,f14d9740-c5c4-11ee-bbc7-a52b27e3c1e2,0,754e4990-efc7-11ef-bb2a-5d2d22b9215e,0,0,0,0,0,0,0,0,Kendall,Jackson,DE,,
1110,79779a00-c5c3-11ee-bbc7-a52b27e3c1e2,0,754e4990-efc7-11ef-bb2a-5d2d22b9215e,0,0,0,0,0,0,0,0,Ashton,Funk,OL,,
740,655e89e0-ef75-11ed-8ee5-ed3948282ce6,0,754e4990-efc7-11ef-bb2a-5d2d22b9215e,0,0,0,0,0,0,0,0,Jimmy,Liston,OL,,
580,cdf38210-1f61-11ed-a14c-9bcddb7a0cb8,0,754e4990-efc7-11ef-bb2a-5d2d22b9215e,0,0,0,0,0,0,0,0,Sone,Aupiu,LB,,
210,a473ef04-9c3e-49a1-9319-d3ec996a67ec,0,754e4990-efc7-11ef-bb2a-5d2d22b9215e,0,0,0,0,0,0,0,0,Gavin,Shipman,DB,,
50,291247a0-5dab-11f0-ae7d-0b5add8e8157,0,754e4990-efc7-11ef-bb2a-5d2d22b9215e,0,0,0,0,0,0,0,0,Luke,McNulty,QB,,
1328,12cb7e80-716f-11f0-8c25-738aecb21966,0,754e4990-efc7-11ef-bb2a-5d2d22b9215e,0,0,0,0,0,0,0,0,Niles,Johnson,DL,,
982,1b6db4a0-58c9-11ef-a260-5771b46d1c81,0,754e4990-efc7-11ef-bb2a-5d2d22b9215e,0,0,0,0,0,0,0,0,Ashton,Bethel-Roman,WR,,
109,5844d160-94d6-11ec-9a13-bdad2320c674,0,754e4990-efc7-11ef-bb2a-5d2d22b9215e,0,0,0,0,0,0,0,0,DJ,Burgess,DL,,
1041,411fc440-850e-11ec-b84d-a909c14fc4b8,0,754e4990-efc7-11ef-bb2a-5d2d22b9215e,0,0,0,0,0,0,0,0,Jarred,Kerr,SAF,,
881,d0e34030-42b2-11ee-996a-6deae86de19e,0,754e4990-efc7-11ef-bb2a-5d2d22b9215e,0,0,0,0,0,0,0,0,Jeremiah,Holmes,LB,,
671,289d9d30-426a-11f0-b81e-833f871e3388,0,754e4990-efc7-11ef-bb2a-5d2d22b9215e,0,0,0,0,0,0,0,0,Noah,White,RB,,
511,80fbf4b0-283c-11f0-8b1f-69cbca63cd08,0,754e4990-efc7-11ef-bb2a-5d2d22b9215e,0,0,0,0,0,0,0,0,Jackson,Owens,WR,,
301,ebfb4780-3530-11ee-8165-1f072663a93e,0,754e4990-efc7-11ef-bb2a-5d2d22b9215e,0,0,0,0,0,0,0,0,Bronson,Long,P,,
141,6cdd7500-9fc1-11ec-8d3e-25cbf0d2c00a,0,754e4990-efc7-11ef-bb2a-5d2d22b9215e,0,0,0,0,0,0,0,0,Jorel,Liverpool,DL,,
1233,c266f2d0-a8e4-11ed-8f9f-4571392585dc,0,754e4990-efc7-11ef-bb2a-5d2d22b9215e,0,0,0,0,0,0,0,0,Tawfiq,Byard,SAF,,
913,f04629f0-9d09-11ed-b6b0-219682d17820,0,754e4990-efc7-11ef-bb2a-5d2d22b9215e,0,0,0,0,0,0,0,0,Chapman,Lewis,SAF,,
173,8c517d10-9bfb-11ec-a07d-ffdc5a3c6e65,0,754e4990-efc7-11ef-bb2a-5d2d22b9215e,0,0,0,0,0,0,0,0,Chance,Williams,RB,,
13,10626c40-5513-11ef-830c-e539946aedf9,0,754e4990-efc7-11ef-bb2a-5d2d22b9215e,0,0,0,0,0,0,0,0,Derrick,Eley,WR,,
1291,ee736f60-9c51-11ed-9b81-9b68194c9dc2,0,754e4990-efc7-11ef-bb2a-5d2d22b9215e,0,0,0,0,0,0,0,0,Wilkin,Formby,OL,,
1265,da346c40-1419-11ed-8f55-53b238da45a2,0,754e4990-efc7-11ef-bb2a-5d2d22b9215e,0,0,0,0,0,0,0,0,Chance,Jackson,OL,,
945,015f9cb0-a275-11ed-8f2b-f3e5e15ec7fb,0,754e4990-efc7-11ef-bb2a-5d2d22b9215e,0,0,0,0,0,0,0,0,Daymion,Sanford,LB,,
575,c3d6df10-a1a8-11ed-aa6e-af6a28059e98,0,754e4990-efc7-11ef-bb2a-5d2d22b9215e,0,0,0,0,0,0,0,0,Obinna,Okeke,DE,,
205,a205a550-c601-11ee-a136-e78d78ebe5d6,0,754e4990-efc7-11ef-bb2a-5d2d22b9215e,0,0,0,0,0,0,0,0,Umar,Rockhead,OL,,
1323,0ce1f160-9c30-11ec-9d66-0193ceabd1a0,0,754e4990-efc7-11ef-bb2a-5d2d22b9215e,0,0,0,0,0,0,0,0,Willie,Hamilton,SAF,,
607,efc79e90-abc4-11ed-af6b-612f86e2e77f,0,754e4990-efc7-11ef-bb2a-5d2d22b9215e,0,0,0,0,0,0,0,0,Joshua,Goines,TE,,
397,37fcfbe0-2ae1-11f0-9c90-c729826c945d,0,754e4990-efc7-11ef-bb2a-5d2d22b9215e,0,0,0,0,0,0,0,0,Gavin,Jones,OL,,
639,099c3a84-56b8-4274-833c-f918f1b12da6,0,754e4990-efc7-11ef-bb2a-5d2d22b9215e,0,0,0,0,0,0,0,0,Nu'uletau,Sellesin,OLB,,
826,9bd914d0-2bee-11ee-b0fd-8d51d3f80cbb,0,754e4990-efc7-11ef-bb2a-5d2d22b9215e,0,0,0,0,0,0,0,0,Javon,Robinson,WR,,
666,1eec079b-e6d2-44b6-88a7-e7ae26beac31,0,754e4990-efc7-11ef-bb2a-5d2d22b9215e,0,0,0,0,0,0,0,0,Bo,Maile,DT,,
698,4823e8f0-41be-11f0-bb53-03bc080d8b95,0,754e4990-efc7-11ef-bb2a-5d2d22b9215e,0,0,0,0,0,0,0,0,Nikko,Boncore,WR,,
538,a0ca7310-1468-11ed-82e6-6fe596000b9f,0,754e4990-efc7-11ef-bb2a-5d2d22b9215e,0,0,0,0,0,0,0,0,Allen,Ortiz,WR,,
328,0084a5c0-55a6-11ef-8604-39be19864f4a,0,754e4990-efc7-11ef-bb2a-5d2d22b9215e,0,0,0,0,0,0,0,0,James,Jones,RB,,
1286,ec83fd10-3190-11f0-9b47-bbcaf5ceb380,0,754e4990-efc7-11ef-bb2a-5d2d22b9215e,0,0,0,0,0,0,0,0,Tyler,Thomas,OL,,
1260,d7edec4a-0e7d-46c5-bc9b-4a311c486356,0,754e4990-efc7-11ef-bb2a-5d2d22b9215e,0,0,0,0,0,0,0,0,Cashius,Howell,DE,,
940,fe685aa0-4264-11f0-b241-e77944236d7c,0,754e4990-efc7-11ef-bb2a-5d2d22b9215e,0,0,0,0,0,0,0,0,Paxton,Naegle,OLB,,
1132,85e91f10-c5c9-11ee-bbc7-a52b27e3c1e2,0,754e4990-efc7-11ef-bb2a-5d2d22b9215e,0,0,0,0,0,0,0,0,Robert,Bourdon,OL,,
972,14d10fe0-9033-11ec-8556-6fa97bcffaf0,0,754e4990-efc7-11ef-bb2a-5d2d22b9215e,0,0,0,0,0,0,0,0,CJ,Mims,DL,,
602,eac3b260-2ae0-11f0-9c90-c729826c945d,0,754e4990-efc7-11ef-bb2a-5d2d22b9215e,0,0,0,0,0,0,0,0,Sam,Garcia,OL,,
392,32b2bdcb-308d-481b-be93-1a3e12d64ef9,0,754e4990-efc7-11ef-bb2a-5d2d22b9215e,0,0,0,0,0,0,0,0,Jamall,Thompson,DE,,
72,39f1cb80-5510-11ef-830c-e539946aedf9,0,754e4990-efc7-11ef-bb2a-5d2d22b9215e,0,0,0,0,0,0,0,0,Jake,Davids,RB,,
1164,8ee02562-28be-4533-91f6-9692de970893,0,754e4990-efc7-11ef-bb2a-5d2d22b9215e,0,0,0,0,0,0,0,0,Amari,Daniels,RB,,
323,f7731410-bf7f-11ee-a13f-ed32196b8875,0,754e4990-efc7-11ef-bb2a-5d2d22b9215e,0,0,0,0,0,0,0,0,Lane,Wadle,TE,,
1281,e4641ca0-a664-11ed-932d-1ba693c6f5bf,0,754e4990-efc7-11ef-bb2a-5d2d22b9215e,0,0,0,0,0,0,0,0,Jonah,Wilson,WR,,
1255,d1fd18b0-e9de-11ed-a3a6-d3659340da8d,0,754e4990-efc7-11ef-bb2a-5d2d22b9215e,0,0,0,0,0,0,0,0,Dezz,Ricks,CB,,
725,57123390-37ab-11ee-931c-8fb5c3eda51c,0,754e4990-efc7-11ef-bb2a-5d2d22b9215e,0,0,0,0,0,0,0,0,Noah,Flores,CB,,
195,9c762670-9c57-11ed-8502-732faaf2b36c,0,754e4990-efc7-11ef-bb2a-5d2d22b9215e,0,0,0,0,0,0,0,0,Jameel,Croft,CB,,
967,0f4fdc10-30d3-11f0-b2d4-015799b0b751,0,754e4990-efc7-11ef-bb2a-5d2d22b9215e,0,0,0,0,0,0,0,0,Rashad,Johnson,SAF,,
757,79ac92f0-41be-11f0-a77a-71c95d444ce4,0,754e4990-efc7-11ef-bb2a-5d2d22b9215e,0,0,0,0,0,0,0,0,Sam,Brousseau,OL,,
597,dc54cd90-3d2a-11ee-97f5-a762c687b444,0,754e4990-efc7-11ef-bb2a-5d2d22b9215e,0,0,0,0,0,0,0,0,Israel,Clark-White,DB,,
437,52f6fbd0-469a-11ee-806b-6198cd20ebec,0,754e4990-efc7-11ef-bb2a-5d2d22b9215e,0,0,0,0,0,0,0,0,RJ,Chapman,SAF,,
387,2fa8a360-2adf-11f0-9c90-c729826c945d,0,754e4990-efc7-11ef-bb2a-5d2d22b9215e,0,0,0,0,0,0,0,0,David,Barker,K,,
1345,1e543190-7172-11f0-b93c-d75e19300ea0,0,754e4990-efc7-11ef-bb2a-5d2d22b9215e,0,0,0,0,0,0,0,0,Robert,Steward,SAF,,
1159,8cc5c0b9-52e8-45da-b6a6-bf67fab9781c,0,754e4990-efc7-11ef-bb2a-5d2d22b9215e,0,0,0,0,0,0,0,0,William,Huntsinger,OL,,
629,04e7a830-426b-11f0-b149-2bf57366bd2e,0,754e4990-efc7-11ef-bb2a-5d2d22b9215e,0,0,0,0,0,0,0,0,Sampson,Alofipo,LB,,
1031,3f43aed0-318f-11f0-9b47-bbcaf5ceb380,0,754e4990-efc7-11ef-bb2a-5d2d22b9215e,0,0,0,0,0,0,0,0,Joshua,Moses,OL,,
661,1c348490-8ec8-11ec-8d02-85ead82574a9,0,754e4990-efc7-11ef-bb2a-5d2d22b9215e,0,0,0,0,0,0,0,0,Kye,Stokes,SAF,,
291,e7261400-039b-11ed-82c0-ed1d42e26c7b,0,754e4990-efc7-11ef-bb2a-5d2d22b9215e,0,0,0,0,0,0,0,0,Isaiah,Bullerdick,OL,,
1223,b9c46ba0-318e-11f0-bf3f-a1f1a3d47671,0,754e4990-efc7-11ef-bb2a-5d2d22b9215e,0,0,0,0,0,0,0,0,Marcus,Garcia,OL,,
1063,49ce21b0-f027-11ed-8095-ff92e6250fed,0,754e4990-efc7-11ef-bb2a-5d2d22b9215e,0,0,0,0,0,0,0,0,Isaiah,Willis,SAF,,
720,52a00400-37b9-11ee-931c-8fb5c3eda51c,0,754e4990-efc7-11ef-bb2a-5d2d22b9215e,0,0,0,0,0,0,0,0,Cole,Keele,OL,,
350,0b617010-2ace-11f0-9c90-c729826c945d,0,754e4990-efc7-11ef-bb2a-5d2d22b9215e,0,0,0,0,0,0,0,0,DJ,Cloyd,SAF,,
752,6a895f7c-2726-424c-9239-c75711e801d3,0,754e4990-efc7-11ef-bb2a-5d2d22b9215e,0,0,0,0,0,0,0,0,Landon,Rehkow,P,,
1340,1b4fb500-9a5c-11ec-aa2d-1dee8c2946d2,0,754e4990-efc7-11ef-bb2a-5d2d22b9215e,0,0,0,0,0,0,0,0,Antoine,Bell,TE,,
994,1f26a290-3191-11f0-9b47-bbcaf5ceb380,0,754e4990-efc7-11ef-bb2a-5d2d22b9215e,0,0,0,0,0,0,0,0,Lamont,Rogers,OL,,
784,87c1aa30-5414-11ef-a062-cfeebfd2a57c,0,754e4990-efc7-11ef-bb2a-5d2d22b9215e,0,0,0,0,0,0,0,0,Hyrum,Hatch,LS,,
866,bc0bbf30-08fc-11ec-b8fa-57b2949e3d13,0,754e4990-efc7-11ef-bb2a-5d2d22b9215e,0,0,0,0,0,0,0,0,Jake,Eichorn,OL,,
816,97220380-5135-11ef-a32b-1d178ecb5496,0,754e4990-efc7-11ef-bb2a-5d2d22b9215e,0,0,0,0,0,0,0,0,Tre,Kofe,RB,,
656,16bb8100-ca9c-11ee-bc5a-9b1eab687e18,0,754e4990-efc7-11ef-bb2a-5d2d22b9215e,0,0,0,0,0,0,0,0,David,Kabongo,SAF,,
286,e3c8e1c0-3d38-11ee-8eee-1bc3c0a4785e,0,754e4990-efc7-11ef-bb2a-5d2d22b9215e,0,0,0,0,0,0,0,0,Jaden,Barnes,WR,,
1218,af6c3d50-58c6-11ef-9b3b-c731cdaeaa58,0,754e4990-efc7-11ef-bb2a-5d2d22b9215e,0,0,0,0,0,0,0,0,Peyton,Gay,SAF,,
688,3b28b3b0-4277-11f0-bf1d-bdb0750aded0,0,754e4990-efc7-11ef-bb2a-5d2d22b9215e,0,0,0,0,0,0,0,0,John,Shepard,CB,,
528,9ac4326b-8d32-4372-923d-d0b607b132b0,0,754e4990-efc7-11ef-bb2a-5d2d22b9215e,0,0,0,0,0,0,0,0,Sioeli,Helu,OL,,
318,f558c2e0-9b74-11ed-995c-61201f00f829,0,754e4990-efc7-11ef-bb2a-5d2d22b9215e,0,0,0,0,0,0,0,0,Collin,Gill,DB,,
1303,faa58250-c761-11ee-8103-c1f6abe73ac2,0,754e4990-efc7-11ef-bb2a-5d2d22b9215e,0,0,0,0,0,0,0,0,Mario,Craver,WR,,
1149,8b83aaea-9a5d-448e-b776-1bca1e229e94,0,754e4990-efc7-11ef-bb2a-5d2d22b9215e,0,0,0,0,0,0,0,0,Dametrious,Crownover,OT,,
619,f9d2cab0-283e-11f0-8b1f-69cbca63cd08,0,754e4990-efc7-11ef-bb2a-5d2d22b9215e,0,0,0,0,0,0,0,0,Shawn,Brown,WR,,
459,5f00c340-892a-11ec-8f84-d9482b6bb8ac,0,754e4990-efc7-11ef-bb2a-5d2d22b9215e,0,0,0,0,0,0,0,0,TK,King,WR,,
89,491c0c80-c06c-11ee-86a6-9d30df5b5397,0,754e4990-efc7-11ef-bb2a-5d2d22b9215e,0,0,0,0,0,0,0,0,Parker,Startz,LB,,
861,baa59b20-4269-11f0-918d-a505378136e2,0,754e4990-efc7-11ef-bb2a-5d2d22b9215e,0,0,0,0,0,0,0,0,Nehemiah,Washington,RB,,
651,12496a10-3e24-11ee-9b24-e310b9cd24cc,0,754e4990-efc7-11ef-bb2a-5d2d22b9215e,0,0,0,0,0,0,0,0,Brevin,Hamblin,SAF,,
1245,cd093fd0-8eab-11ec-8d02-85ead82574a9,0,754e4990-efc7-11ef-bb2a-5d2d22b9215e,0,0,0,0,0,0,0,0,Anto,Saka,DL,,
1085,5a0e3a80-30d3-11f0-b2d4-015799b0b751,0,754e4990-efc7-11ef-bb2a-5d2d22b9215e,0,0,0,0,0,0,0,0,Jamarion,Morrow,RB,,
345,096b4530-c84f-11ed-aa38-3705defb1bc0,0,754e4990-efc7-11ef-bb2a-5d2d22b9215e,0,0,0,0,0,0,0,0,Jeremiah,Sandiford,DL,,
25,11723729-0313-461b-b439-f160fed91704,0,754e4990-efc7-11ef-bb2a-5d2d22b9215e,0,0,0,0,0,0,0,0,Thai,Baldwin,DB,,
1144,8af66110-8abc-11ec-accc-5b87d3320078,0,754e4990-efc7-11ef-bb2a-5d2d22b9215e,0,0,0,0,0,0,0,0,Ryan,Henderson,DE,,
984,1bfa4f20-58c7-11ef-9b3b-c731cdaeaa58,0,754e4990-efc7-11ef-bb2a-5d2d22b9215e,0,0,0,0,0,0,0,0,Boomer,Graham,LS,,
646,105d4cf0-b582-11ee-b40e-f93ca78b0985,0,754e4990-efc7-11ef-bb2a-5d2d22b9215e,0,0,0,0,0,0,0,0,Camden,Jury,OL,,
486,772b0cf0-27a2-11ef-a052-05d5583f7ae4,0,754e4990-efc7-11ef-bb2a-5d2d22b9215e,0,0,0,0,0,0,0,0,Lanar,Kelley,CB,,
116,5b6c4630-f899-11ec-8190-074ed0b20d38,0,754e4990-efc7-11ef-bb2a-5d2d22b9215e,0,0,0,0,0,0,0,0,Treyveon,McGee,DB,,
518,919092e0-4134-11ee-a29b-d5830e0bb7e0,0,754e4990-efc7-11ef-bb2a-5d2d22b9215e,0,0,0,0,0,0,0,0,Brody,Richter,P,,
1080,56d2d810-6650-11ef-b911-0fe9496618ac,0,754e4990-efc7-11ef-bb2a-5d2d22b9215e,0,0,0,0,0,0,0,0,TJ,Smith,LB,,
710,4d68c160-b005-11ee-bee3-851404741fcc,0,754e4990-efc7-11ef-bb2a-5d2d22b9215e,0,0,0,0,0,0,0,0,Seth,Wilfred,OL,,
180,9844c580-5dab-11f0-ba90-a53e454377ef,0,754e4990-efc7-11ef-bb2a-5d2d22b9215e,0,0,0,0,0,0,0,0,Isaac,Sikes-Rasby,OL,,
20,109eeb62-2c58-4600-a9e1-22cd82316dde,0,754e4990-efc7-11ef-bb2a-5d2d22b9215e,0,0,0,0,0,0,0,0,Jalar,Holley,DL,,
372,1a234230-1d9e-11ed-8092-5bce02fd28ab,0,754e4990-efc7-11ef-bb2a-5d2d22b9215e,0,0,0,0,0,0,0,0,Ma'Kyi,Lee,OL,,
801,9204ea0c-8566-4a40-8ade-08ed0a471cc9,0,754e4990-efc7-11ef-bb2a-5d2d22b9215e,0,0,0,0,0,0,0,0,Dylan,Tucker,CB,,
641,0f5cff30-425d-11f0-8e25-8b3547e97815,0,754e4990-efc7-11ef-bb2a-5d2d22b9215e,0,0,0,0,0,0,0,0,Luke,Durfey,LB,,
481,72af38a0-6a71-11f0-89e0-29ae24f13021,0,754e4990-efc7-11ef-bb2a-5d2d22b9215e,0,0,0,0,0,0,0,0,Kyah,Francone,K,,
1203,a5ec97a0-a276-11ed-8f2b-f3e5e15ec7fb,0,754e4990-efc7-11ef-bb2a-5d2d22b9215e,0,0,0,0,0,0,0,0,Tyler,White,P,,
673,2a1b3300-d0f3-11ee-97f5-3f56e685e648,0,754e4990-efc7-11ef-bb2a-5d2d22b9215e,0,0,0,0,0,0,0,0,L.J.,Johnson,WR,,
705,48833000-193a-11f0-bf15-3f77322dd40d,0,754e4990-efc7-11ef-bb2a-5d2d22b9215e,0,0,0,0,0,0,0,0,John,Gayer,OLB,,
545,b2131890-6a71-11f0-a80f-4bd99249d373,0,754e4990-efc7-11ef-bb2a-5d2d22b9215e,0,0,0,0,0,0,0,0,Ezra,Hensley,OL,,
335,00ae2420-59f3-484b-89d8-00b1ac2a37be,0,754e4990-efc7-11ef-bb2a-5d2d22b9215e,0,0,0,0,0,0,0,0,Nick,Session,SAF,,
737,6426e760-37ba-11ee-931c-8fb5c3eda51c,0,754e4990-efc7-11ef-bb2a-5d2d22b9215e,0,0,0,0,0,0,0,0,Bryan,Vogl,DT,,
47,27c2d1c0-993c-11ed-961f-17b5255c6c3e,0,754e4990-efc7-11ef-bb2a-5d2d22b9215e,0,0,0,0,0,0,0,0,Adam,Hopkins,WR,,
1325,0dd30dc0-5100-11ef-a4af-45e63cab2369,0,754e4990-efc7-11ef-bb2a-5d2d22b9215e,0,0,0,0,0,0,0,0,Gabe,Navarro,OL,,
979,1a9ba170-8e8e-11ec-8d02-85ead82574a9,0,754e4990-efc7-11ef-bb2a-5d2d22b9215e,0,0,0,0,0,0,0,0,Amari,Niblack,TE,,
609,f1e4b7d0-2ade-11f0-9c90-c729826c945d,0,754e4990-efc7-11ef-bb2a-5d2d22b9215e,0,0,0,0,0,0,0,0,Merrick,Becerra,OL,,
449,5a3a7090-3635-11ee-b235-33015af903c7,0,754e4990-efc7-11ef-bb2a-5d2d22b9215e,0,0,0,0,0,0,0,0,Jerry,Lydiatt,TE,,
399,38604b10-4472-11ef-9e1f-0ba477f4ee93,0,754e4990-efc7-11ef-bb2a-5d2d22b9215e,0,0,0,0,0,0,0,0,Armond,Owens,OL,,
239,c2d25380-5dab-11f0-8859-d336fc2c2655,0,754e4990-efc7-11ef-bb2a-5d2d22b9215e,0,0,0,0,0,0,0,0,Devon,St. Clair,DB,,
878,c8484ba0-a4c0-11ec-b346-69864c4e95e6,0,754e4990-efc7-11ef-bb2a-5d2d22b9215e,0,0,0,0,0,0,0,0,Tyree,Morris,DT,,
828,9c1a16d0-27a4-11ef-a052-05d5583f7ae4,0,754e4990-efc7-11ef-bb2a-5d2d22b9215e,0,0,0,0,0,0,0,0,Ta'Avili,Tuitama,DL,,
298,e970149b-f19f-4316-af52-5c646c9bc253,0,754e4990-efc7-11ef-bb2a-5d2d22b9215e,0,0,0,0,0,0,0,0,Jonny,King,OL,,
1230,bfbf7db0-313c-11ed-bfcf-65eaff9f277b,0,754e4990-efc7-11ef-bb2a-5d2d22b9215e,0,0,0,0,0,0,0,0,Nana,Boadi-Owusu,DE,,
1070,4eb067f0-3194-11f0-9b47-bbcaf5ceb380,0,754e4990-efc7-11ef-bb2a-5d2d22b9215e,0,0,0,0,0,0,0,0,Landon,Rink,DT,,
910,eadee650-8f68-11ec-8556-6fa97bcffaf0,0,754e4990-efc7-11ef-bb2a-5d2d22b9215e,0,0,0,0,0,0,0,0,Tavo,Motu'apuaka,OL,,
540,a530cbf0-2ad3-11f0-9c90-c729826c945d,0,754e4990-efc7-11ef-bb2a-5d2d22b9215e,0,0,0,0,0,0,0,0,AJ,Williams,WR,,
1288,ed6d3b50-138d-11ef-b40d-37c5c258d0b3,0,754e4990-efc7-11ef-bb2a-5d2d22b9215e,0,0,0,0,0,0,0,0,Luke,Braden,TE,,
942,001576c0-139b-11ef-9335-d1cdfba8ea86,0,754e4990-efc7-11ef-bb2a-5d2d22b9215e,0,0,0,0,0,0,0,0,Dashawn,Fillmore,SAF,,
572,c1c282c0-396e-11ee-ae5f-cda3d899f6b1,0,754e4990-efc7-11ef-bb2a-5d2d22b9215e,0,0,0,0,0,0,0,0,Jabril,White,SAF,,
1134,86774500-138b-11ef-8d1d-856d45ef54a7,0,754e4990-efc7-11ef-bb2a-5d2d22b9215e,0,0,0,0,0,0,0,0,Adam,Graham,CB,,
604,ed0e51c0-6a72-11f0-a38d-27776bd06c5b,0,754e4990-efc7-11ef-bb2a-5d2d22b9215e,0,0,0,0,0,0,0,0,Evan,Blaettler,OL,,
234,b1cbfe10-0fc7-11f0-97ae-ad404ec9be90,0,754e4990-efc7-11ef-bb2a-5d2d22b9215e,0,0,0,0,0,0,0,0,Dy'Lon,Womack,DB,,
74,3b6ea290-edf9-11ee-8f73-394a1207192d,0,754e4990-efc7-11ef-bb2a-5d2d22b9215e,0,0,0,0,0,0,0,0,Seth,Franklin,DB,,
476,6e0c6d50-90f9-11f0-9018-af1dbcf36df7,0,754e4990-efc7-11ef-bb2a-5d2d22b9215e,0,0,0,0,0,0,0,0,Rocky,Stallworth,LB,,
426,4c5248e5-5334-470f-9a52-98e2aaa98837,0,754e4990-efc7-11ef-bb2a-5d2d22b9215e,0,0,0,0,0,0,0,0,Ryan,Hawk,K,,
1225,bb882ac0-c5c0-11ee-bbc7-a52b27e3c1e2,0,754e4990-efc7-11ef-bb2a-5d2d22b9215e,0,0,0,0,0,0,0,0,Blake,Ivy,OL,,
1065,4c605480-138e-11ef-8acf-f5eba4332e86,0,754e4990-efc7-11ef-bb2a-5d2d22b9215e,0,0,0,0,0,0,0,0,Ryan,Burtin,CB,,
165,84cca790-0fd9-11f0-b450-dbc542057566,0,754e4990-efc7-11ef-bb2a-5d2d22b9215e,0,0,0,0,0,0,0,0,Devin,Davis,OL,,
1097,6d105390-30d1-11f0-881a-e573237ad853,0,754e4990-efc7-11ef-bb2a-5d2d22b9215e,0,0,0,0,0,0,0,0,Brady,Hart,QB,,
937,f998c540-37ae-11ee-931c-8fb5c3eda51c,0,754e4990-efc7-11ef-bb2a-5d2d22b9215e,0,0,0,0,0,0,0,0,Tanner,Jolley,OLB,,
727,5a9802f0-7c8d-11f0-a90c-e39406096da4,0,754e4990-efc7-11ef-bb2a-5d2d22b9215e,0,0,0,0,0,0,0,0,Kyle,Lively,TE,,
567,ba03ca1e-59d0-4b33-9b86-bda12e439154,0,754e4990-efc7-11ef-bb2a-5d2d22b9215e,0,0,0,0,0,0,0,0,Janik,Ogunlade,OL,,
197,9ccf9f00-cb3d-11ee-a7bd-81f1a0967bfc,0,754e4990-efc7-11ef-bb2a-5d2d22b9215e,0,0,0,0,0,0,0,0,Shamar,McIntosh,DB,,
1315,fe568ef6-751d-408f-916f-639031271455,0,754e4990-efc7-11ef-bb2a-5d2d22b9215e,0,0,0,0,0,0,0,0,Tyler,Onyedim,DT,,
599,e47e5170-eac3-11ee-8f04-717ed28318b2,0,754e4990-efc7-11ef-bb2a-5d2d22b9215e,0,0,0,0,0,0,0,0,Trey,Hedden,QB,,
1001,241e19ea-3867-48c6-90eb-de96acea7e9c,0,754e4990-efc7-11ef-bb2a-5d2d22b9215e,0,0,0,0,0,0,0,0,Nate,Boerkircher,TE,,
631,062ae770-58d8-11ef-858c-7160a458c289,0,754e4990-efc7-11ef-bb2a-5d2d22b9215e,0,0,0,0,0,0,0,0,Jackson,Nelson,OL,,
421,48de3bf7-8624-434d-84a3-1feeb2179ef6,0,754e4990-efc7-11ef-bb2a-5d2d22b9215e,0,0,0,0,0,0,0,0,Kadarius,Calloway,RB,,
1033,3f6687d0-c5c4-11ee-bbc7-a52b27e3c1e2,0,754e4990-efc7-11ef-bb2a-5d2d22b9215e,0,0,0,0,0,0,0,0,Jordan,Lockhart,LB,,
873,c55f4790-9b78-11ed-b8e3-1513ed7922ab,0,754e4990-efc7-11ef-bb2a-5d2d22b9215e,0,0,0,0,0,0,0,0,Zion,Andreasen,OLB,,
823,9a729f10-9b77-11ed-b8e3-1513ed7922ab,0,754e4990-efc7-11ef-bb2a-5d2d22b9215e,0,0,0,0,0,0,0,0,McCae,Hillstead,QB,,
1252,d018e8f0-1d86-11ed-94bb-9f870848f4f7,0,754e4990-efc7-11ef-bb2a-5d2d22b9215e,0,0,0,0,0,0,0,0,Nathan,Jackson,DT,,
932,f70e8610-983b-11ed-b515-b9f449cb451d,0,754e4990-efc7-11ef-bb2a-5d2d22b9215e,0,0,0,0,0,0,0,0,CJ,Tiller,QB,,
722,52c9d900-b582-11ee-b40e-f93ca78b0985,0,754e4990-efc7-11ef-bb2a-5d2d22b9215e,0,0,0,0,0,0,0,0,EJ,Fisk,CB,,
562,b661b5c0-9817-11ed-af31-5170ea7681d5,0,754e4990-efc7-11ef-bb2a-5d2d22b9215e,0,0,0,0,0,0,0,0,Josiah,Charles,CB,,
192,9b5fb8a2-a5a0-4190-96fd-97510f6295db,0,754e4990-efc7-11ef-bb2a-5d2d22b9215e,0,0,0,0,0,0,0,0,Gus,McGee,TE,,
32,188ad070-f96f-11ed-a7e6-5b9f42549cff,0,754e4990-efc7-11ef-bb2a-5d2d22b9215e,0,0,0,0,0,0,0,0,Kadin,Schmitz,LB,,
1310,fe2b0780-37c2-11ee-8aad-e574e8ef7217,0,754e4990-efc7-11ef-bb2a-5d2d22b9215e,0,0,0,0,0,0,0,0,Blake,Buntyn,WR,,
1124,80edb9d0-a275-11ed-8f2b-f3e5e15ec7fb,0,754e4990-efc7-11ef-bb2a-5d2d22b9215e,0,0,0,0,0,0,0,0,DJ,Hicks,DT,,
594,d828cea0-4131-11ee-a29b-d5830e0bb7e0,0,754e4990-efc7-11ef-bb2a-5d2d22b9215e,0,0,0,0,0,0,0,0,Adam,Damante,QB,,
434,50885160-1e63-11ed-ac13-efcd76e63c74,0,754e4990-efc7-11ef-bb2a-5d2d22b9215e,0,0,0,0,0,0,0,0,Ilya,Uvaydov,K,,
224,af5eb820-90eb-11f0-b765-7947bb61b6bf,0,754e4990-efc7-11ef-bb2a-5d2d22b9215e,0,0,0,0,0,0,0,0,Eli,Reed,OL,,
1156,8cc364b0-37c3-11ee-8aad-e574e8ef7217,0,754e4990-efc7-11ef-bb2a-5d2d22b9215e,0,0,0,0,0,0,0,0,Alessandro,Perez,DE,,
626,043c3660-981a-11ed-af31-5170ea7681d5,0,754e4990-efc7-11ef-bb2a-5d2d22b9215e,0,0,0,0,0,0,0,0,Gabriel,Iniguez,DT,,
466,645c96e0-9818-11ed-af31-5170ea7681d5,0,754e4990-efc7-11ef-bb2a-5d2d22b9215e,0,0,0,0,0,0,0,0,Tayden,Barnes,SAF,,
96,4b9b73f0-9daf-11ed-affb-d7de6d7f398d,0,754e4990-efc7-11ef-bb2a-5d2d22b9215e,0,0,0,0,0,0,0,0,Grayson,Loftis,QB,,
1188,9b4a0100-30ce-11f0-881a-e573237ad853,0,754e4990-efc7-11ef-bb2a-5d2d22b9215e,0,0,0,0,0,0,0,0,Marco,Jones,DE,,
1060,485c2f10-982b-11ed-9964-d1ac235f1095,0,754e4990-efc7-11ef-bb2a-5d2d22b9215e,0,0,0,0,0,0,0,0,David,Olano,K,,
900,d9f6ff50-37b7-11ee-931c-8fb5c3eda51c,0,754e4990-efc7-11ef-bb2a-5d2d22b9215e,0,0,0,0,0,0,0,0,Jarvis,Griffiths,OL,,
850,b20183e0-9424-11ec-a0a0-bfb4bc95dfd2,0,754e4990-efc7-11ef-bb2a-5d2d22b9215e,0,0,0,0,0,0,0,0,BJ,Diakite,DE,,
530,9dbb4ed0-2ade-11f0-9c90-c729826c945d,0,754e4990-efc7-11ef-bb2a-5d2d22b9215e,0,0,0,0,0,0,0,0,JR,Hecklinski,OL,,
187,9b0760a0-c74b-11ed-9fa8-892eecf2a8d4,0,754e4990-efc7-11ef-bb2a-5d2d22b9215e,0,0,0,0,0,0,0,0,Gavin,Willis,LB,,
749,6882d9c0-4278-11f0-85ec-d95569f814db,0,754e4990-efc7-11ef-bb2a-5d2d22b9215e,0,0,0,0,0,0,0,0,Blake,Barnes,LB,,
1183,99a76e50-183a-11ed-a064-ef8b74c0c167,0,754e4990-efc7-11ef-bb2a-5d2d22b9215e,0,0,0,0,0,0,0,0,Isaiah,Horton,WR,,
1023,3a143810-9b61-11ed-9535-f5ca9807efbe,0,754e4990-efc7-11ef-bb2a-5d2d22b9215e,0,0,0,0,0,0,0,0,Marcus,Ratcliffe,SAF,,
813,93e5f8eb-46fc-46cc-ba40-5b9f9ef25d43,0,754e4990-efc7-11ef-bb2a-5d2d22b9215e,0,0,0,0,0,0,0,0,Brady,Boyd,WR,,
653,15547b30-5018-11ef-ac06-73c47c06f715,0,754e4990-efc7-11ef-bb2a-5d2d22b9215e,0,0,0,0,0,0,0,0,Owen,Edwards,LS,,
283,e27be9b0-f4f1-11ec-a1bd-5b7e571ac891,0,754e4990-efc7-11ef-bb2a-5d2d22b9215e,0,0,0,0,0,0,0,0,Ayo,Tifase,DL,,
895,d99d1bf0-edd2-11ec-ac19-034706ab1ca4,0,754e4990-efc7-11ef-bb2a-5d2d22b9215e,0,0,0,0,0,0,0,0,Elia,Migao,OL,,
315,f4e3081d-6c09-484c-b861-cd09a79b6fb6,0,754e4990-efc7-11ef-bb2a-5d2d22b9215e,0,0,0,0,0,0,0,0,Caleb,Curtain,DB,,
1087,60b115a0-30d9-11f0-b2d4-015799b0b751,0,754e4990-efc7-11ef-bb2a-5d2d22b9215e,0,0,0,0,0,0,0,0,Kelvion,Riggins,LB,,
927,f67abe20-8f69-11ec-8556-6fa97bcffaf0,0,754e4990-efc7-11ef-bb2a-5d2d22b9215e,0,0,0,0,0,0,0,0,Bronson,Olevao,LB,,
717,4e8522be-b33a-466b-9ffb-4347d72990ab,0,754e4990-efc7-11ef-bb2a-5d2d22b9215e,0,0,0,0,0,0,0,0,Demick,Starling,WR,,
1332,149d44f0-a166-11ec-90e0-3dddf3951577,0,754e4990-efc7-11ef-bb2a-5d2d22b9215e,0,0,0,0,0,0,0,0,Amonte,Jones,WR,,
986,1cc99200-c5c7-11ee-bbc7-a52b27e3c1e2,0,754e4990-efc7-11ef-bb2a-5d2d22b9215e,0,0,0,0,0,0,0,0,Isendre,Ahfua,OL,,
776,7fd2d0f0-ff5c-11ed-84d8-f702f1ef9032,0,754e4990-efc7-11ef-bb2a-5d2d22b9215e,0,0,0,0,0,0,0,0,K'leyone,Iosua,OL,,
616,f7f65680-b3f1-11ed-9e50-65a09640c7b9,0,754e4990-efc7-11ef-bb2a-5d2d22b9215e,0,0,0,0,0,0,0,0,Brad,Vislisel,DE,,
406,3fdf4190-6a71-11f0-9610-870e3b435fbf,0,754e4990-efc7-11ef-bb2a-5d2d22b9215e,0,0,0,0,0,0,0,0,Drake,Williams,LB,,
246,c88b87c0-0fda-11f0-a598-8956d934de94,0,754e4990-efc7-11ef-bb2a-5d2d22b9215e,0,0,0,0,0,0,0,0,Omarion,Davis,OL,,
1178,9452caab-2be2-427e-a63c-4a9edc252bdc,0,754e4990-efc7-11ef-bb2a-5d2d22b9215e,0,0,0,0,0,0,0,0,Jared,Zirkel,K,,
858,b494d312-2770-4bb5-a358-bd7cdeb42b05,0,754e4990-efc7-11ef-bb2a-5d2d22b9215e,0,0,0,0,0,0,0,0,Naki,Fahina,DT,,
808,936bbb11-3482-44b3-94a6-1a0d2afb345b,0,754e4990-efc7-11ef-bb2a-5d2d22b9215e,0,0,0,0,0,0,0,0,Miles,Davis,RB,,
648,1160b650-b64a-11ee-82cd-abb0535b15e6,0,754e4990-efc7-11ef-bb2a-5d2d22b9215e,0,0,0,0,0,0,0,0,John,Randle,OL,,
278,de90f780-9062-11ec-8556-6fa97bcffaf0,0,754e4990-efc7-11ef-bb2a-5d2d22b9215e,0,0,0,0,0,0,0,0,Reid,Williford,LB,,
118,5be87f40-c5ff-11ee-a136-e78d78ebe5d6,0,754e4990-efc7-11ef-bb2a-5d2d22b9215e,0,0,0,0,0,0,0,0,Evan,Austin,WR,,
310,f4a22520-951d-11ec-a8cc-21afd89fadd3,0,754e4990-efc7-11ef-bb2a-5d2d22b9215e,0,0,0,0,0,0,0,0,Cam,Pedro,WR,,
342,07a55fe0-b81d-4ca1-acb2-eb8d800d2478,0,754e4990-efc7-11ef-bb2a-5d2d22b9215e,0,0,0,0,0,0,0,0,Jeff,Davison,QB,,
1300,f2949310-a275-11ed-8f2b-f3e5e15ec7fb,0,754e4990-efc7-11ef-bb2a-5d2d22b9215e,0,0,0,0,0,0,0,0,Marcel,Reed,QB,,
1274,e1b89c50-cdcf-11ed-8aca-3b1b1705cb38,0,754e4990-efc7-11ef-bb2a-5d2d22b9215e,0,0,0,0,0,0,0,0,Ray,Coney,LB,,
954,097cb2ed-c95b-42fd-a056-8c83a40973e9,0,754e4990-efc7-11ef-bb2a-5d2d22b9215e,0,0,0,0,0,0,0,0,Ar'maj,Reed-Adams,G,,
401,3a1e38b0-baff-11ee-aaf4-7fdff2348b5b,0,754e4990-efc7-11ef-bb2a-5d2d22b9215e,0,0,0,0,0,0,0,0,Mateo,Rodriguez,OL,,
885,d1c9ef30-427e-11f0-9b41-652b68b87d0c,0,754e4990-efc7-11ef-bb2a-5d2d22b9215e,0,0,0,0,0,0,0,0,Dylan,Sprague,P,,
675,2dbaaef0-536b-11ef-b756-4f4423050bec,0,754e4990-efc7-11ef-bb2a-5d2d22b9215e,0,0,0,0,0,0,0,0,Kian,Afrookhteh,K,,
515,9085fb00-2acc-11f0-9c90-c729826c945d,0,754e4990-efc7-11ef-bb2a-5d2d22b9215e,0,0,0,0,0,0,0,0,Chance,Barron,LB,,
1237,c3566590-30d2-11f0-b2d4-015799b0b751,0,754e4990-efc7-11ef-bb2a-5d2d22b9215e,0,0,0,0,0,0,0,0,Kiotti,Armstrong,TE,,
917,f1402da0-d785-11ec-8cf2-07fbff125628,0,754e4990-efc7-11ef-bb2a-5d2d22b9215e,0,0,0,0,0,0,0,0,Javen,Jacobs,RB,,
337,02aa9160-27a3-11ef-a052-05d5583f7ae4,0,754e4990-efc7-11ef-bb2a-5d2d22b9215e,0,0,0,0,0,0,0,0,Jakobe,Campbell,SAF,,
177,9041fb00-0a99-11ec-8b62-01d2825cc870,0,754e4990-efc7-11ef-bb2a-5d2d22b9215e,0,0,0,0,0,0,0,0,Rod,Green,OL,,
1269,deff4e00-850f-11ec-b84d-a909c14fc4b8,0,754e4990-efc7-11ef-bb2a-5d2d22b9215e,0,0,0,0,0,0,0,0,Mark,Nabou,OL,,
49,28794af0-c06d-11ee-86a6-9d30df5b5397,0,754e4990-efc7-11ef-bb2a-5d2d22b9215e,0,0,0,0,0,0,0,0,Stellan,Bowman,LB,,
1327,102a9a30-60d6-11ef-ba5f-0b50bd80afd3,0,754e4990-efc7-11ef-bb2a-5d2d22b9215e,0,0,0,0,0,0,0,0,Kiyre,Wall,CB,,
771,7f0c1368-789c-40dd-bf65-f8276228d831,0,754e4990-efc7-11ef-bb2a-5d2d22b9215e,0,0,0,0,0,0,0,0,Bryson,Barnes,QB,,
611,f2e1ca00-27a7-11ef-9d73-cf60abbf4cb3,0,754e4990-efc7-11ef-bb2a-5d2d22b9215e,0,0,0,0,0,0,0,0,Henry,Davis,DL,,
1200,a5b6f4cc-989b-479e-a78f-ea243c55f2d7,0,754e4990-efc7-11ef-bb2a-5d2d22b9215e,0,0,0,0,0,0,0,0,Jacob,Graham,LS,,
510,7f96ce10-983d-11ed-b515-b9f449cb451d,0,754e4990-efc7-11ef-bb2a-5d2d22b9215e,0,0,0,0,0,0,0,0,Demanuel,Brown,DE,,
1072,4ee8e510-1397-11ef-a339-bdbef1d346c2,0,754e4990-efc7-11ef-bb2a-5d2d22b9215e,0,0,0,0,0,0,0,0,Jesse,Chukwu,DE,,
542,a7666970-6a75-11f0-9356-e7072ba9c33d,0,754e4990-efc7-11ef-bb2a-5d2d22b9215e,0,0,0,0,0,0,0,0,Tory,Gethers,LB,,
734,637278c0-4262-11f0-9fa6-271b75d5bd31,0,754e4990-efc7-11ef-bb2a-5d2d22b9215e,0,0,0,0,0,0,0,0,Dakota,Howell,LB,,
44,25379af0-5daa-11f0-9d42-bbf85d3c3e0a,0,754e4990-efc7-11ef-bb2a-5d2d22b9215e,0,0,0,0,0,0,0,0,Aiden,Bui,K,,
446,58641f50-abcf-11ed-af6b-612f86e2e77f,0,754e4990-efc7-11ef-bb2a-5d2d22b9215e,0,0,0,0,0,0,0,0,Reeves,Baller,DE,,
396,37b2d370-3246-11ee-9bf9-b5db0242af4d,0,754e4990-efc7-11ef-bb2a-5d2d22b9215e,0,0,0,0,0,0,0,0,Kaden,Trevino,WR,,
478,714634c0-2ae1-11f0-9c90-c729826c945d,0,754e4990-efc7-11ef-bb2a-5d2d22b9215e,0,0,0,0,0,0,0,0,Brodie,Malone-Bradford,WR,,
135,6814857f-8b26-4034-9770-8a32f8eb5f87,0,754e4990-efc7-11ef-bb2a-5d2d22b9215e,0,0,0,0,0,0,0,0,Joey,Bearns,TE,,
697,469a5528-251d-4f78-aa70-19f797d8128f,0,754e4990-efc7-11ef-bb2a-5d2d22b9215e,0,0,0,0,0,0,0,0,Trey,Andersen,OL,,
167,89cd1d40-74bc-11f0-addf-d95e01ada62f,0,754e4990-efc7-11ef-bb2a-5d2d22b9215e,0,0,0,0,0,0,0,0,Chris,Rivens,WR,,
1285,e9a68790-828d-11f0-8f76-359c9f6c2995,0,754e4990-efc7-11ef-bb2a-5d2d22b9215e,0,0,0,0,0,0,0,0,Whitaker,Williams,WR,,
939,f9db7c60-6fa6-11ef-b926-f76b2264ef08,0,754e4990-efc7-11ef-bb2a-5d2d22b9215e,0,0,0,0,0,0,0,0,Caysen,Whittaker,OL,,
729,5f027d90-5135-11ef-a32b-1d178ecb5496,0,754e4990-efc7-11ef-bb2a-5d2d22b9215e,0,0,0,0,0,0,0,0,Derrick,Jameson,RB,,
569,bc6f14a0-5da8-11ef-9286-a332edbe67a2,0,754e4990-efc7-11ef-bb2a-5d2d22b9215e,0,0,0,0,0,0,0,0,Cole,Schnettgoecke,DL,,
359,150d0150-3acb-11ee-abad-759fcc34c08d,0,754e4990-efc7-11ef-bb2a-5d2d22b9215e,0,0,0,0,0,0,0,0,Javon,Gillespie,CB,,
199,9efaed50-550f-11ef-830c-e539946aedf9,0,754e4990-efc7-11ef-bb2a-5d2d22b9215e,0,0,0,0,0,0,0,0,Brady,Rhoads,TE,,
1317,050490b0-716b-11f0-a287-8719b85db03d,0,754e4990-efc7-11ef-bb2a-5d2d22b9215e,0,0,0,0,0,0,0,0,Malik,Brown,OL,,
761,7dc6d1b0-4264-11f0-ad53-39a372a410e7,0,754e4990-efc7-11ef-bb2a-5d2d22b9215e,0,0,0,0,0,0,0,0,Ravian,Larry,RB,,
601,e715da80-5da9-11ef-9139-8db3f65e118e,0,754e4990-efc7-11ef-bb2a-5d2d22b9215e,0,0,0,0,0,0,0,0,Izeyah,Wright,WR,,
633,07d05ea0-1730-11ef-a98f-99fba274caa9,0,754e4990-efc7-11ef-bb2a-5d2d22b9215e,0,0,0,0,0,0,0,0,Bobby,Arnold,SAF,,
473,6aecdda0-a351-11ed-8632-3dcf5eeb383a,0,754e4990-efc7-11ef-bb2a-5d2d22b9215e,0,0,0,0,0,0,0,0,Dakerric,Hobbs,CB,,
103,500a86f1-d63c-4dc8-b49e-68430ace70eb,0,754e4990-efc7-11ef-bb2a-5d2d22b9215e,0,0,0,0,0,0,0,0,Jesse,Ramil,OL,,
505,7ec00630-3245-11ee-9bf9-b5db0242af4d,0,754e4990-efc7-11ef-bb2a-5d2d22b9215e,0,0,0,0,0,0,0,0,Jayden,Bell,WR,,
162,7ffa1fa0-0fd3-11f0-a080-c54fe575f217,0,754e4990-efc7-11ef-bb2a-5d2d22b9215e,0,0,0,0,0,0,0,0,Jaylon,Johnson,DL,,
2,0df3ae40-74bd-11f0-addf-d95e01ada62f,0,754e4990-efc7-11ef-bb2a-5d2d22b9215e,0,0,0,0,0,0,0,0,Takeo,Massey,DL,,
934,f7b918f0-d0f2-11ee-97f5-3f56e685e648,0,754e4990-efc7-11ef-bb2a-5d2d22b9215e,0,0,0,0,0,0,0,0,Kasen,Long,DL,,
354,12694b30-283a-11f0-8b1f-69cbca63cd08,0,754e4990-efc7-11ef-bb2a-5d2d22b9215e,0,0,0,0,0,0,0,0,Isaiah,Griffin,WR,,
34,1d6051f0-c602-11ee-a136-e78d78ebe5d6,0,754e4990-efc7-11ef-bb2a-5d2d22b9215e,0,0,0,0,0,0,0,0,Dom,Silvia,OL,,
966,0bfaa4b0-37c3-11ee-8aad-e574e8ef7217,0,754e4990-efc7-11ef-bb2a-5d2d22b9215e,0,0,0,0,0,0,0,0,Chase,Burton,WR,,
756,73d3f390-89bc-11ec-b4c8-9f80462526e1,0,754e4990-efc7-11ef-bb2a-5d2d22b9215e,0,0,0,0,0,0,0,0,George,Maile,OL,,
386,2e708008-f2f3-43e7-8380-e757702513c4,0,754e4990-efc7-11ef-bb2a-5d2d22b9215e,0,0,0,0,0,0,0,0,PJ,Johnson,WR,,
66,3423a3a5-3ffc-4702-bae4-d016cb9c55bb,0,754e4990-efc7-11ef-bb2a-5d2d22b9215e,0,0,0,0,0,0,0,0,Colby,Garfield,LS,,
1344,1d5aed20-0d01-11ed-a920-ef57a55dc365,0,754e4990-efc7-11ef-bb2a-5d2d22b9215e,0,0,0,0,0,0,0,0,Jelani,King-Leverett,OLB,,
788,894191c0-89e3-11ec-87d7-1329dbaf6972,0,754e4990-efc7-11ef-bb2a-5d2d22b9215e,0,0,0,0,0,0,0,0,Quincy,Wright,DT,,
628,049e2ac0-5b3a-11ef-8bdb-a1d7e3dc9a51,0,754e4990-efc7-11ef-bb2a-5d2d22b9215e,0,0,0,0,0,0,0,0,D'Angelo,Mayes,CB,,
418,47af0260-9ebe-11ed-b735-4da1124e9ce2,0,754e4990-efc7-11ef-bb2a-5d2d22b9215e,0,0,0,0,0,0,0,0,Dijon,Stanley,RB,,
98,4f6b30b0-550f-11ef-830c-e539946aedf9,0,754e4990-efc7-11ef-bb2a-5d2d22b9215e,0,0,0,0,0,0,0,0,Kameron,Manley,DB,,
1030,3eea4010-30d2-11f0-881a-e573237ad853,0,754e4990-efc7-11ef-bb2a-5d2d22b9215e,0,0,0,0,0,0,0,0,TK,Norman,WR,,
870,c1f85e10-eac5-11ed-8f90-95a871398acf,0,754e4990-efc7-11ef-bb2a-5d2d22b9215e,0,0,0,0,0,0,0,0,D'Andre,Barnes,SAF,,
820,9a5fa056-f449-4d07-806b-3b20202fe9f9,0,754e4990-efc7-11ef-bb2a-5d2d22b9215e,0,0,0,0,0,0,0,0,Adam,Pond,OL,,
130,67ad5355-7dac-47b1-8a50-8579f464cf0e,0,754e4990-efc7-11ef-bb2a-5d2d22b9215e,0,0,0,0,0,0,0,0,Ja'Qurious,Conley,DB,,
1222,b7e8a2a0-30d1-11f0-881a-e573237ad853,0,754e4990-efc7-11ef-bb2a-5d2d22b9215e,0,0,0,0,0,0,0,0,Eli,Morcos,QB,,
902,e4958690-ff94-11ec-8cae-d9ab5518792a,0,754e4990-efc7-11ef-bb2a-5d2d22b9215e,0,0,0,0,0,0,0,0,Matthew,Wade,OL,,
692,3ea05870-9b78-11ed-b8e3-1513ed7922ab,0,754e4990-efc7-11ef-bb2a-5d2d22b9215e,0,0,0,0,0,0,0,0,Jackson,Olsen,WR,,
349,09c5c3a0-9003-11ec-8556-6fa97bcffaf0,0,754e4990-efc7-11ef-bb2a-5d2d22b9215e,0,0,0,0,0,0,0,0,Jaden,Robinson,DE,,
29,12522540-0c4a-11ed-834d-b52ea748578e,0,754e4990-efc7-11ef-bb2a-5d2d22b9215e,0,0,0,0,0,0,0,0,Nicolas,Cruji,OL,,
1307,fd9abcd0-9cdf-11ed-8450-073f5137ec67,0,754e4990-efc7-11ef-bb2a-5d2d22b9215e,0,0,0,0,0,0,0,0,Wesley,Watson,WR,,
1121,80c63b8c-3462-4948-86dd-29d48d577936,0,754e4990-efc7-11ef-bb2a-5d2d22b9215e,0,0,0,0,0,0,0,0,Scooby,Williams,LB,,
591,d20ce200-2acc-11f0-9c90-c729826c945d,0,754e4990-efc7-11ef-bb2a-5d2d22b9215e,0,0,0,0,0,0,0,0,Walter,Owens,SAF,,
381,2db8b330-a286-11ed-84bc-c57b3519e176,0,754e4990-efc7-11ef-bb2a-5d2d22b9215e,0,0,0,0,0,0,0,0,Vic,Shaw,DE,,
221,ab6a5cf0-8539-11f0-8653-cb8cb7441f0b,0,754e4990-efc7-11ef-bb2a-5d2d22b9215e,0,0,0,0,0,0,0,0,Will,Estes,LB,,
1153,8c87c620-6f3a-11f0-9706-9372e414bb27,0,754e4990-efc7-11ef-bb2a-5d2d22b9215e,0,0,0,0,0,0,0,0,Lucas,Pernas,DT,,
993,1cd5b461-ae1c-4b02-a1a4-b44f225cf465,0,754e4990-efc7-11ef-bb2a-5d2d22b9215e,0,0,0,0,0,0,0,0,Jacob,Zeno,QB,,
623,03e5ae40-427b-11f0-9278-55f6443afb61,0,754e4990-efc7-11ef-bb2a-5d2d22b9215e,0,0,0,0,0,0,0,0,Mataira,Brown,LB,,
463,61c5e7a0-2a55-11ed-b104-2f33c86e9432,0,754e4990-efc7-11ef-bb2a-5d2d22b9215e,0,0,0,0,0,0,0,0,Isaiah,Rudison,RB,,
413,436bcc80-90f9-11f0-9018-af1dbcf36df7,0,754e4990-efc7-11ef-bb2a-5d2d22b9215e,0,0,0,0,0,0,0,0,Latrell,Treadwell,DL,,
253,ce7737d0-9de3-11ed-813d-779d9c1a4f45,0,754e4990-efc7-11ef-bb2a-5d2d22b9215e,0,0,0,0,0,0,0,0,Dominick,Kelley,OL,,
93,49eaf800-8a82-11ec-9b75-81689e0737c4,0,754e4990-efc7-11ef-bb2a-5d2d22b9215e,0,0,0,0,0,0,0,0,CJ,Stokes,RB,,
1025,3d866700-b57a-11ee-8b7f-01a7c1347cea,0,754e4990-efc7-11ef-bb2a-5d2d22b9215e,0,0,0,0,0,0,0,0,Brandon,Davis-Swain,DE,,
495,7b614900-4879-11ee-9a48-c398d10e1e38,0,754e4990-efc7-11ef-bb2a-5d2d22b9215e,0,0,0,0,0,0,0,0,Santos,Valdez,OL,,
125,64fb7230-5dcb-11f0-915e-91585bd5e9e7,0,754e4990-efc7-11ef-bb2a-5d2d22b9215e,0,0,0,0,0,0,0,0,Macyo,Williams,DL,,
1057,47fb463b-5d3c-46b5-9adb-e22f5fe551ef,0,754e4990-efc7-11ef-bb2a-5d2d22b9215e,0,0,0,0,0,0,0,0,Trey,Zuhn,OT,,
897,d9b099a0-19d6-11ef-bb12-b104ac890a9c,0,754e4990-efc7-11ef-bb2a-5d2d22b9215e,0,0,0,0,0,0,0,0,Jonathan,Baird,SAF,,
687,3ac20f90-8f68-11ec-8556-6fa97bcffaf0,0,754e4990-efc7-11ef-bb2a-5d2d22b9215e,0,0,0,0,0,0,0,0,Kauasi,Hansen,OL,,
929,f6c6e160-7c8c-11f0-a90c-e39406096da4,0,754e4990-efc7-11ef-bb2a-5d2d22b9215e,0,0,0,0,0,0,0,0,Diego,Grateron,LB,,
559,b51e6dc0-4465-11ee-913c-b50a102d2720,0,754e4990-efc7-11ef-bb2a-5d2d22b9215e,0,0,0,0,0,0,0,0,Dailan,Goodman,RB,,
1148,8b83aaea-9a5d-448e-b776-1bca1e229e94,0,908fbc20-f5c7-11ee-a306-c311afc28263,0,0,0,0,0,0,0,0,Dametrious,Crownover,OT,,
458,5f00c340-892a-11ec-8f84-d9482b6bb8ac,0,908fbc20-f5c7-11ee-a306-c311afc28263,0,0,0,0,0,0,0,0,TK,King,WR,,
88,491c0c80-c06c-11ee-86a6-9d30df5b5397,0,908fbc20-f5c7-11ee-a306-c311afc28263,0,0,0,0,0,0,0,0,Parker,Startz,LB,,
650,12496a10-3e24-11ee-9b24-e310b9cd24cc,0,908fbc20-f5c7-11ee-a306-c311afc28263,0,0,0,0,0,0,0,0,Brevin,Hamblin,SAF,,
1244,cd093fd0-8eab-11ec-8d02-85ead82574a9,0,908fbc20-f5c7-11ee-a306-c311afc28263,0,0,0,0,0,0,0,0,Anto,Saka,DL,,
344,096b4530-c84f-11ed-aa38-3705defb1bc0,0,908fbc20-f5c7-11ee-a306-c311afc28263,0,0,0,0,0,0,0,0,Jeremiah,Sandiford,DL,,
24,11723729-0313-461b-b439-f160fed91704,0,908fbc20-f5c7-11ee-a306-c311afc28263,0,0,0,0,0,0,0,0,Thai,Baldwin,DB,,
1302,faa58250-c761-11ee-8103-c1f6abe73ac2,0,908fbc20-f5c7-11ee-a306-c311afc28263,0,0,0,0,0,0,0,0,Mario,Craver,WR,,
983,1bfa4f20-58c7-11ef-9b3b-c731cdaeaa58,0,908fbc20-f5c7-11ee-a306-c311afc28263,0,0,0,0,0,0,0,0,Boomer,Graham,LS,,
645,105d4cf0-b582-11ee-b40e-f93ca78b0985,0,908fbc20-f5c7-11ee-a306-c311afc28263,0,0,0,0,0,0,0,0,Camden,Jury,OL,,
485,772b0cf0-27a2-11ef-a052-05d5583f7ae4,0,908fbc20-f5c7-11ee-a306-c311afc28263,0,0,0,0,0,0,0,0,Lanar,Kelley,CB,,
115,5b6c4630-f899-11ec-8190-074ed0b20d38,0,908fbc20-f5c7-11ee-a306-c311afc28263,0,0,0,0,0,0,0,0,Treyveon,McGee,DB,,
517,919092e0-4134-11ee-a29b-d5830e0bb7e0,0,908fbc20-f5c7-11ee-a306-c311afc28263,0,0,0,0,0,0,0,0,Brody,Richter,P,,
1079,56d2d810-6650-11ef-b911-0fe9496618ac,0,908fbc20-f5c7-11ee-a306-c311afc28263,0,0,0,0,0,0,0,0,TJ,Smith,LB,,
709,4d68c160-b005-11ee-bee3-851404741fcc,0,908fbc20-f5c7-11ee-a306-c311afc28263,0,0,0,0,0,0,0,0,Seth,Wilfred,OL,,
19,109eeb62-2c58-4600-a9e1-22cd82316dde,0,908fbc20-f5c7-11ee-a306-c311afc28263,0,0,0,0,0,0,0,0,Jalar,Holley,DL,,
371,1a234230-1d9e-11ed-8092-5bce02fd28ab,0,908fbc20-f5c7-11ee-a306-c311afc28263,0,0,0,0,0,0,0,0,Ma'Kyi,Lee,OL,,
1143,8af66110-8abc-11ec-accc-5b87d3320078,0,908fbc20-f5c7-11ee-a306-c311afc28263,0,0,0,0,0,0,0,0,Ryan,Henderson,DE,,
800,9204ea0c-8566-4a40-8ade-08ed0a471cc9,0,908fbc20-f5c7-11ee-a306-c311afc28263,0,0,0,0,0,0,0,0,Dylan,Tucker,CB,,
1202,a5ec97a0-a276-11ed-8f2b-f3e5e15ec7fb,0,908fbc20-f5c7-11ee-a306-c311afc28263,0,0,0,0,0,0,0,0,Tyler,White,P,,
672,2a1b3300-d0f3-11ee-97f5-3f56e685e648,0,908fbc20-f5c7-11ee-a306-c311afc28263,0,0,0,0,0,0,0,0,L.J.,Johnson,WR,,
334,00ae2420-59f3-484b-89d8-00b1ac2a37be,0,908fbc20-f5c7-11ee-a306-c311afc28263,0,0,0,0,0,0,0,0,Nick,Session,SAF,,
736,6426e760-37ba-11ee-931c-8fb5c3eda51c,0,908fbc20-f5c7-11ee-a306-c311afc28263,0,0,0,0,0,0,0,0,Bryan,Vogl,DT,,
46,27c2d1c0-993c-11ed-961f-17b5255c6c3e,0,908fbc20-f5c7-11ee-a306-c311afc28263,0,0,0,0,0,0,0,0,Adam,Hopkins,WR,,
1324,0dd30dc0-5100-11ef-a4af-45e63cab2369,0,908fbc20-f5c7-11ee-a306-c311afc28263,0,0,0,0,0,0,0,0,Gabe,Navarro,OL,,
978,1a9ba170-8e8e-11ec-8d02-85ead82574a9,0,908fbc20-f5c7-11ee-a306-c311afc28263,0,0,0,0,0,0,0,0,Amari,Niblack,TE,,
448,5a3a7090-3635-11ee-b235-33015af903c7,0,908fbc20-f5c7-11ee-a306-c311afc28263,0,0,0,0,0,0,0,0,Jerry,Lydiatt,TE,,
398,38604b10-4472-11ef-9e1f-0ba477f4ee93,0,908fbc20-f5c7-11ee-a306-c311afc28263,0,0,0,0,0,0,0,0,Armond,Owens,OL,,
877,c8484ba0-a4c0-11ec-b346-69864c4e95e6,0,908fbc20-f5c7-11ee-a306-c311afc28263,0,0,0,0,0,0,0,0,Tyree,Morris,DT,,
827,9c1a16d0-27a4-11ef-a052-05d5583f7ae4,0,908fbc20-f5c7-11ee-a306-c311afc28263,0,0,0,0,0,0,0,0,Ta'Avili,Tuitama,DL,,
297,e970149b-f19f-4316-af52-5c646c9bc253,0,908fbc20-f5c7-11ee-a306-c311afc28263,0,0,0,0,0,0,0,0,Jonny,King,OL,,
1229,bfbf7db0-313c-11ed-bfcf-65eaff9f277b,0,908fbc20-f5c7-11ee-a306-c311afc28263,0,0,0,0,0,0,0,0,Nana,Boadi-Owusu,DE,,
909,eadee650-8f68-11ec-8556-6fa97bcffaf0,0,908fbc20-f5c7-11ee-a306-c311afc28263,0,0,0,0,0,0,0,0,Tavo,Motu'apuaka,OL,,
1287,ed6d3b50-138d-11ef-b40d-37c5c258d0b3,0,908fbc20-f5c7-11ee-a306-c311afc28263,0,0,0,0,0,0,0,0,Luke,Braden,TE,,
941,001576c0-139b-11ef-9335-d1cdfba8ea86,0,908fbc20-f5c7-11ee-a306-c311afc28263,0,0,0,0,0,0,0,0,Dashawn,Fillmore,SAF,,
571,c1c282c0-396e-11ee-ae5f-cda3d899f6b1,0,908fbc20-f5c7-11ee-a306-c311afc28263,0,0,0,0,0,0,0,0,Jabril,White,SAF,,
1133,86774500-138b-11ef-8d1d-856d45ef54a7,0,908fbc20-f5c7-11ee-a306-c311afc28263,0,0,0,0,0,0,0,0,Adam,Graham,CB,,
73,3b6ea290-edf9-11ee-8f73-394a1207192d,0,908fbc20-f5c7-11ee-a306-c311afc28263,0,0,0,0,0,0,0,0,Seth,Franklin,DB,,
425,4c5248e5-5334-470f-9a52-98e2aaa98837,0,908fbc20-f5c7-11ee-a306-c311afc28263,0,0,0,0,0,0,0,0,Ryan,Hawk,K,,
1224,bb882ac0-c5c0-11ee-bbc7-a52b27e3c1e2,0,908fbc20-f5c7-11ee-a306-c311afc28263,0,0,0,0,0,0,0,0,Blake,Ivy,OL,,
1064,4c605480-138e-11ef-8acf-f5eba4332e86,0,908fbc20-f5c7-11ee-a306-c311afc28263,0,0,0,0,0,0,0,0,Ryan,Burtin,CB,,
936,f998c540-37ae-11ee-931c-8fb5c3eda51c,0,908fbc20-f5c7-11ee-a306-c311afc28263,0,0,0,0,0,0,0,0,Tanner,Jolley,OLB,,
566,ba03ca1e-59d0-4b33-9b86-bda12e439154,0,908fbc20-f5c7-11ee-a306-c311afc28263,0,0,0,0,0,0,0,0,Janik,Ogunlade,OL,,
196,9ccf9f00-cb3d-11ee-a7bd-81f1a0967bfc,0,908fbc20-f5c7-11ee-a306-c311afc28263,0,0,0,0,0,0,0,0,Shamar,McIntosh,DB,,
1314,fe568ef6-751d-408f-916f-639031271455,0,908fbc20-f5c7-11ee-a306-c311afc28263,0,0,0,0,0,0,0,0,Tyler,Onyedim,DT,,
598,e47e5170-eac3-11ee-8f04-717ed28318b2,0,908fbc20-f5c7-11ee-a306-c311afc28263,0,0,0,0,0,0,0,0,Trey,Hedden,QB,,
1000,241e19ea-3867-48c6-90eb-de96acea7e9c,0,908fbc20-f5c7-11ee-a306-c311afc28263,0,0,0,0,0,0,0,0,Nate,Boerkircher,TE,,
630,062ae770-58d8-11ef-858c-7160a458c289,0,908fbc20-f5c7-11ee-a306-c311afc28263,0,0,0,0,0,0,0,0,Jackson,Nelson,OL,,
420,48de3bf7-8624-434d-84a3-1feeb2179ef6,0,908fbc20-f5c7-11ee-a306-c311afc28263,0,0,0,0,0,0,0,0,Kadarius,Calloway,RB,,
1032,3f6687d0-c5c4-11ee-bbc7-a52b27e3c1e2,0,908fbc20-f5c7-11ee-a306-c311afc28263,0,0,0,0,0,0,0,0,Jordan,Lockhart,LB,,
872,c55f4790-9b78-11ed-b8e3-1513ed7922ab,0,908fbc20-f5c7-11ee-a306-c311afc28263,0,0,0,0,0,0,0,0,Zion,Andreasen,OLB,,
822,9a729f10-9b77-11ed-b8e3-1513ed7922ab,0,908fbc20-f5c7-11ee-a306-c311afc28263,0,0,0,0,0,0,0,0,McCae,Hillstead,QB,,
1251,d018e8f0-1d86-11ed-94bb-9f870848f4f7,0,908fbc20-f5c7-11ee-a306-c311afc28263,0,0,0,0,0,0,0,0,Nathan,Jackson,DT,,
931,f70e8610-983b-11ed-b515-b9f449cb451d,0,908fbc20-f5c7-11ee-a306-c311afc28263,0,0,0,0,0,0,0,0,CJ,Tiller,QB,,
721,52c9d900-b582-11ee-b40e-f93ca78b0985,0,908fbc20-f5c7-11ee-a306-c311afc28263,0,0,0,0,0,0,0,0,EJ,Fisk,CB,,
561,b661b5c0-9817-11ed-af31-5170ea7681d5,0,908fbc20-f5c7-11ee-a306-c311afc28263,0,0,0,0,0,0,0,0,Josiah,Charles,CB,,
191,9b5fb8a2-a5a0-4190-96fd-97510f6295db,0,908fbc20-f5c7-11ee-a306-c311afc28263,0,0,0,0,0,0,0,0,Gus,McGee,TE,,
31,188ad070-f96f-11ed-a7e6-5b9f42549cff,0,908fbc20-f5c7-11ee-a306-c311afc28263,0,0,0,0,0,0,0,0,Kadin,Schmitz,LB,,
1309,fe2b0780-37c2-11ee-8aad-e574e8ef7217,0,908fbc20-f5c7-11ee-a306-c311afc28263,0,0,0,0,0,0,0,0,Blake,Buntyn,WR,,
1123,80edb9d0-a275-11ed-8f2b-f3e5e15ec7fb,0,908fbc20-f5c7-11ee-a306-c311afc28263,0,0,0,0,0,0,0,0,DJ,Hicks,DT,,
593,d828cea0-4131-11ee-a29b-d5830e0bb7e0,0,908fbc20-f5c7-11ee-a306-c311afc28263,0,0,0,0,0,0,0,0,Adam,Damante,QB,,
433,50885160-1e63-11ed-ac13-efcd76e63c74,0,908fbc20-f5c7-11ee-a306-c311afc28263,0,0,0,0,0,0,0,0,Ilya,Uvaydov,K,,
1155,8cc364b0-37c3-11ee-8aad-e574e8ef7217,0,908fbc20-f5c7-11ee-a306-c311afc28263,0,0,0,0,0,0,0,0,Alessandro,Perez,DE,,
625,043c3660-981a-11ed-af31-5170ea7681d5,0,908fbc20-f5c7-11ee-a306-c311afc28263,0,0,0,0,0,0,0,0,Gabriel,Iniguez,DT,,
465,645c96e0-9818-11ed-af31-5170ea7681d5,0,908fbc20-f5c7-11ee-a306-c311afc28263,0,0,0,0,0,0,0,0,Tayden,Barnes,SAF,,
95,4b9b73f0-9daf-11ed-affb-d7de6d7f398d,0,908fbc20-f5c7-11ee-a306-c311afc28263,0,0,0,0,0,0,0,0,Grayson,Loftis,QB,,
1059,485c2f10-982b-11ed-9964-d1ac235f1095,0,908fbc20-f5c7-11ee-a306-c311afc28263,0,0,0,0,0,0,0,0,David,Olano,K,,
899,d9f6ff50-37b7-11ee-931c-8fb5c3eda51c,0,908fbc20-f5c7-11ee-a306-c311afc28263,0,0,0,0,0,0,0,0,Jarvis,Griffiths,OL,,
849,b20183e0-9424-11ec-a0a0-bfb4bc95dfd2,0,908fbc20-f5c7-11ee-a306-c311afc28263,0,0,0,0,0,0,0,0,BJ,Diakite,DE,,
1182,99a76e50-183a-11ed-a064-ef8b74c0c167,0,908fbc20-f5c7-11ee-a306-c311afc28263,0,0,0,0,0,0,0,0,Isaiah,Horton,WR,,
1022,3a143810-9b61-11ed-9535-f5ca9807efbe,0,908fbc20-f5c7-11ee-a306-c311afc28263,0,0,0,0,0,0,0,0,Marcus,Ratcliffe,SAF,,
812,93e5f8eb-46fc-46cc-ba40-5b9f9ef25d43,0,908fbc20-f5c7-11ee-a306-c311afc28263,0,0,0,0,0,0,0,0,Brady,Boyd,WR,,
652,15547b30-5018-11ef-ac06-73c47c06f715,0,908fbc20-f5c7-11ee-a306-c311afc28263,0,0,0,0,0,0,0,0,Owen,Edwards,LS,,
282,e27be9b0-f4f1-11ec-a1bd-5b7e571ac891,0,908fbc20-f5c7-11ee-a306-c311afc28263,0,0,0,0,0,0,0,0,Ayo,Tifase,DL,,
894,d99d1bf0-edd2-11ec-ac19-034706ab1ca4,0,908fbc20-f5c7-11ee-a306-c311afc28263,0,0,0,0,0,0,0,0,Elia,Migao,OL,,
314,f4e3081d-6c09-484c-b861-cd09a79b6fb6,0,908fbc20-f5c7-11ee-a306-c311afc28263,0,0,0,0,0,0,0,0,Caleb,Curtain,DB,,
926,f67abe20-8f69-11ec-8556-6fa97bcffaf0,0,908fbc20-f5c7-11ee-a306-c311afc28263,0,0,0,0,0,0,0,0,Bronson,Olevao,LB,,
716,4e8522be-b33a-466b-9ffb-4347d72990ab,0,908fbc20-f5c7-11ee-a306-c311afc28263,0,0,0,0,0,0,0,0,Demick,Starling,WR,,
186,9b0760a0-c74b-11ed-9fa8-892eecf2a8d4,0,908fbc20-f5c7-11ee-a306-c311afc28263,0,0,0,0,0,0,0,0,Gavin,Willis,LB,,
1331,149d44f0-a166-11ec-90e0-3dddf3951577,0,908fbc20-f5c7-11ee-a306-c311afc28263,0,0,0,0,0,0,0,0,Amonte,Jones,WR,,
985,1cc99200-c5c7-11ee-bbc7-a52b27e3c1e2,0,908fbc20-f5c7-11ee-a306-c311afc28263,0,0,0,0,0,0,0,0,Isendre,Ahfua,OL,,
775,7fd2d0f0-ff5c-11ed-84d8-f702f1ef9032,0,908fbc20-f5c7-11ee-a306-c311afc28263,0,0,0,0,0,0,0,0,K'leyone,Iosua,OL,,
615,f7f65680-b3f1-11ed-9e50-65a09640c7b9,0,908fbc20-f5c7-11ee-a306-c311afc28263,0,0,0,0,0,0,0,0,Brad,Vislisel,DE,,
1177,9452caab-2be2-427e-a63c-4a9edc252bdc,0,908fbc20-f5c7-11ee-a306-c311afc28263,0,0,0,0,0,0,0,0,Jared,Zirkel,K,,
857,b494d312-2770-4bb5-a358-bd7cdeb42b05,0,908fbc20-f5c7-11ee-a306-c311afc28263,0,0,0,0,0,0,0,0,Naki,Fahina,DT,,
807,936bbb11-3482-44b3-94a6-1a0d2afb345b,0,908fbc20-f5c7-11ee-a306-c311afc28263,0,0,0,0,0,0,0,0,Miles,Davis,RB,,
647,1160b650-b64a-11ee-82cd-abb0535b15e6,0,908fbc20-f5c7-11ee-a306-c311afc28263,0,0,0,0,0,0,0,0,John,Randle,OL,,
277,de90f780-9062-11ec-8556-6fa97bcffaf0,0,908fbc20-f5c7-11ee-a306-c311afc28263,0,0,0,0,0,0,0,0,Reid,Williford,LB,,
117,5be87f40-c5ff-11ee-a136-e78d78ebe5d6,0,908fbc20-f5c7-11ee-a306-c311afc28263,0,0,0,0,0,0,0,0,Evan,Austin,WR,,
309,f4a22520-951d-11ec-a8cc-21afd89fadd3,0,908fbc20-f5c7-11ee-a306-c311afc28263,0,0,0,0,0,0,0,0,Cam,Pedro,WR,,
341,07a55fe0-b81d-4ca1-acb2-eb8d800d2478,0,908fbc20-f5c7-11ee-a306-c311afc28263,0,0,0,0,0,0,0,0,Jeff,Davison,QB,,
1299,f2949310-a275-11ed-8f2b-f3e5e15ec7fb,0,908fbc20-f5c7-11ee-a306-c311afc28263,0,0,0,0,0,0,0,0,Marcel,Reed,QB,,
1273,e1b89c50-cdcf-11ed-8aca-3b1b1705cb38,0,908fbc20-f5c7-11ee-a306-c311afc28263,0,0,0,0,0,0,0,0,Ray,Coney,LB,,
953,097cb2ed-c95b-42fd-a056-8c83a40973e9,0,908fbc20-f5c7-11ee-a306-c311afc28263,0,0,0,0,0,0,0,0,Ar'maj,Reed-Adams,G,,
674,2dbaaef0-536b-11ef-b756-4f4423050bec,0,908fbc20-f5c7-11ee-a306-c311afc28263,0,0,0,0,0,0,0,0,Kian,Afrookhteh,K,,
916,f1402da0-d785-11ec-8cf2-07fbff125628,0,908fbc20-f5c7-11ee-a306-c311afc28263,0,0,0,0,0,0,0,0,Javen,Jacobs,RB,,
336,02aa9160-27a3-11ef-a052-05d5583f7ae4,0,908fbc20-f5c7-11ee-a306-c311afc28263,0,0,0,0,0,0,0,0,Jakobe,Campbell,SAF,,
176,9041fb00-0a99-11ec-8b62-01d2825cc870,0,908fbc20-f5c7-11ee-a306-c311afc28263,0,0,0,0,0,0,0,0,Rod,Green,OL,,
1268,deff4e00-850f-11ec-b84d-a909c14fc4b8,0,908fbc20-f5c7-11ee-a306-c311afc28263,0,0,0,0,0,0,0,0,Mark,Nabou,OL,,
48,28794af0-c06d-11ee-86a6-9d30df5b5397,0,908fbc20-f5c7-11ee-a306-c311afc28263,0,0,0,0,0,0,0,0,Stellan,Bowman,LB,,
1326,102a9a30-60d6-11ef-ba5f-0b50bd80afd3,0,908fbc20-f5c7-11ee-a306-c311afc28263,0,0,0,0,0,0,0,0,Kiyre,Wall,CB,,
770,7f0c1368-789c-40dd-bf65-f8276228d831,0,908fbc20-f5c7-11ee-a306-c311afc28263,0,0,0,0,0,0,0,0,Bryson,Barnes,QB,,
610,f2e1ca00-27a7-11ef-9d73-cf60abbf4cb3,0,908fbc20-f5c7-11ee-a306-c311afc28263,0,0,0,0,0,0,0,0,Henry,Davis,DL,,
400,3a1e38b0-baff-11ee-aaf4-7fdff2348b5b,0,908fbc20-f5c7-11ee-a306-c311afc28263,0,0,0,0,0,0,0,0,Mateo,Rodriguez,OL,,
1199,a5b6f4cc-989b-479e-a78f-ea243c55f2d7,0,908fbc20-f5c7-11ee-a306-c311afc28263,0,0,0,0,0,0,0,0,Jacob,Graham,LS,,
509,7f96ce10-983d-11ed-b515-b9f449cb451d,0,908fbc20-f5c7-11ee-a306-c311afc28263,0,0,0,0,0,0,0,0,Demanuel,Brown,DE,,
1071,4ee8e510-1397-11ef-a339-bdbef1d346c2,0,908fbc20-f5c7-11ee-a306-c311afc28263,0,0,0,0,0,0,0,0,Jesse,Chukwu,DE,,
445,58641f50-abcf-11ed-af6b-612f86e2e77f,0,908fbc20-f5c7-11ee-a306-c311afc28263,0,0,0,0,0,0,0,0,Reeves,Baller,DE,,
395,37b2d370-3246-11ee-9bf9-b5db0242af4d,0,908fbc20-f5c7-11ee-a306-c311afc28263,0,0,0,0,0,0,0,0,Kaden,Trevino,WR,,
134,6814857f-8b26-4034-9770-8a32f8eb5f87,0,908fbc20-f5c7-11ee-a306-c311afc28263,0,0,0,0,0,0,0,0,Joey,Bearns,TE,,
696,469a5528-251d-4f78-aa70-19f797d8128f,0,908fbc20-f5c7-11ee-a306-c311afc28263,0,0,0,0,0,0,0,0,Trey,Andersen,OL,,
938,f9db7c60-6fa6-11ef-b926-f76b2264ef08,0,908fbc20-f5c7-11ee-a306-c311afc28263,0,0,0,0,0,0,0,0,Caysen,Whittaker,OL,,
728,5f027d90-5135-11ef-a32b-1d178ecb5496,0,908fbc20-f5c7-11ee-a306-c311afc28263,0,0,0,0,0,0,0,0,Derrick,Jameson,RB,,
568,bc6f14a0-5da8-11ef-9286-a332edbe67a2,0,908fbc20-f5c7-11ee-a306-c311afc28263,0,0,0,0,0,0,0,0,Cole,Schnettgoecke,DL,,
358,150d0150-3acb-11ee-abad-759fcc34c08d,0,908fbc20-f5c7-11ee-a306-c311afc28263,0,0,0,0,0,0,0,0,Javon,Gillespie,CB,,
198,9efaed50-550f-11ef-830c-e539946aedf9,0,908fbc20-f5c7-11ee-a306-c311afc28263,0,0,0,0,0,0,0,0,Brady,Rhoads,TE,,
600,e715da80-5da9-11ef-9139-8db3f65e118e,0,908fbc20-f5c7-11ee-a306-c311afc28263,0,0,0,0,0,0,0,0,Izeyah,Wright,WR,,
632,07d05ea0-1730-11ef-a98f-99fba274caa9,0,908fbc20-f5c7-11ee-a306-c311afc28263,0,0,0,0,0,0,0,0,Bobby,Arnold,SAF,,
472,6aecdda0-a351-11ed-8632-3dcf5eeb383a,0,908fbc20-f5c7-11ee-a306-c311afc28263,0,0,0,0,0,0,0,0,Dakerric,Hobbs,CB,,
102,500a86f1-d63c-4dc8-b49e-68430ace70eb,0,908fbc20-f5c7-11ee-a306-c311afc28263,0,0,0,0,0,0,0,0,Jesse,Ramil,OL,,
504,7ec00630-3245-11ee-9bf9-b5db0242af4d,0,908fbc20-f5c7-11ee-a306-c311afc28263,0,0,0,0,0,0,0,0,Jayden,Bell,WR,,
933,f7b918f0-d0f2-11ee-97f5-3f56e685e648,0,908fbc20-f5c7-11ee-a306-c311afc28263,0,0,0,0,0,0,0,0,Kasen,Long,DL,,
33,1d6051f0-c602-11ee-a136-e78d78ebe5d6,0,908fbc20-f5c7-11ee-a306-c311afc28263,0,0,0,0,0,0,0,0,Dom,Silvia,OL,,
965,0bfaa4b0-37c3-11ee-8aad-e574e8ef7217,0,908fbc20-f5c7-11ee-a306-c311afc28263,0,0,0,0,0,0,0,0,Chase,Burton,WR,,
755,73d3f390-89bc-11ec-b4c8-9f80462526e1,0,908fbc20-f5c7-11ee-a306-c311afc28263,0,0,0,0,0,0,0,0,George,Maile,OL,,
385,2e708008-f2f3-43e7-8380-e757702513c4,0,908fbc20-f5c7-11ee-a306-c311afc28263,0,0,0,0,0,0,0,0,PJ,Johnson,WR,,
65,3423a3a5-3ffc-4702-bae4-d016cb9c55bb,0,908fbc20-f5c7-11ee-a306-c311afc28263,0,0,0,0,0,0,0,0,Colby,Garfield,LS,,
1343,1d5aed20-0d01-11ed-a920-ef57a55dc365,0,908fbc20-f5c7-11ee-a306-c311afc28263,0,0,0,0,0,0,0,0,Jelani,King-Leverett,OLB,,
787,894191c0-89e3-11ec-87d7-1329dbaf6972,0,908fbc20-f5c7-11ee-a306-c311afc28263,0,0,0,0,0,0,0,0,Quincy,Wright,DT,,
627,049e2ac0-5b3a-11ef-8bdb-a1d7e3dc9a51,0,908fbc20-f5c7-11ee-a306-c311afc28263,0,0,0,0,0,0,0,0,D'Angelo,Mayes,CB,,
417,47af0260-9ebe-11ed-b735-4da1124e9ce2,0,908fbc20-f5c7-11ee-a306-c311afc28263,0,0,0,0,0,0,0,0,Dijon,Stanley,RB,,
97,4f6b30b0-550f-11ef-830c-e539946aedf9,0,908fbc20-f5c7-11ee-a306-c311afc28263,0,0,0,0,0,0,0,0,Kameron,Manley,DB,,
869,c1f85e10-eac5-11ed-8f90-95a871398acf,0,908fbc20-f5c7-11ee-a306-c311afc28263,0,0,0,0,0,0,0,0,D'Andre,Barnes,SAF,,
819,9a5fa056-f449-4d07-806b-3b20202fe9f9,0,908fbc20-f5c7-11ee-a306-c311afc28263,0,0,0,0,0,0,0,0,Adam,Pond,OL,,
129,67ad5355-7dac-47b1-8a50-8579f464cf0e,0,908fbc20-f5c7-11ee-a306-c311afc28263,0,0,0,0,0,0,0,0,Ja'Qurious,Conley,DB,,
691,3ea05870-9b78-11ed-b8e3-1513ed7922ab,0,908fbc20-f5c7-11ee-a306-c311afc28263,0,0,0,0,0,0,0,0,Jackson,Olsen,WR,,
348,09c5c3a0-9003-11ec-8556-6fa97bcffaf0,0,908fbc20-f5c7-11ee-a306-c311afc28263,0,0,0,0,0,0,0,0,Jaden,Robinson,DE,,
28,12522540-0c4a-11ed-834d-b52ea748578e,0,908fbc20-f5c7-11ee-a306-c311afc28263,0,0,0,0,0,0,0,0,Nicolas,Cruji,OL,,
1306,fd9abcd0-9cdf-11ed-8450-073f5137ec67,0,908fbc20-f5c7-11ee-a306-c311afc28263,0,0,0,0,0,0,0,0,Wesley,Watson,WR,,
1120,80c63b8c-3462-4948-86dd-29d48d577936,0,908fbc20-f5c7-11ee-a306-c311afc28263,0,0,0,0,0,0,0,0,Scooby,Williams,LB,,
380,2db8b330-a286-11ed-84bc-c57b3519e176,0,908fbc20-f5c7-11ee-a306-c311afc28263,0,0,0,0,0,0,0,0,Vic,Shaw,DE,,
992,1cd5b461-ae1c-4b02-a1a4-b44f225cf465,0,908fbc20-f5c7-11ee-a306-c311afc28263,0,0,0,0,0,0,0,0,Jacob,Zeno,QB,,
462,61c5e7a0-2a55-11ed-b104-2f33c86e9432,0,908fbc20-f5c7-11ee-a306-c311afc28263,0,0,0,0,0,0,0,0,Isaiah,Rudison,RB,,
252,ce7737d0-9de3-11ed-813d-779d9c1a4f45,0,908fbc20-f5c7-11ee-a306-c311afc28263,0,0,0,0,0,0,0,0,Dominick,Kelley,OL,,
92,49eaf800-8a82-11ec-9b75-81689e0737c4,0,908fbc20-f5c7-11ee-a306-c311afc28263,0,0,0,0,0,0,0,0,CJ,Stokes,RB,,
1024,3d866700-b57a-11ee-8b7f-01a7c1347cea,0,908fbc20-f5c7-11ee-a306-c311afc28263,0,0,0,0,0,0,0,0,Brandon,Davis-Swain,DE,,
494,7b614900-4879-11ee-9a48-c398d10e1e38,0,908fbc20-f5c7-11ee-a306-c311afc28263,0,0,0,0,0,0,0,0,Santos,Valdez,OL,,
1056,47fb463b-5d3c-46b5-9adb-e22f5fe551ef,0,908fbc20-f5c7-11ee-a306-c311afc28263,0,0,0,0,0,0,0,0,Trey,Zuhn,OT,,
896,d9b099a0-19d6-11ef-bb12-b104ac890a9c,0,908fbc20-f5c7-11ee-a306-c311afc28263,0,0,0,0,0,0,0,0,Jonathan,Baird,SAF,,
558,b51e6dc0-4465-11ee-913c-b50a102d2720,0,908fbc20-f5c7-11ee-a306-c311afc28263,0,0,0,0,0,0,0,0,Dailan,Goodman,RB,,
407,4333d3f0-27a2-11ef-a052-05d5583f7ae4,0,908fbc20-f5c7-11ee-a306-c311afc28263,0,0,0,0,0,0,0,0,Zedekiah,Rodriguez-Brown,CB,,
1019,38a187c0-f030-11ed-8095-ff92e6250fed,0,908fbc20-f5c7-11ee-a306-c311afc28263,0,0,0,0,0,0,0,0,Zachary,Clay,TE,,
859,b8b0b110-1b91-11ef-882f-2da870f232bf,0,908fbc20-f5c7-11ee-a306-c311afc28263,0,0,0,0,0,0,0,0,Markie,Grant,CB,,
279,dff75150-63e6-11ef-b3bd-6f25221c143b,0,908fbc20-f5c7-11ee-a306-c311afc28263,0,0,0,0,0,0,0,0,Mathias,Nielsen,OL,,
1211,aa8cfc20-8510-11ec-9a71-73254de4b571,0,908fbc20-f5c7-11ee-a306-c311afc28263,0,0,0,0,0,0,0,0,Jadon,Scarlett,DT,,
1051,4620b030-9dcc-11ed-9ec1-d7898d8b70ab,0,908fbc20-f5c7-11ee-a306-c311afc28263,0,0,0,0,0,0,0,0,KC,Concepcion,WR,,
841,ac7ff12e-185a-4496-9cc3-1717966ca4f3,0,908fbc20-f5c7-11ee-a306-c311afc28263,0,0,0,0,0,0,0,0,Josh,Sterzer,TE,,
521,97743c50-abaa-11ec-b6ea-913ac4d9e609,0,908fbc20-f5c7-11ee-a306-c311afc28263,0,0,0,0,0,0,0,0,Josiah,Jackson,DL,,
151,6f7bdaaa-138f-4fec-8a61-6c1be48511c3,0,908fbc20-f5c7-11ee-a306-c311afc28263,0,0,0,0,0,0,0,0,Henry,Rutledge,RB,,
1083,5935ba00-a275-11ed-8f2b-f3e5e15ec7fb,0,908fbc20-f5c7-11ee-a306-c311afc28263,0,0,0,0,0,0,0,0,Taurean,York,LB,,
553,b4554250-3246-11ee-9bf9-b5db0242af4d,0,908fbc20-f5c7-11ee-a306-c311afc28263,0,0,0,0,0,0,0,0,Siddeeq,Shabazz,SAF,,
183,98dfbd30-9061-11ec-8556-6fa97bcffaf0,0,908fbc20-f5c7-11ee-a306-c311afc28263,0,0,0,0,0,0,0,0,Boston,Brinkley,OL,,
585,d15639f0-3704-11ee-be32-0d11f96c8dec,0,908fbc20-f5c7-11ee-a306-c311afc28263,0,0,0,0,0,0,0,0,Rayfield,Lotten,TE,,
242,c74154b0-863c-11ec-8b4f-bfdcdbacd7ed,0,908fbc20-f5c7-11ee-a306-c311afc28263,0,0,0,0,0,0,0,0,Mo,Clipper,OL,,
1014,2f40a100-f5af-11ed-b233-eff84a81117d,0,908fbc20-f5c7-11ee-a306-c311afc28263,0,0,0,0,0,0,0,0,Shea,Freibaum,LS,,
146,6e67e781-f023-44d0-94ae-3d547bace361,0,908fbc20-f5c7-11ee-a306-c311afc28263,0,0,0,0,0,0,0,0,Logan,Mauldin,TE,,
1238,c358af00-58c7-11ef-9b3b-c731cdaeaa58,0,908fbc20-f5c7-11ee-a306-c311afc28263,0,0,0,0,0,0,0,0,Bryce,Barnes,OL,,
1270,e1615a30-58c5-11ef-9b3b-c731cdaeaa58,0,908fbc20-f5c7-11ee-a306-c311afc28263,0,0,0,0,0,0,0,0,Layne,Gerke,SAF,,
772,7f170c70-58d5-11ef-858c-7160a458c289,0,908fbc20-f5c7-11ee-a306-c311afc28263,0,0,0,0,0,0,0,0,Carson,Tujague,DT,,
612,f559e220-60cf-11ef-b49d-edf8451356a1,0,908fbc20-f5c7-11ee-a306-c311afc28263,0,0,0,0,0,0,0,0,Jason,Gwan,DL,,
479,7202d860-5da9-11ef-8789-0b833c339564,0,908fbc20-f5c7-11ee-a306-c311afc28263,0,0,0,0,0,0,0,0,Enzo-Pierre,Tayou,DL,,
831,a1260010-91d0-11ec-8160-e9ab30ce3cc4,0,908fbc20-f5c7-11ee-a306-c311afc28263,0,0,0,0,0,0,0,0,Marcus,McKenzie,CB,,
1073,53097090-c358-11ee-ba4d-459a0a6fb31a,0,908fbc20-f5c7-11ee-a306-c311afc28263,0,0,0,0,0,0,0,0,Coen,Echols,OL,,
703,486c92cc-9b66-477a-986a-7a01a8bdacb2,0,908fbc20-f5c7-11ee-a306-c311afc28263,0,0,0,0,0,0,0,0,Jacob,Conover,QB,,
543,affc4fb0-5da5-11ef-b82a-1f262d1bbcfa,0,908fbc20-f5c7-11ee-a306-c311afc28263,0,0,0,0,0,0,0,0,Roscoe,Burton,RB,,
1105,75964240-a1a9-11ed-8407-d326ef253fb2,0,908fbc20-f5c7-11ee-a306-c311afc28263,0,0,0,0,0,0,0,0,Tyree,Adams,OL,,
237,b9071ee0-4871-11ee-9e0e-63ed7dedca5c,0,908fbc20-f5c7-11ee-a306-c311afc28263,0,0,0,0,0,0,0,0,Justin,Hayes,LB,,
506,7f7433a0-bb00-11ee-866e-cb10e982d405,0,908fbc20-f5c7-11ee-a306-c311afc28263,0,0,0,0,0,0,0,0,Elijah,Harvey,OL,,
136,6a685880-d8a9-11ee-b4ab-d9199a278cc1,0,908fbc20-f5c7-11ee-a306-c311afc28263,0,0,0,0,0,0,0,0,Cameren,Smith,RB,,
1068,4cf67650-1416-11ed-99ab-175543659a4f,0,908fbc20-f5c7-11ee-a306-c311afc28263,0,0,0,0,0,0,0,0,AJ,DiNota,RB,,
168,8b539af0-c9e5-11ee-998a-fb9969bce195,0,908fbc20-f5c7-11ee-a306-c311afc28263,0,0,0,0,0,0,0,0,Curtis,Simpson,DL,,
1100,6f4f6bd0-901d-11ec-8556-6fa97bcffaf0,0,908fbc20-f5c7-11ee-a306-c311afc28263,0,0,0,0,0,0,0,0,Micah,Riley,TE,,
1318,073c03a0-5f0a-11ef-b338-35bebc099ded,0,908fbc20-f5c7-11ee-a306-c311afc28263,0,0,0,0,0,0,0,0,Phinnell,Marshall,OL,,
442,5452b611-8f00-4d3e-a074-c2efa8ca8325,0,908fbc20-f5c7-11ee-a306-c311afc28263,0,0,0,0,0,0,0,0,Tim,Gans,RB,,
232,b1af8210-9d2a-11ed-a178-45615e5297d3,0,908fbc20-f5c7-11ee-a306-c311afc28263,0,0,0,0,0,0,0,0,J'ven,Williams,OL,,
1004,28af9110-a263-11ed-8480-1d1f197292c4,0,908fbc20-f5c7-11ee-a306-c311afc28263,0,0,0,0,0,0,0,0,Trovon,Baugh,OL,,
794,9089e0f3-1310-4a52-a173-75411bfda372,0,908fbc20-f5c7-11ee-a306-c311afc28263,0,0,0,0,0,0,0,0,Ike,Larsen,SAF,,
474,6c02b770-27a1-11ef-a052-05d5583f7ae4,0,908fbc20-f5c7-11ee-a306-c311afc28263,0,0,0,0,0,0,0,0,TJ,Pride,WR,,
264,d9c86350-c76b-11ed-9fa8-892eecf2a8d4,0,908fbc20-f5c7-11ee-a306-c311afc28263,0,0,0,0,0,0,0,0,E. Jai,Mason,WR,,
1036,408bc3c0-9ea4-11ed-975c-37b2dd34d160,0,908fbc20-f5c7-11ee-a306-c311afc28263,0,0,0,0,0,0,0,0,Rickey,Gibson,DB,,
163,8091cd90-c601-11ee-a136-e78d78ebe5d6,0,908fbc20-f5c7-11ee-a306-c311afc28263,0,0,0,0,0,0,0,0,Kendal,Brown,DL,,
1095,66b90f65-a1b9-4cfc-8be8-10cee7955279,0,908fbc20-f5c7-11ee-a306-c311afc28263,0,0,0,0,0,0,0,0,Reuben,Fatheree,OL,,
355,14d37a20-5da7-11ef-8cbf-53bfea86c76b,0,908fbc20-f5c7-11ee-a306-c311afc28263,0,0,0,0,0,0,0,0,Hayden,Harlan,OL,,
227,b015e7e0-9421-11ec-a0a0-bfb4bc95dfd2,0,908fbc20-f5c7-11ee-a306-c311afc28263,0,0,0,0,0,0,0,0,Jayden,McGowan,WR,,
67,370cf600-c600-11ee-a136-e78d78ebe5d6,0,908fbc20-f5c7-11ee-a306-c311afc28263,0,0,0,0,0,0,0,0,Grant,Laskey,TE,,
789,8b283ac0-55f6-11ef-9fab-1b5da905edda,0,908fbc20-f5c7-11ee-a306-c311afc28263,0,0,0,0,0,0,0,0,Ronnie,Mageo,DL,,
469,68034870-9003-11ec-8556-6fa97bcffaf0,0,908fbc20-f5c7-11ee-a306-c311afc28263,0,0,0,0,0,0,0,0,Gabe,Peterson,DE,,
259,cfa89717-fbc0-4409-9f8c-8ba6d9cadc2e,0,908fbc20-f5c7-11ee-a306-c311afc28263,0,0,0,0,0,0,0,0,Shay,Taylor,LB,,
501,7dde36e0-3233-11ee-9cf4-b99040ba6229,0,908fbc20-f5c7-11ee-a306-c311afc28263,0,0,0,0,0,0,0,0,Myles,Libman,WR,,
1090,64c1f5f0-9cda-11ed-8450-073f5137ec67,0,908fbc20-f5c7-11ee-a306-c311afc28263,0,0,0,0,0,0,0,0,Will,Lee,CB,,
962,0a60d230-37c0-11ee-8aad-e574e8ef7217,0,908fbc20-f5c7-11ee-a306-c311afc28263,0,0,0,0,0,0,0,0,Ronnie,Crosby,RB,,
222,adab0510-edf9-11ee-b710-69770d9d52d5,0,908fbc20-f5c7-11ee-a306-c311afc28263,0,0,0,0,0,0,0,0,Connor,Adair,TE,,
414,4639c480-5da6-11ef-a192-57910f6f9546,0,908fbc20-f5c7-11ee-a306-c311afc28263,0,0,0,0,0,0,0,0,Max,Dean,P,,
254,cf09b3b0-0ad7-11ee-b11a-011e268a3a23,0,908fbc20-f5c7-11ee-a306-c311afc28263,0,0,0,0,0,0,0,0,Cheick,Kaba,DL,,
1186,9a6337c0-850f-11ec-b84d-a909c14fc4b8,0,908fbc20-f5c7-11ee-a306-c311afc28263,0,0,0,0,0,0,0,0,Le'Veon,Moss,RB,,
1277,e2d23aa0-9447-11ec-adaa-8df9ab712ef8,0,908fbc20-f5c7-11ee-a306-c311afc28263,0,0,0,0,0,0,0,0,Houston,Thomas,TE,,
957,09e36060-f893-11ec-8190-074ed0b20d38,0,908fbc20-f5c7-11ee-a306-c311afc28263,0,0,0,0,0,0,0,0,Preston,Landis,RB,,
747,67575191-4ef4-417a-bcc6-a0820dfe5f67,0,908fbc20-f5c7-11ee-a306-c311afc28263,0,0,0,0,0,0,0,0,Noah,Avinger,CB,,
427,4d7c0c70-5f37-11ef-989c-fb03a30cd5a0,0,908fbc20-f5c7-11ee-a306-c311afc28263,0,0,0,0,0,0,0,0,Amaurey,Brooks,CB,,
377,263c6510-9819-11ed-af31-5170ea7681d5,0,908fbc20-f5c7-11ee-a306-c311afc28263,0,0,0,0,0,0,0,0,Jalen,Brown,RB,,
1335,15a8f4e0-f4f2-11ec-a1bd-5b7e571ac891,0,908fbc20-f5c7-11ee-a306-c311afc28263,0,0,0,0,0,0,0,0,Qae'Shon,Sapp,OL,,
779,83f3e0c0-095d-11ed-988d-5f1c2a0e25d9,0,908fbc20-f5c7-11ee-a306-c311afc28263,0,0,0,0,0,0,0,0,Chika,Ebunoha,SAF,,
249,cbcf1010-91f6-11ec-9587-0f8fa2cff168,0,908fbc20-f5c7-11ee-a306-c311afc28263,0,0,0,0,0,0,0,0,Conner,Harrell,QB,,
491,79bd7b6b-b5d1-4c22-b3a7-4b956598276c,0,908fbc20-f5c7-11ee-a306-c311afc28263,0,0,0,0,0,0,0,0,Malik,Williams,OL,,
523,9a1609e0-c7f3-11ee-b948-570f5b8b9fad,0,908fbc20-f5c7-11ee-a306-c311afc28263,0,0,0,0,0,0,0,0,Caleb,Pyfrom,OL,,
153,71811820-538b-11ef-b0d0-47e136320378,0,908fbc20-f5c7-11ee-a306-c311afc28263,0,0,0,0,0,0,0,0,Caleb,Irving,DL,,
555,b487ae60-27a6-11ef-9d73-cf60abbf4cb3,0,908fbc20-f5c7-11ee-a306-c311afc28263,0,0,0,0,0,0,0,0,Kai,Wheeler,OL,,
454,5a6d9fad-91d9-47ab-8458-58cbab985303,0,908fbc20-f5c7-11ee-a306-c311afc28263,0,0,0,0,0,0,0,0,Logan,Fife,QB,,
404,3b2ad5d0-89bd-11ec-b4c8-9f80462526e1,0,908fbc20-f5c7-11ee-a306-c311afc28263,0,0,0,0,0,0,0,0,Kaian,Roberts-Day,DL,,
244,c79c3bb0-550f-11ef-830c-e539946aedf9,0,908fbc20-f5c7-11ee-a306-c311afc28263,0,0,0,0,0,0,0,0,Duke,Guenther,RB,,
1016,36e0e7e0-58c7-11ef-9b3b-c731cdaeaa58,0,908fbc20-f5c7-11ee-a306-c311afc28263,0,0,0,0,0,0,0,0,Carter,Braugh,TE,,
1208,a82db4d0-f024-11ed-8095-ff92e6250fed,0,908fbc20-f5c7-11ee-a306-c311afc28263,0,0,0,0,0,0,0,0,Johnny,Ryder,WR,,
1048,4513ad00-379b-11ee-9da9-cbc804f3c5d8,0,908fbc20-f5c7-11ee-a306-c311afc28263,0,0,0,0,0,0,0,0,Jared,White,P,,
1240,c617a6c0-b9fc-11ee-9029-3760994e83f9,0,908fbc20-f5c7-11ee-a306-c311afc28263,0,0,0,0,0,0,0,0,Angelo,McCullom,DL,,
920,f34dbb10-a668-11ec-92a5-573ac41867f7,0,908fbc20-f5c7-11ee-a306-c311afc28263,0,0,0,0,0,0,0,0,Kadin,Lynch,OL,,
550,b402639b-f3b6-469f-ab63-f7f11c70be3c,0,908fbc20-f5c7-11ee-a306-c311afc28263,0,0,0,0,0,0,0,0,Larenzo,McMillan,RB,,
742,66db49c0-b581-11ee-b40e-f93ca78b0985,0,908fbc20-f5c7-11ee-a306-c311afc28263,0,0,0,0,0,0,0,0,Jared,Pele,OL,,
582,cf8a4170-9830-11ed-8d6d-afdc7fa870c6,0,908fbc20-f5c7-11ee-a306-c311afc28263,0,0,0,0,0,0,0,0,Terrell,Washington,RB,,
1171,92f041cb-6cc9-4a25-8ca2-8752dafbbc3b,0,908fbc20-f5c7-11ee-a306-c311afc28263,0,0,0,0,0,0,0,0,Albert,Regis,DT,,
1011,2a00a31b-02d5-412a-a4c2-00f9787f302c,0,908fbc20-f5c7-11ee-a306-c311afc28263,0,0,0,0,0,0,0,0,Truette,Tumey,P,,
271,d9d2d8f6-d58d-4a0a-8d9a-471bdcecf3b5,0,908fbc20-f5c7-11ee-a306-c311afc28263,0,0,0,0,0,0,0,0,Justin,Olson,WR,,
111,594a3360-0641-11ee-b45e-43d642150b47,0,908fbc20-f5c7-11ee-a306-c311afc28263,0,0,0,0,0,0,0,0,Jason,Jeffares,TE,,
1043,43967bb0-37c3-11ee-8aad-e574e8ef7217,0,908fbc20-f5c7-11ee-a306-c311afc28263,0,0,0,0,0,0,0,0,Tommy,Colligan,LB,,
883,d13b63a0-b93c-11ed-bee0-c37cad6c899f,0,908fbc20-f5c7-11ee-a306-c311afc28263,0,0,0,0,0,0,0,0,James,Jennette,DL,,
513,884eef60-6686-11ef-a79e-6db417c0f9ac,0,908fbc20-f5c7-11ee-a306-c311afc28263,0,0,0,0,0,0,0,0,Luke,Moise,OL,,
1235,c26b03e0-a275-11ed-8f2b-f3e5e15ec7fb,0,908fbc20-f5c7-11ee-a306-c311afc28263,0,0,0,0,0,0,0,0,Bravion,Rogers,CB,,
1293,eeb59020-982d-11ed-83e5-c539351ebec3,0,908fbc20-f5c7-11ee-a306-c311afc28263,0,0,0,0,0,0,0,0,Jordan,Shaw,CB,,
1107,7665caf0-1387-11ef-a453-276e817b80af,0,908fbc20-f5c7-11ee-a306-c311afc28263,0,0,0,0,0,0,0,0,Paxton,Land,QB,,
947,027e79d0-9867-11ed-88ac-030429d87b17,0,908fbc20-f5c7-11ee-a306-c311afc28263,0,0,0,0,0,0,0,0,Richie,Anderson,TE,,
367,190afbc8-f9e1-4924-ab47-493048cfba6a,0,908fbc20-f5c7-11ee-a306-c311afc28263,0,0,0,0,0,0,0,0,Florian,Staehler,OL,,
1139,89abe484-0e5c-4b37-9428-50d560ab6f52,0,908fbc20-f5c7-11ee-a306-c311afc28263,0,0,0,0,0,0,0,0,Koli,Faaiu,OL,,
79,3efdb810-0b7f-11ec-88fe-27c45d3b5fb1,0,908fbc20-f5c7-11ee-a306-c311afc28263,0,0,0,0,0,0,0,0,Kristos,Fernandez,OL,,
10,0ffc9700-8ecb-11ec-8d02-85ead82574a9,0,908fbc20-f5c7-11ee-a306-c311afc28263,0,0,0,0,0,0,0,0,CJ,Clinkscales,DB,,
1102,70713a20-c5c2-11ee-bbc7-a52b27e3c1e2,0,908fbc20-f5c7-11ee-a306-c311afc28263,0,0,0,0,0,0,0,0,Myles,Davis,SAF,,
732,60088e50-95b7-11ec-ac09-df8fdee6dbff,0,908fbc20-f5c7-11ee-a306-c311afc28263,0,0,0,0,0,0,0,0,Antonio,Bluiett,DB,,
362,17b89e00-0d3b-11ed-bdf8-19cd47e5867a,0,908fbc20-f5c7-11ee-a306-c311afc28263,0,0,0,0,0,0,0,0,Mark,Chapman,OL,,
202,a01963d0-9a5c-11ec-aa2d-1dee8c2946d2,0,908fbc20-f5c7-11ee-a306-c311afc28263,0,0,0,0,0,0,0,0,Cole,Gonzales,QB,,
42,24521cb3-4799-4130-903a-07e2add18eaf,0,908fbc20-f5c7-11ee-a306-c311afc28263,0,0,0,0,0,0,0,0,Mason,Bowers,OL,,
1320,09b05680-6582-11ef-a42b-5f56e33600f2,0,908fbc20-f5c7-11ee-a306-c311afc28263,0,0,0,0,0,0,0,0,Kamari,Blankumsee,SAF,,
974,15e0bf30-a274-11ed-8f2b-f3e5e15ec7fb,0,908fbc20-f5c7-11ee-a306-c311afc28263,0,0,0,0,0,0,0,0,Chase,Bisontis,G,,
764,7ec48870-8f69-11ec-8556-6fa97bcffaf0,0,908fbc20-f5c7-11ee-a306-c311afc28263,0,0,0,0,0,0,0,0,Chase,Tuatagaloa,TE,,
1352,1fa48034-263f-41d6-9a3d-bc31e8feae18,0,908fbc20-f5c7-11ee-a306-c311afc28263,0,0,0,0,0,0,0,0,Alston,Hooker,QB,,
1166,92cdd7e0-58c5-11ef-9bfa-85db8004dd3b,0,908fbc20-f5c7-11ee-a306-c311afc28263,0,0,0,0,0,0,0,0,Ramarian,Tillman,RB,,
1006,28e75f10-58c8-11ef-9b82-af825f74f838,0,908fbc20-f5c7-11ee-a306-c311afc28263,0,0,0,0,0,0,0,0,Kyle,Garvis,LB,,
106,53f4c5e0-f636-11ec-a454-0195ac6142b0,0,908fbc20-f5c7-11ee-a306-c311afc28263,0,0,0,0,0,0,0,0,Jamarrion,Solomon,DL,,
905,e7e898d0-85e8-11ec-85cd-e5aab2bdaefb,0,908fbc20-f5c7-11ee-a306-c311afc28263,0,0,0,0,0,0,0,0,Carter,Brown,K,,
325,fb701ab0-c824-11ee-a461-852eaf6dcde4,0,908fbc20-f5c7-11ee-a306-c311afc28263,0,0,0,0,0,0,0,0,Khamani,Alexander,RB,,
1283,e636e750-a273-11ed-8f2b-f3e5e15ec7fb,0,908fbc20-f5c7-11ee-a306-c311afc28263,0,0,0,0,0,0,0,0,Rueben,Owens,RB,,
37,2051aa40-9002-11ec-8556-6fa97bcffaf0,0,908fbc20-f5c7-11ee-a306-c311afc28263,0,0,0,0,0,0,0,0,Ta'ir,Brooks,WR,,
1129,825b16ba-2afc-4d05-9727-edab0fb0f126,0,908fbc20-f5c7-11ee-a306-c311afc28263,0,0,0,0,0,0,0,0,Dayon,Hayes,DE,,
759,7bfb2520-9b7c-11ed-a4a7-731774d8a58d,0,908fbc20-f5c7-11ee-a306-c311afc28263,0,0,0,0,0,0,0,0,Kahanu,Davis,WR,,
229,b138e2d0-5daf-11ef-8f49-359551f881f7,0,908fbc20-f5c7-11ee-a306-c311afc28263,0,0,0,0,0,0,0,0,Jaylen,Hampton,WR,,
69,37ed7580-c601-11ee-a136-e78d78ebe5d6,0,908fbc20-f5c7-11ee-a306-c311afc28263,0,0,0,0,0,0,0,0,Cornell,Allen,DB,,
1347,1f1646b0-3d47-11ee-a476-8fb95bcffc93,0,908fbc20-f5c7-11ee-a306-c311afc28263,0,0,0,0,0,0,0,0,Kelvin,Broadhurst,DL,,
261,d5d1d6b0-c601-11ee-a136-e78d78ebe5d6,0,908fbc20-f5c7-11ee-a306-c311afc28263,0,0,0,0,0,0,0,0,Darius,Wallace,DL,,
1193,9df59922-8e8e-48ed-abe9-ee3d04d44b81,0,908fbc20-f5c7-11ee-a306-c311afc28263,0,0,0,0,0,0,0,0,EJ,Smith,RB,,
160,7f827cf6-3e26-4b20-8b59-53c8295b056c,0,908fbc20-f5c7-11ee-a306-c311afc28263,0,0,0,0,0,0,0,0,Zion,Shockley,DL,,
1028,3e417b90-84a2-11ec-a2e6-affc80bcd2fc,0,908fbc20-f5c7-11ee-a306-c311afc28263,0,0,0,0,0,0,0,0,Julio,Humphrey,CB,,
498,7c12ef00-9003-11ec-8556-6fa97bcffaf0,0,908fbc20-f5c7-11ee-a306-c311afc28263,0,0,0,0,0,0,0,0,Trevor,Stephens,TE,,
1220,afe3bc90-a70b-11ed-9c28-875d22de9ca9,0,908fbc20-f5c7-11ee-a306-c311afc28263,0,0,0,0,0,0,0,0,Sam,M'Pemba,DE,,
320,f70e79d0-41d3-11ee-b817-0f26c6ec7934,0,908fbc20-f5c7-11ee-a306-c311afc28263,0,0,0,0,0,0,0,0,Shaku,Sangarie,DL,,
959,0a553a00-c5c9-11ee-bbc7-a52b27e3c1e2,0,908fbc20-f5c7-11ee-a306-c311afc28263,0,0,0,0,0,0,0,0,Terry,Bussey,WR,,
589,d1e723d0-078e-11ed-be58-e3ef448594e4,0,908fbc20-f5c7-11ee-a306-c311afc28263,0,0,0,0,0,0,0,0,Bryant,Jackson,LB,,
429,503924c0-51fe-11ef-be91-a96888ef97aa,0,908fbc20-f5c7-11ee-a306-c311afc28263,0,0,0,0,0,0,0,0,Lyndon,Ravare,WR,,
219,a9564c20-039c-11ed-82c0-ed1d42e26c7b,0,908fbc20-f5c7-11ee-a306-c311afc28263,0,0,0,0,0,0,0,0,Sean,Brown,WR,,
59,2c0ef5c8-26e3-495a-83c1-c5dfaf726332,0,908fbc20-f5c7-11ee-a306-c311afc28263,0,0,0,0,0,0,0,0,Derrick,Edwards,DB,,
1151,8c405310-f027-11ed-8095-ff92e6250fed,0,908fbc20-f5c7-11ee-a306-c311afc28263,0,0,0,0,0,0,0,0,Aidan,Herrera,LB,,
621,fb3d6b70-3246-11ee-9bf9-b5db0242af4d,0,908fbc20-f5c7-11ee-a306-c311afc28263,0,0,0,0,0,0,0,0,David,Barela,RB,,
411,436271b0-2295-11ed-9479-578a7cf992f8,0,908fbc20-f5c7-11ee-a306-c311afc28263,0,0,0,0,0,0,0,0,Tyler,Keinath,OL,,
123,6247d884-40c6-4af5-8276-16cc34a37f25,0,908fbc20-f5c7-11ee-a306-c311afc28263,0,0,0,0,0,0,0,0,Breon,Noel,DB,,
1215,ab3ce9e0-1418-11ed-8f55-53b238da45a2,0,908fbc20-f5c7-11ee-a306-c311afc28263,0,0,0,0,0,0,0,0,Levi,Hancock,LS,,
845,b10e2df0-8f68-11ec-8556-6fa97bcffaf0,0,908fbc20-f5c7-11ee-a306-c311afc28263,0,0,0,0,0,0,0,0,Enoka,Migao,OLB,,
685,32e04ac0-b582-11ee-b40e-f93ca78b0985,0,908fbc20-f5c7-11ee-a306-c311afc28263,0,0,0,0,0,0,0,0,Tate,Kjar,WR,,
155,7e6c1e60-550f-11ef-830c-e539946aedf9,0,908fbc20-f5c7-11ee-a306-c311afc28263,0,0,0,0,0,0,0,0,Aydan,Cannon,DB,,
1247,ce8aded0-a652-11ed-8186-3f56d8db30c9,0,908fbc20-f5c7-11ee-a306-c311afc28263,0,0,0,0,0,0,0,0,T.J.,Searcy,DE,,
374,23fc3d50-1b7d-11ef-aac1-654c5b1dc56b,0,908fbc20-f5c7-11ee-a306-c311afc28263,0,0,0,0,0,0,0,0,Desmin,Hatfield-Rushton,SAF,,
214,a509f8d3-042e-4928-a938-9aab59ae9467,0,908fbc20-f5c7-11ee-a306-c311afc28263,0,0,0,0,0,0,0,0,Andrew,Adair,OL,,
54,2a0f33d5-3ddc-4eac-930e-250b630ac785,0,908fbc20-f5c7-11ee-a306-c311afc28263,0,0,0,0,0,0,0,0,Randy,Franklin,DB,,
86,432ada80-0ad0-11ec-9466-75df4dae1e10,0,908fbc20-f5c7-11ee-a306-c311afc28263,0,0,0,0,0,0,0,0,Braden,Mullen,DL,,
890,d2b815d7-f782-405c-a89a-67622a720afb,0,908fbc20-f5c7-11ee-a306-c311afc28263,0,0,0,0,0,0,0,0,Broc,Lane,TE,,
680,2e0277f2-4daf-4e32-a9cb-9ef85ec18aaa,0,908fbc20-f5c7-11ee-a306-c311afc28263,0,0,0,0,0,0,0,0,John,Miller,LB,,
922,f3bf5cb0-b580-11ee-b40e-f93ca78b0985,0,908fbc20-f5c7-11ee-a306-c311afc28263,0,0,0,0,0,0,0,0,Carl,Nesmith,OLB,,
1114,7a1e5145-a3d7-414f-aea3-36d05e7fa8f9,0,908fbc20-f5c7-11ee-a306-c311afc28263,0,0,0,0,0,0,0,0,Randy,Bond,K,,
81,3fcec0e0-c603-11ee-a136-e78d78ebe5d6,0,908fbc20-f5c7-11ee-a306-c311afc28263,0,0,0,0,0,0,0,0,JJ,Okate,LB,,
643,1053b100-9026-11ec-8556-6fa97bcffaf0,0,908fbc20-f5c7-11ee-a306-c311afc28263,0,0,0,0,0,0,0,0,Anthony,Garcia,QB,,
483,737f1cc0-4465-11ee-913c-b50a102d2720,0,908fbc20-f5c7-11ee-a306-c311afc28263,0,0,0,0,0,0,0,0,Colt,Mangino,SAF,,
273,dc4812a0-c5fe-11ee-a136-e78d78ebe5d6,0,908fbc20-f5c7-11ee-a306-c311afc28263,0,0,0,0,0,0,0,0,DeQuinder,Williams,DB,,
1205,a645f7b0-a275-11ed-8f2b-f3e5e15ec7fb,0,908fbc20-f5c7-11ee-a306-c311afc28263,0,0,0,0,0,0,0,0,Dalton,Brooks,SAF,,
1045,4407fd40-59bd-11ef-8650-ef78f1118428,0,908fbc20-f5c7-11ee-a306-c311afc28263,0,0,0,0,0,0,0,0,Alex,Abbott,P,,
835,a9df7310-8f4d-11ec-9f33-1965c9c46e44,0,908fbc20-f5c7-11ee-a306-c311afc28263,0,0,0,0,0,0,0,0,Bryson,Taylor,CB,,
305,efd23d20-5f2b-11ef-8e4d-dd1a852fa1ea,0,908fbc20-f5c7-11ee-a306-c311afc28263,0,0,0,0,0,0,0,0,Zyheem,Collick,WR,,
1077,55bb3770-850b-11ec-b446-1b024413db39,0,908fbc20-f5c7-11ee-a306-c311afc28263,0,0,0,0,0,0,0,0,Bryce,Anderson,SAF,,
707,4b1177f0-19d1-11ef-bb12-b104ac890a9c,0,908fbc20-f5c7-11ee-a306-c311afc28263,0,0,0,0,0,0,0,0,Courage,Ugo,CB,,
1295,f14d9740-c5c4-11ee-bbc7-a52b27e3c1e2,0,908fbc20-f5c7-11ee-a306-c311afc28263,0,0,0,0,0,0,0,0,Kendall,Jackson,DE,,
1109,79779a00-c5c3-11ee-bbc7-a52b27e3c1e2,0,908fbc20-f5c7-11ee-a306-c311afc28263,0,0,0,0,0,0,0,0,Ashton,Funk,OL,,
739,655e89e0-ef75-11ed-8ee5-ed3948282ce6,0,908fbc20-f5c7-11ee-a306-c311afc28263,0,0,0,0,0,0,0,0,Jimmy,Liston,OL,,
579,cdf38210-1f61-11ed-a14c-9bcddb7a0cb8,0,908fbc20-f5c7-11ee-a306-c311afc28263,0,0,0,0,0,0,0,0,Sone,Aupiu,LB,,
209,a473ef04-9c3e-49a1-9319-d3ec996a67ec,0,908fbc20-f5c7-11ee-a306-c311afc28263,0,0,0,0,0,0,0,0,Gavin,Shipman,DB,,
981,1b6db4a0-58c9-11ef-a260-5771b46d1c81,0,908fbc20-f5c7-11ee-a306-c311afc28263,0,0,0,0,0,0,0,0,Ashton,Bethel-Roman,WR,,
1040,411fc440-850e-11ec-b84d-a909c14fc4b8,0,908fbc20-f5c7-11ee-a306-c311afc28263,0,0,0,0,0,0,0,0,Jarred,Kerr,SAF,,
880,d0e34030-42b2-11ee-996a-6deae86de19e,0,908fbc20-f5c7-11ee-a306-c311afc28263,0,0,0,0,0,0,0,0,Jeremiah,Holmes,LB,,
670,253a59a7-fc1c-417d-a905-ddf73ab43fe2,0,908fbc20-f5c7-11ee-a306-c311afc28263,0,0,0,0,0,0,0,0,Lawrence,Falatea,DE,,
300,ebfb4780-3530-11ee-8165-1f072663a93e,0,908fbc20-f5c7-11ee-a306-c311afc28263,0,0,0,0,0,0,0,0,Bronson,Long,P,,
140,6cdd7500-9fc1-11ec-8d3e-25cbf0d2c00a,0,908fbc20-f5c7-11ee-a306-c311afc28263,0,0,0,0,0,0,0,0,Jorel,Liverpool,DL,,
1232,c266f2d0-a8e4-11ed-8f9f-4571392585dc,0,908fbc20-f5c7-11ee-a306-c311afc28263,0,0,0,0,0,0,0,0,Tawfiq,Byard,SAF,,
912,f04629f0-9d09-11ed-b6b0-219682d17820,0,908fbc20-f5c7-11ee-a306-c311afc28263,0,0,0,0,0,0,0,0,Chapman,Lewis,SAF,,
172,8c517d10-9bfb-11ec-a07d-ffdc5a3c6e65,0,908fbc20-f5c7-11ee-a306-c311afc28263,0,0,0,0,0,0,0,0,Chance,Williams,RB,,
12,10626c40-5513-11ef-830c-e539946aedf9,0,908fbc20-f5c7-11ee-a306-c311afc28263,0,0,0,0,0,0,0,0,Derrick,Eley,WR,,
1290,ee736f60-9c51-11ed-9b81-9b68194c9dc2,0,908fbc20-f5c7-11ee-a306-c311afc28263,0,0,0,0,0,0,0,0,Wilkin,Formby,OL,,
1264,da346c40-1419-11ed-8f55-53b238da45a2,0,908fbc20-f5c7-11ee-a306-c311afc28263,0,0,0,0,0,0,0,0,Chance,Jackson,OL,,
944,015f9cb0-a275-11ed-8f2b-f3e5e15ec7fb,0,908fbc20-f5c7-11ee-a306-c311afc28263,0,0,0,0,0,0,0,0,Daymion,Sanford,LB,,
574,c3d6df10-a1a8-11ed-aa6e-af6a28059e98,0,908fbc20-f5c7-11ee-a306-c311afc28263,0,0,0,0,0,0,0,0,Obinna,Okeke,DE,,
204,a205a550-c601-11ee-a136-e78d78ebe5d6,0,908fbc20-f5c7-11ee-a306-c311afc28263,0,0,0,0,0,0,0,0,Umar,Rockhead,OL,,
606,efc79e90-abc4-11ed-af6b-612f86e2e77f,0,908fbc20-f5c7-11ee-a306-c311afc28263,0,0,0,0,0,0,0,0,Joshua,Goines,TE,,
638,099c3a84-56b8-4274-833c-f918f1b12da6,0,908fbc20-f5c7-11ee-a306-c311afc28263,0,0,0,0,0,0,0,0,Nu'uletau,Sellesin,OLB,,
537,a0ca7310-1468-11ed-82e6-6fe596000b9f,0,908fbc20-f5c7-11ee-a306-c311afc28263,0,0,0,0,0,0,0,0,Allen,Ortiz,WR,,
327,0084a5c0-55a6-11ef-8604-39be19864f4a,0,908fbc20-f5c7-11ee-a306-c311afc28263,0,0,0,0,0,0,0,0,James,Jones,RB,,
7,0e40e373-9eb9-49d5-9c85-ee6e7aa52fc3,0,908fbc20-f5c7-11ee-a306-c311afc28263,0,0,0,0,0,0,0,0,Donald,Chaney,RB,,
1259,d7edec4a-0e7d-46c5-bc9b-4a311c486356,0,908fbc20-f5c7-11ee-a306-c311afc28263,0,0,0,0,0,0,0,0,Cashius,Howell,DE,,
1131,85e91f10-c5c9-11ee-bbc7-a52b27e3c1e2,0,908fbc20-f5c7-11ee-a306-c311afc28263,0,0,0,0,0,0,0,0,Robert,Bourdon,OL,,
971,14d10fe0-9033-11ec-8556-6fa97bcffaf0,0,908fbc20-f5c7-11ee-a306-c311afc28263,0,0,0,0,0,0,0,0,CJ,Mims,DL,,
391,32b2bdcb-308d-481b-be93-1a3e12d64ef9,0,908fbc20-f5c7-11ee-a306-c311afc28263,0,0,0,0,0,0,0,0,Jamall,Thompson,DE,,
71,39f1cb80-5510-11ef-830c-e539946aedf9,0,908fbc20-f5c7-11ee-a306-c311afc28263,0,0,0,0,0,0,0,0,Jake,Davids,RB,,
1163,8ee02562-28be-4533-91f6-9692de970893,0,908fbc20-f5c7-11ee-a306-c311afc28263,0,0,0,0,0,0,0,0,Amari,Daniels,RB,,
825,9bd914d0-2bee-11ee-b0fd-8d51d3f80cbb,0,908fbc20-f5c7-11ee-a306-c311afc28263,0,0,0,0,0,0,0,0,Javon,Robinson,WR,,
665,1eec079b-e6d2-44b6-88a7-e7ae26beac31,0,908fbc20-f5c7-11ee-a306-c311afc28263,0,0,0,0,0,0,0,0,Bo,Maile,DT,,
322,f7731410-bf7f-11ee-a13f-ed32196b8875,0,908fbc20-f5c7-11ee-a306-c311afc28263,0,0,0,0,0,0,0,0,Lane,Wadle,TE,,
1280,e4641ca0-a664-11ed-932d-1ba693c6f5bf,0,908fbc20-f5c7-11ee-a306-c311afc28263,0,0,0,0,0,0,0,0,Jonah,Wilson,WR,,
1254,d1fd18b0-e9de-11ed-a3a6-d3659340da8d,0,908fbc20-f5c7-11ee-a306-c311afc28263,0,0,0,0,0,0,0,0,Dezz,Ricks,CB,,
724,57123390-37ab-11ee-931c-8fb5c3eda51c,0,908fbc20-f5c7-11ee-a306-c311afc28263,0,0,0,0,0,0,0,0,Noah,Flores,CB,,
194,9c762670-9c57-11ed-8502-732faaf2b36c,0,908fbc20-f5c7-11ee-a306-c311afc28263,0,0,0,0,0,0,0,0,Jameel,Croft,CB,,
596,dc54cd90-3d2a-11ee-97f5-a762c687b444,0,908fbc20-f5c7-11ee-a306-c311afc28263,0,0,0,0,0,0,0,0,Israel,Clark-White,DB,,
436,52f6fbd0-469a-11ee-806b-6198cd20ebec,0,908fbc20-f5c7-11ee-a306-c311afc28263,0,0,0,0,0,0,0,0,RJ,Chapman,SAF,,
1158,8cc5c0b9-52e8-45da-b6a6-bf67fab9781c,0,908fbc20-f5c7-11ee-a306-c311afc28263,0,0,0,0,0,0,0,0,William,Huntsinger,OL,,
660,1c348490-8ec8-11ec-8d02-85ead82574a9,0,908fbc20-f5c7-11ee-a306-c311afc28263,0,0,0,0,0,0,0,0,Kye,Stokes,SAF,,
290,e7261400-039b-11ed-82c0-ed1d42e26c7b,0,908fbc20-f5c7-11ee-a306-c311afc28263,0,0,0,0,0,0,0,0,Isaiah,Bullerdick,OL,,
1062,49ce21b0-f027-11ed-8095-ff92e6250fed,0,908fbc20-f5c7-11ee-a306-c311afc28263,0,0,0,0,0,0,0,0,Isaiah,Willis,SAF,,
751,6a895f7c-2726-424c-9239-c75711e801d3,0,908fbc20-f5c7-11ee-a306-c311afc28263,0,0,0,0,0,0,0,0,Landon,Rehkow,P,,
1339,1b4fb500-9a5c-11ec-aa2d-1dee8c2946d2,0,908fbc20-f5c7-11ee-a306-c311afc28263,0,0,0,0,0,0,0,0,Antoine,Bell,TE,,
783,87c1aa30-5414-11ef-a062-cfeebfd2a57c,0,908fbc20-f5c7-11ee-a306-c311afc28263,0,0,0,0,0,0,0,0,Hyrum,Hatch,LS,,
865,bc0bbf30-08fc-11ec-b8fa-57b2949e3d13,0,908fbc20-f5c7-11ee-a306-c311afc28263,0,0,0,0,0,0,0,0,Jake,Eichorn,OL,,
815,97220380-5135-11ef-a32b-1d178ecb5496,0,908fbc20-f5c7-11ee-a306-c311afc28263,0,0,0,0,0,0,0,0,Tre,Kofe,RB,,
655,16bb8100-ca9c-11ee-bc5a-9b1eab687e18,0,908fbc20-f5c7-11ee-a306-c311afc28263,0,0,0,0,0,0,0,0,David,Kabongo,SAF,,
285,e3c8e1c0-3d38-11ee-8eee-1bc3c0a4785e,0,908fbc20-f5c7-11ee-a306-c311afc28263,0,0,0,0,0,0,0,0,Jaden,Barnes,WR,,
1217,af6c3d50-58c6-11ef-9b3b-c731cdaeaa58,0,908fbc20-f5c7-11ee-a306-c311afc28263,0,0,0,0,0,0,0,0,Peyton,Gay,SAF,,
527,9ac4326b-8d32-4372-923d-d0b607b132b0,0,908fbc20-f5c7-11ee-a306-c311afc28263,0,0,0,0,0,0,0,0,Sioeli,Helu,OL,,
317,f558c2e0-9b74-11ed-995c-61201f00f829,0,908fbc20-f5c7-11ee-a306-c311afc28263,0,0,0,0,0,0,0,0,Collin,Gill,DB,,
719,52a00400-37b9-11ee-931c-8fb5c3eda51c,0,908fbc20-f5c7-11ee-a306-c311afc28263,0,0,0,0,0,0,0,0,Cole,Keele,OL,,
329,00ae2420-59f3-484b-89d8-00b1ac2a37be,0,9ff91613-d2c8-4922-9f51-2ce706f5ac0b,0,0,0,0,0,0,0,0,Nick,Session,SAF,,
14,109eeb62-2c58-4600-a9e1-22cd82316dde,0,a89f105a-fe49-4331-b638-4ee12dae0493,0,0,0,0,0,0,0,0,Jalar,Holley,DL,,
987,1cd5b461-ae1c-4b02-a1a4-b44f225cf465,0,a89f105a-fe49-4331-b638-4ee12dae0493,0,0,0,0,0,0,0,0,Jacob,Zeno,QB,,
266,d9d2d8f6-d58d-4a0a-8d9a-471bdcecf3b5,0,a89f105a-fe49-4331-b638-4ee12dae0493,0,0,0,0,0,0,0,0,Justin,Olson,WR,,
852,b494d312-2770-4bb5-a358-bd7cdeb42b05,0,a89f105a-fe49-4331-b638-4ee12dae0493,0,0,0,0,0,0,0,0,Naki,Fahina,DT,,
56,2c0ef5c8-26e3-495a-83c1-c5dfaf726332,0,d1132b13-2c29-4e6d-9011-b627c7fd9a17,0,0,0,0,0,0,0,0,Derrick,Edwards,DB,,
120,6247d884-40c6-4af5-8276-16cc34a37f25,0,d1132b13-2c29-4e6d-9011-b627c7fd9a17,0,0,0,0,0,0,0,0,Breon,Noel,DB,,
83,432ada80-0ad0-11ec-9466-75df4dae1e10,0,d1132b13-2c29-4e6d-9011-b627c7fd9a17,0,0,0,0,0,0,0,0,Braden,Mullen,DL,,
887,d2b815d7-f782-405c-a89a-67622a720afb,0,d1132b13-2c29-4e6d-9011-b627c7fd9a17,0,0,0,0,0,0,0,0,Broc,Lane,TE,,
677,2e0277f2-4daf-4e32-a9cb-9ef85ec18aaa,0,d1132b13-2c29-4e6d-9011-b627c7fd9a17,0,0,0,0,0,0,0,0,John,Miller,LB,,
1111,7a1e5145-a3d7-414f-aea3-36d05e7fa8f9,0,d1132b13-2c29-4e6d-9011-b627c7fd9a17,0,0,0,0,0,0,0,0,Randy,Bond,K,,
211,a509f8d3-042e-4928-a938-9aab59ae9467,0,d1132b13-2c29-4e6d-9011-b627c7fd9a17,0,0,0,0,0,0,0,0,Andrew,Adair,OL,,
51,2a0f33d5-3ddc-4eac-930e-250b630ac785,0,d1132b13-2c29-4e6d-9011-b627c7fd9a17,0,0,0,0,0,0,0,0,Randy,Franklin,DB,,
174,9041fb00-0a99-11ec-8b62-01d2825cc870,0,d1132b13-2c29-4e6d-9011-b627c7fd9a17,0,0,0,0,0,0,0,0,Rod,Green,OL,,
206,a473ef04-9c3e-49a1-9319-d3ec996a67ec,0,d1132b13-2c29-4e6d-9011-b627c7fd9a17,0,0,0,0,0,0,0,0,Gavin,Shipman,DB,,
667,253a59a7-fc1c-417d-a905-ddf73ab43fe2,0,d1132b13-2c29-4e6d-9011-b627c7fd9a17,0,0,0,0,0,0,0,0,Lawrence,Falatea,DE,,
635,099c3a84-56b8-4274-833c-f918f1b12da6,0,d1132b13-2c29-4e6d-9011-b627c7fd9a17,0,0,0,0,0,0,0,0,Nu'uletau,Sellesin,OLB,,
4,0e40e373-9eb9-49d5-9c85-ee6e7aa52fc3,0,d1132b13-2c29-4e6d-9011-b627c7fd9a17,0,0,0,0,0,0,0,0,Donald,Chaney,RB,,
1256,d7edec4a-0e7d-46c5-bc9b-4a311c486356,0,d1132b13-2c29-4e6d-9011-b627c7fd9a17,0,0,0,0,0,0,0,0,Cashius,Howell,DE,,
388,32b2bdcb-308d-481b-be93-1a3e12d64ef9,0,d1132b13-2c29-4e6d-9011-b627c7fd9a17,0,0,0,0,0,0,0,0,Jamall,Thompson,DE,,
1160,8ee02562-28be-4533-91f6-9692de970893,0,d1132b13-2c29-4e6d-9011-b627c7fd9a17,0,0,0,0,0,0,0,0,Amari,Daniels,RB,,
662,1eec079b-e6d2-44b6-88a7-e7ae26beac31,0,d1132b13-2c29-4e6d-9011-b627c7fd9a17,0,0,0,0,0,0,0,0,Bo,Maile,DT,,
127,67ad5355-7dac-47b1-8a50-8579f464cf0e,0,d1132b13-2c29-4e6d-9011-b627c7fd9a17,0,0,0,0,0,0,0,0,Ja'Qurious,Conley,DB,,
862,bc0bbf30-08fc-11ec-b8fa-57b2949e3d13,0,d1132b13-2c29-4e6d-9011-b627c7fd9a17,0,0,0,0,0,0,0,0,Jake,Eichorn,OL,,
524,9ac4326b-8d32-4372-923d-d0b607b132b0,0,d1132b13-2c29-4e6d-9011-b627c7fd9a17,0,0,0,0,0,0,0,0,Sioeli,Helu,OL,,
1145,8b83aaea-9a5d-448e-b776-1bca1e229e94,0,d1132b13-2c29-4e6d-9011-b627c7fd9a17,0,0,0,0,0,0,0,0,Dametrious,Crownover,OT,,
21,11723729-0313-461b-b439-f160fed91704,0,d1132b13-2c29-4e6d-9011-b627c7fd9a17,0,0,0,0,0,0,0,0,Thai,Baldwin,DB,,
16,109eeb62-2c58-4600-a9e1-22cd82316dde,0,d1132b13-2c29-4e6d-9011-b627c7fd9a17,0,0,0,0,0,0,0,0,Jalar,Holley,DL,,
331,00ae2420-59f3-484b-89d8-00b1ac2a37be,0,d1132b13-2c29-4e6d-9011-b627c7fd9a17,0,0,0,0,0,0,0,0,Nick,Session,SAF,,
797,9204ea0c-8566-4a40-8ade-08ed0a471cc9,0,d1132b13-2c29-4e6d-9011-b627c7fd9a17,0,0,0,0,0,0,0,0,Dylan,Tucker,CB,,
294,e970149b-f19f-4316-af52-5c646c9bc253,0,d1132b13-2c29-4e6d-9011-b627c7fd9a17,0,0,0,0,0,0,0,0,Jonny,King,OL,,
422,4c5248e5-5334-470f-9a52-98e2aaa98837,0,d1132b13-2c29-4e6d-9011-b627c7fd9a17,0,0,0,0,0,0,0,0,Ryan,Hawk,K,,
563,ba03ca1e-59d0-4b33-9b86-bda12e439154,0,d1132b13-2c29-4e6d-9011-b627c7fd9a17,0,0,0,0,0,0,0,0,Janik,Ogunlade,OL,,
1311,fe568ef6-751d-408f-916f-639031271455,0,d1132b13-2c29-4e6d-9011-b627c7fd9a17,0,0,0,0,0,0,0,0,Tyler,Onyedim,DT,,
1157,8cc5c0b9-52e8-45da-b6a6-bf67fab9781c,0,d1132b13-2c29-4e6d-9011-b627c7fd9a17,0,0,0,0,0,0,0,0,William,Huntsinger,OL,,
997,241e19ea-3867-48c6-90eb-de96acea7e9c,0,d1132b13-2c29-4e6d-9011-b627c7fd9a17,0,0,0,0,0,0,0,0,Nate,Boerkircher,TE,,
188,9b5fb8a2-a5a0-4190-96fd-97510f6295db,0,d1132b13-2c29-4e6d-9011-b627c7fd9a17,0,0,0,0,0,0,0,0,Gus,McGee,TE,,
809,93e5f8eb-46fc-46cc-ba40-5b9f9ef25d43,0,d1132b13-2c29-4e6d-9011-b627c7fd9a17,0,0,0,0,0,0,0,0,Brady,Boyd,WR,,
311,f4e3081d-6c09-484c-b861-cd09a79b6fb6,0,d1132b13-2c29-4e6d-9011-b627c7fd9a17,0,0,0,0,0,0,0,0,Caleb,Curtain,DB,,
713,4e8522be-b33a-466b-9ffb-4347d72990ab,0,d1132b13-2c29-4e6d-9011-b627c7fd9a17,0,0,0,0,0,0,0,0,Demick,Starling,WR,,
1174,9452caab-2be2-427e-a63c-4a9edc252bdc,0,d1132b13-2c29-4e6d-9011-b627c7fd9a17,0,0,0,0,0,0,0,0,Jared,Zirkel,K,,
854,b494d312-2770-4bb5-a358-bd7cdeb42b05,0,d1132b13-2c29-4e6d-9011-b627c7fd9a17,0,0,0,0,0,0,0,0,Naki,Fahina,DT,,
804,936bbb11-3482-44b3-94a6-1a0d2afb345b,0,d1132b13-2c29-4e6d-9011-b627c7fd9a17,0,0,0,0,0,0,0,0,Miles,Davis,RB,,
338,07a55fe0-b81d-4ca1-acb2-eb8d800d2478,0,d1132b13-2c29-4e6d-9011-b627c7fd9a17,0,0,0,0,0,0,0,0,Jeff,Davison,QB,,
950,097cb2ed-c95b-42fd-a056-8c83a40973e9,0,d1132b13-2c29-4e6d-9011-b627c7fd9a17,0,0,0,0,0,0,0,0,Ar'maj,Reed-Adams,G,,
767,7f0c1368-789c-40dd-bf65-f8276228d831,0,d1132b13-2c29-4e6d-9011-b627c7fd9a17,0,0,0,0,0,0,0,0,Bryson,Barnes,QB,,
40,24521cb3-4799-4130-903a-07e2add18eaf,0,d1132b13-2c29-4e6d-9011-b627c7fd9a17,0,0,0,0,0,0,0,0,Mason,Bowers,OL,,
1196,a5b6f4cc-989b-479e-a78f-ea243c55f2d7,0,d1132b13-2c29-4e6d-9011-b627c7fd9a17,0,0,0,0,0,0,0,0,Jacob,Graham,LS,,
693,469a5528-251d-4f78-aa70-19f797d8128f,0,d1132b13-2c29-4e6d-9011-b627c7fd9a17,0,0,0,0,0,0,0,0,Trey,Andersen,OL,,
99,500a86f1-d63c-4dc8-b49e-68430ace70eb,0,d1132b13-2c29-4e6d-9011-b627c7fd9a17,0,0,0,0,0,0,0,0,Jesse,Ramil,OL,,
131,6814857f-8b26-4034-9770-8a32f8eb5f87,0,d1132b13-2c29-4e6d-9011-b627c7fd9a17,0,0,0,0,0,0,0,0,Joey,Bearns,TE,,
382,2e708008-f2f3-43e7-8380-e757702513c4,0,d1132b13-2c29-4e6d-9011-b627c7fd9a17,0,0,0,0,0,0,0,0,PJ,Johnson,WR,,
62,3423a3a5-3ffc-4702-bae4-d016cb9c55bb,0,d1132b13-2c29-4e6d-9011-b627c7fd9a17,0,0,0,0,0,0,0,0,Colby,Garfield,LS,,
1117,80c63b8c-3462-4948-86dd-29d48d577936,0,d1132b13-2c29-4e6d-9011-b627c7fd9a17,0,0,0,0,0,0,0,0,Scooby,Williams,LB,,
989,1cd5b461-ae1c-4b02-a1a4-b44f225cf465,0,d1132b13-2c29-4e6d-9011-b627c7fd9a17,0,0,0,0,0,0,0,0,Jacob,Zeno,QB,,
1053,47fb463b-5d3c-46b5-9adb-e22f5fe551ef,0,d1132b13-2c29-4e6d-9011-b627c7fd9a17,0,0,0,0,0,0,0,0,Trey,Zuhn,OT,,
838,ac7ff12e-185a-4496-9cc3-1717966ca4f3,0,d1132b13-2c29-4e6d-9011-b627c7fd9a17,0,0,0,0,0,0,0,0,Josh,Sterzer,TE,,
148,6f7bdaaa-138f-4fec-8a61-6c1be48511c3,0,d1132b13-2c29-4e6d-9011-b627c7fd9a17,0,0,0,0,0,0,0,0,Henry,Rutledge,RB,,
143,6e67e781-f023-44d0-94ae-3d547bace361,0,d1132b13-2c29-4e6d-9011-b627c7fd9a17,0,0,0,0,0,0,0,0,Logan,Mauldin,TE,,
700,486c92cc-9b66-477a-986a-7a01a8bdacb2,0,d1132b13-2c29-4e6d-9011-b627c7fd9a17,0,0,0,0,0,0,0,0,Jacob,Conover,QB,,
439,5452b611-8f00-4d3e-a074-c2efa8ca8325,0,d1132b13-2c29-4e6d-9011-b627c7fd9a17,0,0,0,0,0,0,0,0,Tim,Gans,RB,,
791,9089e0f3-1310-4a52-a173-75411bfda372,0,d1132b13-2c29-4e6d-9011-b627c7fd9a17,0,0,0,0,0,0,0,0,Ike,Larsen,SAF,,
1092,66b90f65-a1b9-4cfc-8be8-10cee7955279,0,d1132b13-2c29-4e6d-9011-b627c7fd9a17,0,0,0,0,0,0,0,0,Reuben,Fatheree,OL,,
256,cfa89717-fbc0-4409-9f8c-8ba6d9cadc2e,0,d1132b13-2c29-4e6d-9011-b627c7fd9a17,0,0,0,0,0,0,0,0,Shay,Taylor,LB,,
488,79bd7b6b-b5d1-4c22-b3a7-4b956598276c,0,d1132b13-2c29-4e6d-9011-b627c7fd9a17,0,0,0,0,0,0,0,0,Malik,Williams,OL,,
744,67575191-4ef4-417a-bcc6-a0820dfe5f67,0,d1132b13-2c29-4e6d-9011-b627c7fd9a17,0,0,0,0,0,0,0,0,Noah,Avinger,CB,,
547,b402639b-f3b6-469f-ab63-f7f11c70be3c,0,d1132b13-2c29-4e6d-9011-b627c7fd9a17,0,0,0,0,0,0,0,0,Larenzo,McMillan,RB,,
451,5a6d9fad-91d9-47ab-8458-58cbab985303,0,d1132b13-2c29-4e6d-9011-b627c7fd9a17,0,0,0,0,0,0,0,0,Logan,Fife,QB,,
268,d9d2d8f6-d58d-4a0a-8d9a-471bdcecf3b5,0,d1132b13-2c29-4e6d-9011-b627c7fd9a17,0,0,0,0,0,0,0,0,Justin,Olson,WR,,
364,190afbc8-f9e1-4924-ab47-493048cfba6a,0,d1132b13-2c29-4e6d-9011-b627c7fd9a17,0,0,0,0,0,0,0,0,Florian,Staehler,OL,,
1136,89abe484-0e5c-4b37-9428-50d560ab6f52,0,d1132b13-2c29-4e6d-9011-b627c7fd9a17,0,0,0,0,0,0,0,0,Koli,Faaiu,OL,,
76,3efdb810-0b7f-11ec-88fe-27c45d3b5fb1,0,d1132b13-2c29-4e6d-9011-b627c7fd9a17,0,0,0,0,0,0,0,0,Kristos,Fernandez,OL,,
1168,92f041cb-6cc9-4a25-8ca2-8752dafbbc3b,0,d1132b13-2c29-4e6d-9011-b627c7fd9a17,0,0,0,0,0,0,0,0,Albert,Regis,DT,,
1008,2a00a31b-02d5-412a-a4c2-00f9787f302c,0,d1132b13-2c29-4e6d-9011-b627c7fd9a17,0,0,0,0,0,0,0,0,Truette,Tumey,P,,
1349,1fa48034-263f-41d6-9a3d-bc31e8feae18,0,d1132b13-2c29-4e6d-9011-b627c7fd9a17,0,0,0,0,0,0,0,0,Alston,Hooker,QB,,
1126,825b16ba-2afc-4d05-9727-edab0fb0f126,0,d1132b13-2c29-4e6d-9011-b627c7fd9a17,0,0,0,0,0,0,0,0,Dayon,Hayes,DE,,
1190,9df59922-8e8e-48ed-abe9-ee3d04d44b81,0,d1132b13-2c29-4e6d-9011-b627c7fd9a17,0,0,0,0,0,0,0,0,EJ,Smith,RB,,
532,9f05fb6d-af1d-45f7-957c-a17cc7d0ef95,0,d1132b13-2c29-4e6d-9011-b627c7fd9a17,0,0,0,0,0,0,0,0,Devin,Ellison,WR,,
157,7f827cf6-3e26-4b20-8b59-53c8295b056c,0,d1132b13-2c29-4e6d-9011-b627c7fd9a17,0,0,0,0,0,0,0,0,Zion,Shockley,DL,,
746,67575191-4ef4-417a-bcc6-a0820dfe5f67,0,f58c6dbf-9dfe-487e-8b0b-af66af887206,0,0,0,0,0,0,0,0,Noah,Avinger,CB,,
376,263c6510-9819-11ed-af31-5170ea7681d5,0,f58c6dbf-9dfe-487e-8b0b-af66af887206,0,0,0,0,0,0,0,0,Jalen,Brown,RB,,
1334,15a8f4e0-f4f2-11ec-a1bd-5b7e571ac891,0,f58c6dbf-9dfe-487e-8b0b-af66af887206,0,0,0,0,0,0,0,0,Qae'Shon,Sapp,OL,,
778,83f3e0c0-095d-11ed-988d-5f1c2a0e25d9,0,f58c6dbf-9dfe-487e-8b0b-af66af887206,0,0,0,0,0,0,0,0,Chika,Ebunoha,SAF,,
248,cbcf1010-91f6-11ec-9587-0f8fa2cff168,0,f58c6dbf-9dfe-487e-8b0b-af66af887206,0,0,0,0,0,0,0,0,Conner,Harrell,QB,,
490,79bd7b6b-b5d1-4c22-b3a7-4b956598276c,0,f58c6dbf-9dfe-487e-8b0b-af66af887206,0,0,0,0,0,0,0,0,Malik,Williams,OL,,
1276,e2d23aa0-9447-11ec-adaa-8df9ab712ef8,0,f58c6dbf-9dfe-487e-8b0b-af66af887206,0,0,0,0,0,0,0,0,Houston,Thomas,TE,,
956,09e36060-f893-11ec-8190-074ed0b20d38,0,f58c6dbf-9dfe-487e-8b0b-af66af887206,0,0,0,0,0,0,0,0,Preston,Landis,RB,,
453,5a6d9fad-91d9-47ab-8458-58cbab985303,0,f58c6dbf-9dfe-487e-8b0b-af66af887206,0,0,0,0,0,0,0,0,Logan,Fife,QB,,
403,3b2ad5d0-89bd-11ec-b4c8-9f80462526e1,0,f58c6dbf-9dfe-487e-8b0b-af66af887206,0,0,0,0,0,0,0,0,Kaian,Roberts-Day,DL,,
1207,a82db4d0-f024-11ed-8095-ff92e6250fed,0,f58c6dbf-9dfe-487e-8b0b-af66af887206,0,0,0,0,0,0,0,0,Johnny,Ryder,WR,,
1047,4513ad00-379b-11ee-9da9-cbc804f3c5d8,0,f58c6dbf-9dfe-487e-8b0b-af66af887206,0,0,0,0,0,0,0,0,Jared,White,P,,
919,f34dbb10-a668-11ec-92a5-573ac41867f7,0,f58c6dbf-9dfe-487e-8b0b-af66af887206,0,0,0,0,0,0,0,0,Kadin,Lynch,OL,,
549,b402639b-f3b6-469f-ab63-f7f11c70be3c,0,f58c6dbf-9dfe-487e-8b0b-af66af887206,0,0,0,0,0,0,0,0,Larenzo,McMillan,RB,,
581,cf8a4170-9830-11ed-8d6d-afdc7fa870c6,0,f58c6dbf-9dfe-487e-8b0b-af66af887206,0,0,0,0,0,0,0,0,Terrell,Washington,RB,,
1170,92f041cb-6cc9-4a25-8ca2-8752dafbbc3b,0,f58c6dbf-9dfe-487e-8b0b-af66af887206,0,0,0,0,0,0,0,0,Albert,Regis,DT,,
1010,2a00a31b-02d5-412a-a4c2-00f9787f302c,0,f58c6dbf-9dfe-487e-8b0b-af66af887206,0,0,0,0,0,0,0,0,Truette,Tumey,P,,
270,d9d2d8f6-d58d-4a0a-8d9a-471bdcecf3b5,0,f58c6dbf-9dfe-487e-8b0b-af66af887206,0,0,0,0,0,0,0,0,Justin,Olson,WR,,
110,594a3360-0641-11ee-b45e-43d642150b47,0,f58c6dbf-9dfe-487e-8b0b-af66af887206,0,0,0,0,0,0,0,0,Jason,Jeffares,TE,,
1042,43967bb0-37c3-11ee-8aad-e574e8ef7217,0,f58c6dbf-9dfe-487e-8b0b-af66af887206,0,0,0,0,0,0,0,0,Tommy,Colligan,LB,,
882,d13b63a0-b93c-11ed-bee0-c37cad6c899f,0,f58c6dbf-9dfe-487e-8b0b-af66af887206,0,0,0,0,0,0,0,0,James,Jennette,DL,,
1234,c26b03e0-a275-11ed-8f2b-f3e5e15ec7fb,0,f58c6dbf-9dfe-487e-8b0b-af66af887206,0,0,0,0,0,0,0,0,Bravion,Rogers,CB,,
1292,eeb59020-982d-11ed-83e5-c539351ebec3,0,f58c6dbf-9dfe-487e-8b0b-af66af887206,0,0,0,0,0,0,0,0,Jordan,Shaw,CB,,
946,027e79d0-9867-11ed-88ac-030429d87b17,0,f58c6dbf-9dfe-487e-8b0b-af66af887206,0,0,0,0,0,0,0,0,Richie,Anderson,TE,,
366,190afbc8-f9e1-4924-ab47-493048cfba6a,0,f58c6dbf-9dfe-487e-8b0b-af66af887206,0,0,0,0,0,0,0,0,Florian,Staehler,OL,,
1138,89abe484-0e5c-4b37-9428-50d560ab6f52,0,f58c6dbf-9dfe-487e-8b0b-af66af887206,0,0,0,0,0,0,0,0,Koli,Faaiu,OL,,
78,3efdb810-0b7f-11ec-88fe-27c45d3b5fb1,0,f58c6dbf-9dfe-487e-8b0b-af66af887206,0,0,0,0,0,0,0,0,Kristos,Fernandez,OL,,
9,0ffc9700-8ecb-11ec-8d02-85ead82574a9,0,f58c6dbf-9dfe-487e-8b0b-af66af887206,0,0,0,0,0,0,0,0,CJ,Clinkscales,DB,,
731,60088e50-95b7-11ec-ac09-df8fdee6dbff,0,f58c6dbf-9dfe-487e-8b0b-af66af887206,0,0,0,0,0,0,0,0,Antonio,Bluiett,DB,,
361,17b89e00-0d3b-11ed-bdf8-19cd47e5867a,0,f58c6dbf-9dfe-487e-8b0b-af66af887206,0,0,0,0,0,0,0,0,Mark,Chapman,OL,,
201,a01963d0-9a5c-11ec-aa2d-1dee8c2946d2,0,f58c6dbf-9dfe-487e-8b0b-af66af887206,0,0,0,0,0,0,0,0,Cole,Gonzales,QB,,
973,15e0bf30-a274-11ed-8f2b-f3e5e15ec7fb,0,f58c6dbf-9dfe-487e-8b0b-af66af887206,0,0,0,0,0,0,0,0,Chase,Bisontis,G,,
763,7ec48870-8f69-11ec-8556-6fa97bcffaf0,0,f58c6dbf-9dfe-487e-8b0b-af66af887206,0,0,0,0,0,0,0,0,Chase,Tuatagaloa,TE,,
1351,1fa48034-263f-41d6-9a3d-bc31e8feae18,0,f58c6dbf-9dfe-487e-8b0b-af66af887206,0,0,0,0,0,0,0,0,Alston,Hooker,QB,,
105,53f4c5e0-f636-11ec-a454-0195ac6142b0,0,f58c6dbf-9dfe-487e-8b0b-af66af887206,0,0,0,0,0,0,0,0,Jamarrion,Solomon,DL,,
904,e7e898d0-85e8-11ec-85cd-e5aab2bdaefb,0,f58c6dbf-9dfe-487e-8b0b-af66af887206,0,0,0,0,0,0,0,0,Carter,Brown,K,,
1282,e636e750-a273-11ed-8f2b-f3e5e15ec7fb,0,f58c6dbf-9dfe-487e-8b0b-af66af887206,0,0,0,0,0,0,0,0,Rueben,Owens,RB,,
36,2051aa40-9002-11ec-8556-6fa97bcffaf0,0,f58c6dbf-9dfe-487e-8b0b-af66af887206,0,0,0,0,0,0,0,0,Ta'ir,Brooks,WR,,
1128,825b16ba-2afc-4d05-9727-edab0fb0f126,0,f58c6dbf-9dfe-487e-8b0b-af66af887206,0,0,0,0,0,0,0,0,Dayon,Hayes,DE,,
758,7bfb2520-9b7c-11ed-a4a7-731774d8a58d,0,f58c6dbf-9dfe-487e-8b0b-af66af887206,0,0,0,0,0,0,0,0,Kahanu,Davis,WR,,
1346,1f1646b0-3d47-11ee-a476-8fb95bcffc93,0,f58c6dbf-9dfe-487e-8b0b-af66af887206,0,0,0,0,0,0,0,0,Kelvin,Broadhurst,DL,,
1192,9df59922-8e8e-48ed-abe9-ee3d04d44b81,0,f58c6dbf-9dfe-487e-8b0b-af66af887206,0,0,0,0,0,0,0,0,EJ,Smith,RB,,
1027,3e417b90-84a2-11ec-a2e6-affc80bcd2fc,0,f58c6dbf-9dfe-487e-8b0b-af66af887206,0,0,0,0,0,0,0,0,Julio,Humphrey,CB,,
497,7c12ef00-9003-11ec-8556-6fa97bcffaf0,0,f58c6dbf-9dfe-487e-8b0b-af66af887206,0,0,0,0,0,0,0,0,Trevor,Stephens,TE,,
1219,afe3bc90-a70b-11ed-9c28-875d22de9ca9,0,f58c6dbf-9dfe-487e-8b0b-af66af887206,0,0,0,0,0,0,0,0,Sam,M'Pemba,DE,,
319,f70e79d0-41d3-11ee-b817-0f26c6ec7934,0,f58c6dbf-9dfe-487e-8b0b-af66af887206,0,0,0,0,0,0,0,0,Shaku,Sangarie,DL,,
159,7f827cf6-3e26-4b20-8b59-53c8295b056c,0,f58c6dbf-9dfe-487e-8b0b-af66af887206,0,0,0,0,0,0,0,0,Zion,Shockley,DL,,
588,d1e723d0-078e-11ed-be58-e3ef448594e4,0,f58c6dbf-9dfe-487e-8b0b-af66af887206,0,0,0,0,0,0,0,0,Bryant,Jackson,LB,,
218,a9564c20-039c-11ed-82c0-ed1d42e26c7b,0,f58c6dbf-9dfe-487e-8b0b-af66af887206,0,0,0,0,0,0,0,0,Sean,Brown,WR,,
58,2c0ef5c8-26e3-495a-83c1-c5dfaf726332,0,f58c6dbf-9dfe-487e-8b0b-af66af887206,0,0,0,0,0,0,0,0,Derrick,Edwards,DB,,
1150,8c405310-f027-11ed-8095-ff92e6250fed,0,f58c6dbf-9dfe-487e-8b0b-af66af887206,0,0,0,0,0,0,0,0,Aidan,Herrera,LB,,
620,fb3d6b70-3246-11ee-9bf9-b5db0242af4d,0,f58c6dbf-9dfe-487e-8b0b-af66af887206,0,0,0,0,0,0,0,0,David,Barela,RB,,
410,436271b0-2295-11ed-9479-578a7cf992f8,0,f58c6dbf-9dfe-487e-8b0b-af66af887206,0,0,0,0,0,0,0,0,Tyler,Keinath,OL,,
122,6247d884-40c6-4af5-8276-16cc34a37f25,0,f58c6dbf-9dfe-487e-8b0b-af66af887206,0,0,0,0,0,0,0,0,Breon,Noel,DB,,
1214,ab3ce9e0-1418-11ed-8f55-53b238da45a2,0,f58c6dbf-9dfe-487e-8b0b-af66af887206,0,0,0,0,0,0,0,0,Levi,Hancock,LS,,
844,b10e2df0-8f68-11ec-8556-6fa97bcffaf0,0,f58c6dbf-9dfe-487e-8b0b-af66af887206,0,0,0,0,0,0,0,0,Enoka,Migao,OLB,,
1246,ce8aded0-a652-11ed-8186-3f56d8db30c9,0,f58c6dbf-9dfe-487e-8b0b-af66af887206,0,0,0,0,0,0,0,0,T.J.,Searcy,DE,,
85,432ada80-0ad0-11ec-9466-75df4dae1e10,0,f58c6dbf-9dfe-487e-8b0b-af66af887206,0,0,0,0,0,0,0,0,Braden,Mullen,DL,,
889,d2b815d7-f782-405c-a89a-67622a720afb,0,f58c6dbf-9dfe-487e-8b0b-af66af887206,0,0,0,0,0,0,0,0,Broc,Lane,TE,,
679,2e0277f2-4daf-4e32-a9cb-9ef85ec18aaa,0,f58c6dbf-9dfe-487e-8b0b-af66af887206,0,0,0,0,0,0,0,0,John,Miller,LB,,
1113,7a1e5145-a3d7-414f-aea3-36d05e7fa8f9,0,f58c6dbf-9dfe-487e-8b0b-af66af887206,0,0,0,0,0,0,0,0,Randy,Bond,K,,
213,a509f8d3-042e-4928-a938-9aab59ae9467,0,f58c6dbf-9dfe-487e-8b0b-af66af887206,0,0,0,0,0,0,0,0,Andrew,Adair,OL,,
53,2a0f33d5-3ddc-4eac-930e-250b630ac785,0,f58c6dbf-9dfe-487e-8b0b-af66af887206,0,0,0,0,0,0,0,0,Randy,Franklin,DB,,
642,1053b100-9026-11ec-8556-6fa97bcffaf0,0,f58c6dbf-9dfe-487e-8b0b-af66af887206,0,0,0,0,0,0,0,0,Anthony,Garcia,QB,,
482,737f1cc0-4465-11ee-913c-b50a102d2720,0,f58c6dbf-9dfe-487e-8b0b-af66af887206,0,0,0,0,0,0,0,0,Colt,Mangino,SAF,,
1204,a645f7b0-a275-11ed-8f2b-f3e5e15ec7fb,0,f58c6dbf-9dfe-487e-8b0b-af66af887206,0,0,0,0,0,0,0,0,Dalton,Brooks,SAF,,
834,a9df7310-8f4d-11ec-9f33-1965c9c46e44,0,f58c6dbf-9dfe-487e-8b0b-af66af887206,0,0,0,0,0,0,0,0,Bryson,Taylor,CB,,
1076,55bb3770-850b-11ec-b446-1b024413db39,0,f58c6dbf-9dfe-487e-8b0b-af66af887206,0,0,0,0,0,0,0,0,Bryce,Anderson,SAF,,
738,655e89e0-ef75-11ed-8ee5-ed3948282ce6,0,f58c6dbf-9dfe-487e-8b0b-af66af887206,0,0,0,0,0,0,0,0,Jimmy,Liston,OL,,
578,cdf38210-1f61-11ed-a14c-9bcddb7a0cb8,0,f58c6dbf-9dfe-487e-8b0b-af66af887206,0,0,0,0,0,0,0,0,Sone,Aupiu,LB,,
208,a473ef04-9c3e-49a1-9319-d3ec996a67ec,0,f58c6dbf-9dfe-487e-8b0b-af66af887206,0,0,0,0,0,0,0,0,Gavin,Shipman,DB,,
1039,411fc440-850e-11ec-b84d-a909c14fc4b8,0,f58c6dbf-9dfe-487e-8b0b-af66af887206,0,0,0,0,0,0,0,0,Jarred,Kerr,SAF,,
879,d0e34030-42b2-11ee-996a-6deae86de19e,0,f58c6dbf-9dfe-487e-8b0b-af66af887206,0,0,0,0,0,0,0,0,Jeremiah,Holmes,LB,,
669,253a59a7-fc1c-417d-a905-ddf73ab43fe2,0,f58c6dbf-9dfe-487e-8b0b-af66af887206,0,0,0,0,0,0,0,0,Lawrence,Falatea,DE,,
299,ebfb4780-3530-11ee-8165-1f072663a93e,0,f58c6dbf-9dfe-487e-8b0b-af66af887206,0,0,0,0,0,0,0,0,Bronson,Long,P,,
139,6cdd7500-9fc1-11ec-8d3e-25cbf0d2c00a,0,f58c6dbf-9dfe-487e-8b0b-af66af887206,0,0,0,0,0,0,0,0,Jorel,Liverpool,DL,,
1231,c266f2d0-a8e4-11ed-8f9f-4571392585dc,0,f58c6dbf-9dfe-487e-8b0b-af66af887206,0,0,0,0,0,0,0,0,Tawfiq,Byard,SAF,,
911,f04629f0-9d09-11ed-b6b0-219682d17820,0,f58c6dbf-9dfe-487e-8b0b-af66af887206,0,0,0,0,0,0,0,0,Chapman,Lewis,SAF,,
171,8c517d10-9bfb-11ec-a07d-ffdc5a3c6e65,0,f58c6dbf-9dfe-487e-8b0b-af66af887206,0,0,0,0,0,0,0,0,Chance,Williams,RB,,
1289,ee736f60-9c51-11ed-9b81-9b68194c9dc2,0,f58c6dbf-9dfe-487e-8b0b-af66af887206,0,0,0,0,0,0,0,0,Wilkin,Formby,OL,,
1263,da346c40-1419-11ed-8f55-53b238da45a2,0,f58c6dbf-9dfe-487e-8b0b-af66af887206,0,0,0,0,0,0,0,0,Chance,Jackson,OL,,
943,015f9cb0-a275-11ed-8f2b-f3e5e15ec7fb,0,f58c6dbf-9dfe-487e-8b0b-af66af887206,0,0,0,0,0,0,0,0,Daymion,Sanford,LB,,
573,c3d6df10-a1a8-11ed-aa6e-af6a28059e98,0,f58c6dbf-9dfe-487e-8b0b-af66af887206,0,0,0,0,0,0,0,0,Obinna,Okeke,DE,,
605,efc79e90-abc4-11ed-af6b-612f86e2e77f,0,f58c6dbf-9dfe-487e-8b0b-af66af887206,0,0,0,0,0,0,0,0,Joshua,Goines,TE,,
637,099c3a84-56b8-4274-833c-f918f1b12da6,0,f58c6dbf-9dfe-487e-8b0b-af66af887206,0,0,0,0,0,0,0,0,Nu'uletau,Sellesin,OLB,,
536,a0ca7310-1468-11ed-82e6-6fe596000b9f,0,f58c6dbf-9dfe-487e-8b0b-af66af887206,0,0,0,0,0,0,0,0,Allen,Ortiz,WR,,
6,0e40e373-9eb9-49d5-9c85-ee6e7aa52fc3,0,f58c6dbf-9dfe-487e-8b0b-af66af887206,0,0,0,0,0,0,0,0,Donald,Chaney,RB,,
1258,d7edec4a-0e7d-46c5-bc9b-4a311c486356,0,f58c6dbf-9dfe-487e-8b0b-af66af887206,0,0,0,0,0,0,0,0,Cashius,Howell,DE,,
970,14d10fe0-9033-11ec-8556-6fa97bcffaf0,0,f58c6dbf-9dfe-487e-8b0b-af66af887206,0,0,0,0,0,0,0,0,CJ,Mims,DL,,
390,32b2bdcb-308d-481b-be93-1a3e12d64ef9,0,f58c6dbf-9dfe-487e-8b0b-af66af887206,0,0,0,0,0,0,0,0,Jamall,Thompson,DE,,
1162,8ee02562-28be-4533-91f6-9692de970893,0,f58c6dbf-9dfe-487e-8b0b-af66af887206,0,0,0,0,0,0,0,0,Amari,Daniels,RB,,
824,9bd914d0-2bee-11ee-b0fd-8d51d3f80cbb,0,f58c6dbf-9dfe-487e-8b0b-af66af887206,0,0,0,0,0,0,0,0,Javon,Robinson,WR,,
664,1eec079b-e6d2-44b6-88a7-e7ae26beac31,0,f58c6dbf-9dfe-487e-8b0b-af66af887206,0,0,0,0,0,0,0,0,Bo,Maile,DT,,
1279,e4641ca0-a664-11ed-932d-1ba693c6f5bf,0,f58c6dbf-9dfe-487e-8b0b-af66af887206,0,0,0,0,0,0,0,0,Jonah,Wilson,WR,,
1253,d1fd18b0-e9de-11ed-a3a6-d3659340da8d,0,f58c6dbf-9dfe-487e-8b0b-af66af887206,0,0,0,0,0,0,0,0,Dezz,Ricks,CB,,
723,57123390-37ab-11ee-931c-8fb5c3eda51c,0,f58c6dbf-9dfe-487e-8b0b-af66af887206,0,0,0,0,0,0,0,0,Noah,Flores,CB,,
193,9c762670-9c57-11ed-8502-732faaf2b36c,0,f58c6dbf-9dfe-487e-8b0b-af66af887206,0,0,0,0,0,0,0,0,Jameel,Croft,CB,,
595,dc54cd90-3d2a-11ee-97f5-a762c687b444,0,f58c6dbf-9dfe-487e-8b0b-af66af887206,0,0,0,0,0,0,0,0,Israel,Clark-White,DB,,
435,52f6fbd0-469a-11ee-806b-6198cd20ebec,0,f58c6dbf-9dfe-487e-8b0b-af66af887206,0,0,0,0,0,0,0,0,RJ,Chapman,SAF,,
659,1c348490-8ec8-11ec-8d02-85ead82574a9,0,f58c6dbf-9dfe-487e-8b0b-af66af887206,0,0,0,0,0,0,0,0,Kye,Stokes,SAF,,
289,e7261400-039b-11ed-82c0-ed1d42e26c7b,0,f58c6dbf-9dfe-487e-8b0b-af66af887206,0,0,0,0,0,0,0,0,Isaiah,Bullerdick,OL,,
1061,49ce21b0-f027-11ed-8095-ff92e6250fed,0,f58c6dbf-9dfe-487e-8b0b-af66af887206,0,0,0,0,0,0,0,0,Isaiah,Willis,SAF,,
750,6a895f7c-2726-424c-9239-c75711e801d3,0,f58c6dbf-9dfe-487e-8b0b-af66af887206,0,0,0,0,0,0,0,0,Landon,Rehkow,P,,
1338,1b4fb500-9a5c-11ec-aa2d-1dee8c2946d2,0,f58c6dbf-9dfe-487e-8b0b-af66af887206,0,0,0,0,0,0,0,0,Antoine,Bell,TE,,
864,bc0bbf30-08fc-11ec-b8fa-57b2949e3d13,0,f58c6dbf-9dfe-487e-8b0b-af66af887206,0,0,0,0,0,0,0,0,Jake,Eichorn,OL,,
284,e3c8e1c0-3d38-11ee-8eee-1bc3c0a4785e,0,f58c6dbf-9dfe-487e-8b0b-af66af887206,0,0,0,0,0,0,0,0,Jaden,Barnes,WR,,
526,9ac4326b-8d32-4372-923d-d0b607b132b0,0,f58c6dbf-9dfe-487e-8b0b-af66af887206,0,0,0,0,0,0,0,0,Sioeli,Helu,OL,,
316,f558c2e0-9b74-11ed-995c-61201f00f829,0,f58c6dbf-9dfe-487e-8b0b-af66af887206,0,0,0,0,0,0,0,0,Collin,Gill,DB,,
718,52a00400-37b9-11ee-931c-8fb5c3eda51c,0,f58c6dbf-9dfe-487e-8b0b-af66af887206,0,0,0,0,0,0,0,0,Cole,Keele,OL,,
1147,8b83aaea-9a5d-448e-b776-1bca1e229e94,0,f58c6dbf-9dfe-487e-8b0b-af66af887206,0,0,0,0,0,0,0,0,Dametrious,Crownover,OT,,
457,5f00c340-892a-11ec-8f84-d9482b6bb8ac,0,f58c6dbf-9dfe-487e-8b0b-af66af887206,0,0,0,0,0,0,0,0,TK,King,WR,,
649,12496a10-3e24-11ee-9b24-e310b9cd24cc,0,f58c6dbf-9dfe-487e-8b0b-af66af887206,0,0,0,0,0,0,0,0,Brevin,Hamblin,SAF,,
1243,cd093fd0-8eab-11ec-8d02-85ead82574a9,0,f58c6dbf-9dfe-487e-8b0b-af66af887206,0,0,0,0,0,0,0,0,Anto,Saka,DL,,
343,096b4530-c84f-11ed-aa38-3705defb1bc0,0,f58c6dbf-9dfe-487e-8b0b-af66af887206,0,0,0,0,0,0,0,0,Jeremiah,Sandiford,DL,,
23,11723729-0313-461b-b439-f160fed91704,0,f58c6dbf-9dfe-487e-8b0b-af66af887206,0,0,0,0,0,0,0,0,Thai,Baldwin,DB,,
114,5b6c4630-f899-11ec-8190-074ed0b20d38,0,f58c6dbf-9dfe-487e-8b0b-af66af887206,0,0,0,0,0,0,0,0,Treyveon,McGee,DB,,
516,919092e0-4134-11ee-a29b-d5830e0bb7e0,0,f58c6dbf-9dfe-487e-8b0b-af66af887206,0,0,0,0,0,0,0,0,Brody,Richter,P,,
18,109eeb62-2c58-4600-a9e1-22cd82316dde,0,f58c6dbf-9dfe-487e-8b0b-af66af887206,0,0,0,0,0,0,0,0,Jalar,Holley,DL,,
370,1a234230-1d9e-11ed-8092-5bce02fd28ab,0,f58c6dbf-9dfe-487e-8b0b-af66af887206,0,0,0,0,0,0,0,0,Ma'Kyi,Lee,OL,,
1142,8af66110-8abc-11ec-accc-5b87d3320078,0,f58c6dbf-9dfe-487e-8b0b-af66af887206,0,0,0,0,0,0,0,0,Ryan,Henderson,DE,,
1201,a5ec97a0-a276-11ed-8f2b-f3e5e15ec7fb,0,f58c6dbf-9dfe-487e-8b0b-af66af887206,0,0,0,0,0,0,0,0,Tyler,White,P,,
333,00ae2420-59f3-484b-89d8-00b1ac2a37be,0,f58c6dbf-9dfe-487e-8b0b-af66af887206,0,0,0,0,0,0,0,0,Nick,Session,SAF,,
735,6426e760-37ba-11ee-931c-8fb5c3eda51c,0,f58c6dbf-9dfe-487e-8b0b-af66af887206,0,0,0,0,0,0,0,0,Bryan,Vogl,DT,,
45,27c2d1c0-993c-11ed-961f-17b5255c6c3e,0,f58c6dbf-9dfe-487e-8b0b-af66af887206,0,0,0,0,0,0,0,0,Adam,Hopkins,WR,,
977,1a9ba170-8e8e-11ec-8d02-85ead82574a9,0,f58c6dbf-9dfe-487e-8b0b-af66af887206,0,0,0,0,0,0,0,0,Amari,Niblack,TE,,
447,5a3a7090-3635-11ee-b235-33015af903c7,0,f58c6dbf-9dfe-487e-8b0b-af66af887206,0,0,0,0,0,0,0,0,Jerry,Lydiatt,TE,,
799,9204ea0c-8566-4a40-8ade-08ed0a471cc9,0,f58c6dbf-9dfe-487e-8b0b-af66af887206,0,0,0,0,0,0,0,0,Dylan,Tucker,CB,,
296,e970149b-f19f-4316-af52-5c646c9bc253,0,f58c6dbf-9dfe-487e-8b0b-af66af887206,0,0,0,0,0,0,0,0,Jonny,King,OL,,
1228,bfbf7db0-313c-11ed-bfcf-65eaff9f277b,0,f58c6dbf-9dfe-487e-8b0b-af66af887206,0,0,0,0,0,0,0,0,Nana,Boadi-Owusu,DE,,
908,eadee650-8f68-11ec-8556-6fa97bcffaf0,0,f58c6dbf-9dfe-487e-8b0b-af66af887206,0,0,0,0,0,0,0,0,Tavo,Motu'apuaka,OL,,
570,c1c282c0-396e-11ee-ae5f-cda3d899f6b1,0,f58c6dbf-9dfe-487e-8b0b-af66af887206,0,0,0,0,0,0,0,0,Jabril,White,SAF,,
424,4c5248e5-5334-470f-9a52-98e2aaa98837,0,f58c6dbf-9dfe-487e-8b0b-af66af887206,0,0,0,0,0,0,0,0,Ryan,Hawk,K,,
876,c8484ba0-a4c0-11ec-b346-69864c4e95e6,0,f58c6dbf-9dfe-487e-8b0b-af66af887206,0,0,0,0,0,0,0,0,Tyree,Morris,DT,,
935,f998c540-37ae-11ee-931c-8fb5c3eda51c,0,f58c6dbf-9dfe-487e-8b0b-af66af887206,0,0,0,0,0,0,0,0,Tanner,Jolley,OLB,,
565,ba03ca1e-59d0-4b33-9b86-bda12e439154,0,f58c6dbf-9dfe-487e-8b0b-af66af887206,0,0,0,0,0,0,0,0,Janik,Ogunlade,OL,,
1313,fe568ef6-751d-408f-916f-639031271455,0,f58c6dbf-9dfe-487e-8b0b-af66af887206,0,0,0,0,0,0,0,0,Tyler,Onyedim,DT,,
999,241e19ea-3867-48c6-90eb-de96acea7e9c,0,f58c6dbf-9dfe-487e-8b0b-af66af887206,0,0,0,0,0,0,0,0,Nate,Boerkircher,TE,,
419,48de3bf7-8624-434d-84a3-1feeb2179ef6,0,f58c6dbf-9dfe-487e-8b0b-af66af887206,0,0,0,0,0,0,0,0,Kadarius,Calloway,RB,,
871,c55f4790-9b78-11ed-b8e3-1513ed7922ab,0,f58c6dbf-9dfe-487e-8b0b-af66af887206,0,0,0,0,0,0,0,0,Zion,Andreasen,OLB,,
821,9a729f10-9b77-11ed-b8e3-1513ed7922ab,0,f58c6dbf-9dfe-487e-8b0b-af66af887206,0,0,0,0,0,0,0,0,McCae,Hillstead,QB,,
1250,d018e8f0-1d86-11ed-94bb-9f870848f4f7,0,f58c6dbf-9dfe-487e-8b0b-af66af887206,0,0,0,0,0,0,0,0,Nathan,Jackson,DT,,
930,f70e8610-983b-11ed-b515-b9f449cb451d,0,f58c6dbf-9dfe-487e-8b0b-af66af887206,0,0,0,0,0,0,0,0,CJ,Tiller,QB,,
560,b661b5c0-9817-11ed-af31-5170ea7681d5,0,f58c6dbf-9dfe-487e-8b0b-af66af887206,0,0,0,0,0,0,0,0,Josiah,Charles,CB,,
190,9b5fb8a2-a5a0-4190-96fd-97510f6295db,0,f58c6dbf-9dfe-487e-8b0b-af66af887206,0,0,0,0,0,0,0,0,Gus,McGee,TE,,
30,188ad070-f96f-11ed-a7e6-5b9f42549cff,0,f58c6dbf-9dfe-487e-8b0b-af66af887206,0,0,0,0,0,0,0,0,Kadin,Schmitz,LB,,
1308,fe2b0780-37c2-11ee-8aad-e574e8ef7217,0,f58c6dbf-9dfe-487e-8b0b-af66af887206,0,0,0,0,0,0,0,0,Blake,Buntyn,WR,,
1122,80edb9d0-a275-11ed-8f2b-f3e5e15ec7fb,0,f58c6dbf-9dfe-487e-8b0b-af66af887206,0,0,0,0,0,0,0,0,DJ,Hicks,DT,,
592,d828cea0-4131-11ee-a29b-d5830e0bb7e0,0,f58c6dbf-9dfe-487e-8b0b-af66af887206,0,0,0,0,0,0,0,0,Adam,Damante,QB,,
432,50885160-1e63-11ed-ac13-efcd76e63c74,0,f58c6dbf-9dfe-487e-8b0b-af66af887206,0,0,0,0,0,0,0,0,Ilya,Uvaydov,K,,
1154,8cc364b0-37c3-11ee-8aad-e574e8ef7217,0,f58c6dbf-9dfe-487e-8b0b-af66af887206,0,0,0,0,0,0,0,0,Alessandro,Perez,DE,,
624,043c3660-981a-11ed-af31-5170ea7681d5,0,f58c6dbf-9dfe-487e-8b0b-af66af887206,0,0,0,0,0,0,0,0,Gabriel,Iniguez,DT,,
464,645c96e0-9818-11ed-af31-5170ea7681d5,0,f58c6dbf-9dfe-487e-8b0b-af66af887206,0,0,0,0,0,0,0,0,Tayden,Barnes,SAF,,
94,4b9b73f0-9daf-11ed-affb-d7de6d7f398d,0,f58c6dbf-9dfe-487e-8b0b-af66af887206,0,0,0,0,0,0,0,0,Grayson,Loftis,QB,,
1058,485c2f10-982b-11ed-9964-d1ac235f1095,0,f58c6dbf-9dfe-487e-8b0b-af66af887206,0,0,0,0,0,0,0,0,David,Olano,K,,
898,d9f6ff50-37b7-11ee-931c-8fb5c3eda51c,0,f58c6dbf-9dfe-487e-8b0b-af66af887206,0,0,0,0,0,0,0,0,Jarvis,Griffiths,OL,,
848,b20183e0-9424-11ec-a0a0-bfb4bc95dfd2,0,f58c6dbf-9dfe-487e-8b0b-af66af887206,0,0,0,0,0,0,0,0,BJ,Diakite,DE,,
1181,99a76e50-183a-11ed-a064-ef8b74c0c167,0,f58c6dbf-9dfe-487e-8b0b-af66af887206,0,0,0,0,0,0,0,0,Isaiah,Horton,WR,,
1021,3a143810-9b61-11ed-9535-f5ca9807efbe,0,f58c6dbf-9dfe-487e-8b0b-af66af887206,0,0,0,0,0,0,0,0,Marcus,Ratcliffe,SAF,,
811,93e5f8eb-46fc-46cc-ba40-5b9f9ef25d43,0,f58c6dbf-9dfe-487e-8b0b-af66af887206,0,0,0,0,0,0,0,0,Brady,Boyd,WR,,
281,e27be9b0-f4f1-11ec-a1bd-5b7e571ac891,0,f58c6dbf-9dfe-487e-8b0b-af66af887206,0,0,0,0,0,0,0,0,Ayo,Tifase,DL,,
893,d99d1bf0-edd2-11ec-ac19-034706ab1ca4,0,f58c6dbf-9dfe-487e-8b0b-af66af887206,0,0,0,0,0,0,0,0,Elia,Migao,OL,,
313,f4e3081d-6c09-484c-b861-cd09a79b6fb6,0,f58c6dbf-9dfe-487e-8b0b-af66af887206,0,0,0,0,0,0,0,0,Caleb,Curtain,DB,,
925,f67abe20-8f69-11ec-8556-6fa97bcffaf0,0,f58c6dbf-9dfe-487e-8b0b-af66af887206,0,0,0,0,0,0,0,0,Bronson,Olevao,LB,,
715,4e8522be-b33a-466b-9ffb-4347d72990ab,0,f58c6dbf-9dfe-487e-8b0b-af66af887206,0,0,0,0,0,0,0,0,Demick,Starling,WR,,
185,9b0760a0-c74b-11ed-9fa8-892eecf2a8d4,0,f58c6dbf-9dfe-487e-8b0b-af66af887206,0,0,0,0,0,0,0,0,Gavin,Willis,LB,,
1330,149d44f0-a166-11ec-90e0-3dddf3951577,0,f58c6dbf-9dfe-487e-8b0b-af66af887206,0,0,0,0,0,0,0,0,Amonte,Jones,WR,,
774,7fd2d0f0-ff5c-11ed-84d8-f702f1ef9032,0,f58c6dbf-9dfe-487e-8b0b-af66af887206,0,0,0,0,0,0,0,0,K'leyone,Iosua,OL,,
614,f7f65680-b3f1-11ed-9e50-65a09640c7b9,0,f58c6dbf-9dfe-487e-8b0b-af66af887206,0,0,0,0,0,0,0,0,Brad,Vislisel,DE,,
1176,9452caab-2be2-427e-a63c-4a9edc252bdc,0,f58c6dbf-9dfe-487e-8b0b-af66af887206,0,0,0,0,0,0,0,0,Jared,Zirkel,K,,
856,b494d312-2770-4bb5-a358-bd7cdeb42b05,0,f58c6dbf-9dfe-487e-8b0b-af66af887206,0,0,0,0,0,0,0,0,Naki,Fahina,DT,,
806,936bbb11-3482-44b3-94a6-1a0d2afb345b,0,f58c6dbf-9dfe-487e-8b0b-af66af887206,0,0,0,0,0,0,0,0,Miles,Davis,RB,,
276,de90f780-9062-11ec-8556-6fa97bcffaf0,0,f58c6dbf-9dfe-487e-8b0b-af66af887206,0,0,0,0,0,0,0,0,Reid,Williford,LB,,
308,f4a22520-951d-11ec-a8cc-21afd89fadd3,0,f58c6dbf-9dfe-487e-8b0b-af66af887206,0,0,0,0,0,0,0,0,Cam,Pedro,WR,,
340,07a55fe0-b81d-4ca1-acb2-eb8d800d2478,0,f58c6dbf-9dfe-487e-8b0b-af66af887206,0,0,0,0,0,0,0,0,Jeff,Davison,QB,,
1298,f2949310-a275-11ed-8f2b-f3e5e15ec7fb,0,f58c6dbf-9dfe-487e-8b0b-af66af887206,0,0,0,0,0,0,0,0,Marcel,Reed,QB,,
1272,e1b89c50-cdcf-11ed-8aca-3b1b1705cb38,0,f58c6dbf-9dfe-487e-8b0b-af66af887206,0,0,0,0,0,0,0,0,Ray,Coney,LB,,
952,097cb2ed-c95b-42fd-a056-8c83a40973e9,0,f58c6dbf-9dfe-487e-8b0b-af66af887206,0,0,0,0,0,0,0,0,Ar'maj,Reed-Adams,G,,
303,ecf592f0-2666-11ed-9c24-9b1ffa00bb37,0,f58c6dbf-9dfe-487e-8b0b-af66af887206,0,0,0,0,0,0,0,0,Eli,Samples,OL,,
915,f1402da0-d785-11ec-8cf2-07fbff125628,0,f58c6dbf-9dfe-487e-8b0b-af66af887206,0,0,0,0,0,0,0,0,Javen,Jacobs,RB,,
1267,deff4e00-850f-11ec-b84d-a909c14fc4b8,0,f58c6dbf-9dfe-487e-8b0b-af66af887206,0,0,0,0,0,0,0,0,Mark,Nabou,OL,,
769,7f0c1368-789c-40dd-bf65-f8276228d831,0,f58c6dbf-9dfe-487e-8b0b-af66af887206,0,0,0,0,0,0,0,0,Bryson,Barnes,QB,,
1198,a5b6f4cc-989b-479e-a78f-ea243c55f2d7,0,f58c6dbf-9dfe-487e-8b0b-af66af887206,0,0,0,0,0,0,0,0,Jacob,Graham,LS,,
508,7f96ce10-983d-11ed-b515-b9f449cb451d,0,f58c6dbf-9dfe-487e-8b0b-af66af887206,0,0,0,0,0,0,0,0,Demanuel,Brown,DE,,
444,58641f50-abcf-11ed-af6b-612f86e2e77f,0,f58c6dbf-9dfe-487e-8b0b-af66af887206,0,0,0,0,0,0,0,0,Reeves,Baller,DE,,
394,37b2d370-3246-11ee-9bf9-b5db0242af4d,0,f58c6dbf-9dfe-487e-8b0b-af66af887206,0,0,0,0,0,0,0,0,Kaden,Trevino,WR,,
695,469a5528-251d-4f78-aa70-19f797d8128f,0,f58c6dbf-9dfe-487e-8b0b-af66af887206,0,0,0,0,0,0,0,0,Trey,Andersen,OL,,
357,150d0150-3acb-11ee-abad-759fcc34c08d,0,f58c6dbf-9dfe-487e-8b0b-af66af887206,0,0,0,0,0,0,0,0,Javon,Gillespie,CB,,
471,6aecdda0-a351-11ed-8632-3dcf5eeb383a,0,f58c6dbf-9dfe-487e-8b0b-af66af887206,0,0,0,0,0,0,0,0,Dakerric,Hobbs,CB,,
101,500a86f1-d63c-4dc8-b49e-68430ace70eb,0,f58c6dbf-9dfe-487e-8b0b-af66af887206,0,0,0,0,0,0,0,0,Jesse,Ramil,OL,,
503,7ec00630-3245-11ee-9bf9-b5db0242af4d,0,f58c6dbf-9dfe-487e-8b0b-af66af887206,0,0,0,0,0,0,0,0,Jayden,Bell,WR,,
133,6814857f-8b26-4034-9770-8a32f8eb5f87,0,f58c6dbf-9dfe-487e-8b0b-af66af887206,0,0,0,0,0,0,0,0,Joey,Bearns,TE,,
964,0bfaa4b0-37c3-11ee-8aad-e574e8ef7217,0,f58c6dbf-9dfe-487e-8b0b-af66af887206,0,0,0,0,0,0,0,0,Chase,Burton,WR,,
754,73d3f390-89bc-11ec-b4c8-9f80462526e1,0,f58c6dbf-9dfe-487e-8b0b-af66af887206,0,0,0,0,0,0,0,0,George,Maile,OL,,
384,2e708008-f2f3-43e7-8380-e757702513c4,0,f58c6dbf-9dfe-487e-8b0b-af66af887206,0,0,0,0,0,0,0,0,PJ,Johnson,WR,,
64,3423a3a5-3ffc-4702-bae4-d016cb9c55bb,0,f58c6dbf-9dfe-487e-8b0b-af66af887206,0,0,0,0,0,0,0,0,Colby,Garfield,LS,,
1342,1d5aed20-0d01-11ed-a920-ef57a55dc365,0,f58c6dbf-9dfe-487e-8b0b-af66af887206,0,0,0,0,0,0,0,0,Jelani,King-Leverett,OLB,,
786,894191c0-89e3-11ec-87d7-1329dbaf6972,0,f58c6dbf-9dfe-487e-8b0b-af66af887206,0,0,0,0,0,0,0,0,Quincy,Wright,DT,,
416,47af0260-9ebe-11ed-b735-4da1124e9ce2,0,f58c6dbf-9dfe-487e-8b0b-af66af887206,0,0,0,0,0,0,0,0,Dijon,Stanley,RB,,
868,c1f85e10-eac5-11ed-8f90-95a871398acf,0,f58c6dbf-9dfe-487e-8b0b-af66af887206,0,0,0,0,0,0,0,0,D'Andre,Barnes,SAF,,
818,9a5fa056-f449-4d07-806b-3b20202fe9f9,0,f58c6dbf-9dfe-487e-8b0b-af66af887206,0,0,0,0,0,0,0,0,Adam,Pond,OL,,
690,3ea05870-9b78-11ed-b8e3-1513ed7922ab,0,f58c6dbf-9dfe-487e-8b0b-af66af887206,0,0,0,0,0,0,0,0,Jackson,Olsen,WR,,
347,09c5c3a0-9003-11ec-8556-6fa97bcffaf0,0,f58c6dbf-9dfe-487e-8b0b-af66af887206,0,0,0,0,0,0,0,0,Jaden,Robinson,DE,,
27,12522540-0c4a-11ed-834d-b52ea748578e,0,f58c6dbf-9dfe-487e-8b0b-af66af887206,0,0,0,0,0,0,0,0,Nicolas,Cruji,OL,,
1305,fd9abcd0-9cdf-11ed-8450-073f5137ec67,0,f58c6dbf-9dfe-487e-8b0b-af66af887206,0,0,0,0,0,0,0,0,Wesley,Watson,WR,,
1119,80c63b8c-3462-4948-86dd-29d48d577936,0,f58c6dbf-9dfe-487e-8b0b-af66af887206,0,0,0,0,0,0,0,0,Scooby,Williams,LB,,
379,2db8b330-a286-11ed-84bc-c57b3519e176,0,f58c6dbf-9dfe-487e-8b0b-af66af887206,0,0,0,0,0,0,0,0,Vic,Shaw,DE,,
991,1cd5b461-ae1c-4b02-a1a4-b44f225cf465,0,f58c6dbf-9dfe-487e-8b0b-af66af887206,0,0,0,0,0,0,0,0,Jacob,Zeno,QB,,
781,8515cb90-486c-11ee-a993-9f05516de4bd,0,f58c6dbf-9dfe-487e-8b0b-af66af887206,0,0,0,0,0,0,0,0,Tanner,Rinker,K,,
461,61c5e7a0-2a55-11ed-b104-2f33c86e9432,0,f58c6dbf-9dfe-487e-8b0b-af66af887206,0,0,0,0,0,0,0,0,Isaiah,Rudison,RB,,
251,ce7737d0-9de3-11ed-813d-779d9c1a4f45,0,f58c6dbf-9dfe-487e-8b0b-af66af887206,0,0,0,0,0,0,0,0,Dominick,Kelley,OL,,
91,49eaf800-8a82-11ec-9b75-81689e0737c4,0,f58c6dbf-9dfe-487e-8b0b-af66af887206,0,0,0,0,0,0,0,0,CJ,Stokes,RB,,
493,7b614900-4879-11ee-9a48-c398d10e1e38,0,f58c6dbf-9dfe-487e-8b0b-af66af887206,0,0,0,0,0,0,0,0,Santos,Valdez,OL,,
1055,47fb463b-5d3c-46b5-9adb-e22f5fe551ef,0,f58c6dbf-9dfe-487e-8b0b-af66af887206,0,0,0,0,0,0,0,0,Trey,Zuhn,OT,,
557,b51e6dc0-4465-11ee-913c-b50a102d2720,0,f58c6dbf-9dfe-487e-8b0b-af66af887206,0,0,0,0,0,0,0,0,Dailan,Goodman,RB,,
1018,38a187c0-f030-11ed-8095-ff92e6250fed,0,f58c6dbf-9dfe-487e-8b0b-af66af887206,0,0,0,0,0,0,0,0,Zachary,Clay,TE,,
1210,aa8cfc20-8510-11ec-9a71-73254de4b571,0,f58c6dbf-9dfe-487e-8b0b-af66af887206,0,0,0,0,0,0,0,0,Jadon,Scarlett,DT,,
1050,4620b030-9dcc-11ed-9ec1-d7898d8b70ab,0,f58c6dbf-9dfe-487e-8b0b-af66af887206,0,0,0,0,0,0,0,0,KC,Concepcion,WR,,
840,ac7ff12e-185a-4496-9cc3-1717966ca4f3,0,f58c6dbf-9dfe-487e-8b0b-af66af887206,0,0,0,0,0,0,0,0,Josh,Sterzer,TE,,
520,97743c50-abaa-11ec-b6ea-913ac4d9e609,0,f58c6dbf-9dfe-487e-8b0b-af66af887206,0,0,0,0,0,0,0,0,Josiah,Jackson,DL,,
150,6f7bdaaa-138f-4fec-8a61-6c1be48511c3,0,f58c6dbf-9dfe-487e-8b0b-af66af887206,0,0,0,0,0,0,0,0,Henry,Rutledge,RB,,
1082,5935ba00-a275-11ed-8f2b-f3e5e15ec7fb,0,f58c6dbf-9dfe-487e-8b0b-af66af887206,0,0,0,0,0,0,0,0,Taurean,York,LB,,
552,b4554250-3246-11ee-9bf9-b5db0242af4d,0,f58c6dbf-9dfe-487e-8b0b-af66af887206,0,0,0,0,0,0,0,0,Siddeeq,Shabazz,SAF,,
182,98dfbd30-9061-11ec-8556-6fa97bcffaf0,0,f58c6dbf-9dfe-487e-8b0b-af66af887206,0,0,0,0,0,0,0,0,Boston,Brinkley,OL,,
584,d15639f0-3704-11ee-be32-0d11f96c8dec,0,f58c6dbf-9dfe-487e-8b0b-af66af887206,0,0,0,0,0,0,0,0,Rayfield,Lotten,TE,,
241,c74154b0-863c-11ec-8b4f-bfdcdbacd7ed,0,f58c6dbf-9dfe-487e-8b0b-af66af887206,0,0,0,0,0,0,0,0,Mo,Clipper,OL,,
1013,2f40a100-f5af-11ed-b233-eff84a81117d,0,f58c6dbf-9dfe-487e-8b0b-af66af887206,0,0,0,0,0,0,0,0,Shea,Freibaum,LS,,
145,6e67e781-f023-44d0-94ae-3d547bace361,0,f58c6dbf-9dfe-487e-8b0b-af66af887206,0,0,0,0,0,0,0,0,Logan,Mauldin,TE,,
830,a1260010-91d0-11ec-8160-e9ab30ce3cc4,0,f58c6dbf-9dfe-487e-8b0b-af66af887206,0,0,0,0,0,0,0,0,Marcus,McKenzie,CB,,
702,486c92cc-9b66-477a-986a-7a01a8bdacb2,0,f58c6dbf-9dfe-487e-8b0b-af66af887206,0,0,0,0,0,0,0,0,Jacob,Conover,QB,,
1104,75964240-a1a9-11ed-8407-d326ef253fb2,0,f58c6dbf-9dfe-487e-8b0b-af66af887206,0,0,0,0,0,0,0,0,Tyree,Adams,OL,,
236,b9071ee0-4871-11ee-9e0e-63ed7dedca5c,0,f58c6dbf-9dfe-487e-8b0b-af66af887206,0,0,0,0,0,0,0,0,Justin,Hayes,LB,,
1067,4cf67650-1416-11ed-99ab-175543659a4f,0,f58c6dbf-9dfe-487e-8b0b-af66af887206,0,0,0,0,0,0,0,0,AJ,DiNota,RB,,
1099,6f4f6bd0-901d-11ec-8556-6fa97bcffaf0,0,f58c6dbf-9dfe-487e-8b0b-af66af887206,0,0,0,0,0,0,0,0,Micah,Riley,TE,,
441,5452b611-8f00-4d3e-a074-c2efa8ca8325,0,f58c6dbf-9dfe-487e-8b0b-af66af887206,0,0,0,0,0,0,0,0,Tim,Gans,RB,,
231,b1af8210-9d2a-11ed-a178-45615e5297d3,0,f58c6dbf-9dfe-487e-8b0b-af66af887206,0,0,0,0,0,0,0,0,J'ven,Williams,OL,,
1003,28af9110-a263-11ed-8480-1d1f197292c4,0,f58c6dbf-9dfe-487e-8b0b-af66af887206,0,0,0,0,0,0,0,0,Trovon,Baugh,OL,,
793,9089e0f3-1310-4a52-a173-75411bfda372,0,f58c6dbf-9dfe-487e-8b0b-af66af887206,0,0,0,0,0,0,0,0,Ike,Larsen,SAF,,
263,d9c86350-c76b-11ed-9fa8-892eecf2a8d4,0,f58c6dbf-9dfe-487e-8b0b-af66af887206,0,0,0,0,0,0,0,0,E. Jai,Mason,WR,,
1035,408bc3c0-9ea4-11ed-975c-37b2dd34d160,0,f58c6dbf-9dfe-487e-8b0b-af66af887206,0,0,0,0,0,0,0,0,Rickey,Gibson,DB,,
1094,66b90f65-a1b9-4cfc-8be8-10cee7955279,0,f58c6dbf-9dfe-487e-8b0b-af66af887206,0,0,0,0,0,0,0,0,Reuben,Fatheree,OL,,
226,b015e7e0-9421-11ec-a0a0-bfb4bc95dfd2,0,f58c6dbf-9dfe-487e-8b0b-af66af887206,0,0,0,0,0,0,0,0,Jayden,McGowan,WR,,
468,68034870-9003-11ec-8556-6fa97bcffaf0,0,f58c6dbf-9dfe-487e-8b0b-af66af887206,0,0,0,0,0,0,0,0,Gabe,Peterson,DE,,
258,cfa89717-fbc0-4409-9f8c-8ba6d9cadc2e,0,f58c6dbf-9dfe-487e-8b0b-af66af887206,0,0,0,0,0,0,0,0,Shay,Taylor,LB,,
500,7dde36e0-3233-11ee-9cf4-b99040ba6229,0,f58c6dbf-9dfe-487e-8b0b-af66af887206,0,0,0,0,0,0,0,0,Myles,Libman,WR,,
961,0a60d230-37c0-11ee-8aad-e574e8ef7217,0,f58c6dbf-9dfe-487e-8b0b-af66af887206,0,0,0,0,0,0,0,0,Ronnie,Crosby,RB,,
1185,9a6337c0-850f-11ec-b84d-a909c14fc4b8,0,f58c6dbf-9dfe-487e-8b0b-af66af887206,0,0,0,0,0,0,0,0,Le'Veon,Moss,RB,,
1089,64c1f5f0-9cda-11ed-8450-073f5137ec67,0,f58c6dbf-9dfe-487e-8b0b-af66af887206,0,0,0,0,0,0,0,0,Will,Lee,CB,,
1180,99a76e50-183a-11ed-a064-ef8b74c0c167,0,ff53e5e4-10ef-4842-a0b7-b489956fa07e,0,0,0,0,0,0,0,0,Isaiah,Horton,WR,,
810,93e5f8eb-46fc-46cc-ba40-5b9f9ef25d43,0,ff53e5e4-10ef-4842-a0b7-b489956fa07e,0,0,0,0,0,0,0,0,Brady,Boyd,WR,,
280,e27be9b0-f4f1-11ec-a1bd-5b7e571ac891,0,ff53e5e4-10ef-4842-a0b7-b489956fa07e,0,0,0,0,0,0,0,0,Ayo,Tifase,DL,,
892,d99d1bf0-edd2-11ec-ac19-034706ab1ca4,0,ff53e5e4-10ef-4842-a0b7-b489956fa07e,0,0,0,0,0,0,0,0,Elia,Migao,OL,,
312,f4e3081d-6c09-484c-b861-cd09a79b6fb6,0,ff53e5e4-10ef-4842-a0b7-b489956fa07e,0,0,0,0,0,0,0,0,Caleb,Curtain,DB,,
924,f67abe20-8f69-11ec-8556-6fa97bcffaf0,0,ff53e5e4-10ef-4842-a0b7-b489956fa07e,0,0,0,0,0,0,0,0,Bronson,Olevao,LB,,
714,4e8522be-b33a-466b-9ffb-4347d72990ab,0,ff53e5e4-10ef-4842-a0b7-b489956fa07e,0,0,0,0,0,0,0,0,Demick,Starling,WR,,
1175,9452caab-2be2-427e-a63c-4a9edc252bdc,0,ff53e5e4-10ef-4842-a0b7-b489956fa07e,0,0,0,0,0,0,0,0,Jared,Zirkel,K,,
855,b494d312-2770-4bb5-a358-bd7cdeb42b05,0,ff53e5e4-10ef-4842-a0b7-b489956fa07e,0,0,0,0,0,0,0,0,Naki,Fahina,DT,,
805,936bbb11-3482-44b3-94a6-1a0d2afb345b,0,ff53e5e4-10ef-4842-a0b7-b489956fa07e,0,0,0,0,0,0,0,0,Miles,Davis,RB,,
275,de90f780-9062-11ec-8556-6fa97bcffaf0,0,ff53e5e4-10ef-4842-a0b7-b489956fa07e,0,0,0,0,0,0,0,0,Reid,Williford,LB,,
307,f4a22520-951d-11ec-a8cc-21afd89fadd3,0,ff53e5e4-10ef-4842-a0b7-b489956fa07e,0,0,0,0,0,0,0,0,Cam,Pedro,WR,,
339,07a55fe0-b81d-4ca1-acb2-eb8d800d2478,0,ff53e5e4-10ef-4842-a0b7-b489956fa07e,0,0,0,0,0,0,0,0,Jeff,Davison,QB,,
951,097cb2ed-c95b-42fd-a056-8c83a40973e9,0,ff53e5e4-10ef-4842-a0b7-b489956fa07e,0,0,0,0,0,0,0,0,Ar'maj,Reed-Adams,G,,
1329,149d44f0-a166-11ec-90e0-3dddf3951577,0,ff53e5e4-10ef-4842-a0b7-b489956fa07e,0,0,0,0,0,0,0,0,Amonte,Jones,WR,,
302,ecf592f0-2666-11ed-9c24-9b1ffa00bb37,0,ff53e5e4-10ef-4842-a0b7-b489956fa07e,0,0,0,0,0,0,0,0,Eli,Samples,OL,,
914,f1402da0-d785-11ec-8cf2-07fbff125628,0,ff53e5e4-10ef-4842-a0b7-b489956fa07e,0,0,0,0,0,0,0,0,Javen,Jacobs,RB,,
1266,deff4e00-850f-11ec-b84d-a909c14fc4b8,0,ff53e5e4-10ef-4842-a0b7-b489956fa07e,0,0,0,0,0,0,0,0,Mark,Nabou,OL,,
768,7f0c1368-789c-40dd-bf65-f8276228d831,0,ff53e5e4-10ef-4842-a0b7-b489956fa07e,0,0,0,0,0,0,0,0,Bryson,Barnes,QB,,
1197,a5b6f4cc-989b-479e-a78f-ea243c55f2d7,0,ff53e5e4-10ef-4842-a0b7-b489956fa07e,0,0,0,0,0,0,0,0,Jacob,Graham,LS,,
41,24521cb3-4799-4130-903a-07e2add18eaf,0,ff53e5e4-10ef-4842-a0b7-b489956fa07e,0,0,0,0,0,0,0,0,Mason,Bowers,OL,,
694,469a5528-251d-4f78-aa70-19f797d8128f,0,ff53e5e4-10ef-4842-a0b7-b489956fa07e,0,0,0,0,0,0,0,0,Trey,Andersen,OL,,
100,500a86f1-d63c-4dc8-b49e-68430ace70eb,0,ff53e5e4-10ef-4842-a0b7-b489956fa07e,0,0,0,0,0,0,0,0,Jesse,Ramil,OL,,
132,6814857f-8b26-4034-9770-8a32f8eb5f87,0,ff53e5e4-10ef-4842-a0b7-b489956fa07e,0,0,0,0,0,0,0,0,Joey,Bearns,TE,,
753,73d3f390-89bc-11ec-b4c8-9f80462526e1,0,ff53e5e4-10ef-4842-a0b7-b489956fa07e,0,0,0,0,0,0,0,0,George,Maile,OL,,
383,2e708008-f2f3-43e7-8380-e757702513c4,0,ff53e5e4-10ef-4842-a0b7-b489956fa07e,0,0,0,0,0,0,0,0,PJ,Johnson,WR,,
63,3423a3a5-3ffc-4702-bae4-d016cb9c55bb,0,ff53e5e4-10ef-4842-a0b7-b489956fa07e,0,0,0,0,0,0,0,0,Colby,Garfield,LS,,
1341,1d5aed20-0d01-11ed-a920-ef57a55dc365,0,ff53e5e4-10ef-4842-a0b7-b489956fa07e,0,0,0,0,0,0,0,0,Jelani,King-Leverett,OLB,,
785,894191c0-89e3-11ec-87d7-1329dbaf6972,0,ff53e5e4-10ef-4842-a0b7-b489956fa07e,0,0,0,0,0,0,0,0,Quincy,Wright,DT,,
817,9a5fa056-f449-4d07-806b-3b20202fe9f9,0,ff53e5e4-10ef-4842-a0b7-b489956fa07e,0,0,0,0,0,0,0,0,Adam,Pond,OL,,
1118,80c63b8c-3462-4948-86dd-29d48d577936,0,ff53e5e4-10ef-4842-a0b7-b489956fa07e,0,0,0,0,0,0,0,0,Scooby,Williams,LB,,
990,1cd5b461-ae1c-4b02-a1a4-b44f225cf465,0,ff53e5e4-10ef-4842-a0b7-b489956fa07e,0,0,0,0,0,0,0,0,Jacob,Zeno,QB,,
460,61c5e7a0-2a55-11ed-b104-2f33c86e9432,0,ff53e5e4-10ef-4842-a0b7-b489956fa07e,0,0,0,0,0,0,0,0,Isaiah,Rudison,RB,,
90,49eaf800-8a82-11ec-9b75-81689e0737c4,0,ff53e5e4-10ef-4842-a0b7-b489956fa07e,0,0,0,0,0,0,0,0,CJ,Stokes,RB,,
1054,47fb463b-5d3c-46b5-9adb-e22f5fe551ef,0,ff53e5e4-10ef-4842-a0b7-b489956fa07e,0,0,0,0,0,0,0,0,Trey,Zuhn,OT,,
346,09c5c3a0-9003-11ec-8556-6fa97bcffaf0,0,ff53e5e4-10ef-4842-a0b7-b489956fa07e,0,0,0,0,0,0,0,0,Jaden,Robinson,DE,,
26,12522540-0c4a-11ed-834d-b52ea748578e,0,ff53e5e4-10ef-4842-a0b7-b489956fa07e,0,0,0,0,0,0,0,0,Nicolas,Cruji,OL,,
839,ac7ff12e-185a-4496-9cc3-1717966ca4f3,0,ff53e5e4-10ef-4842-a0b7-b489956fa07e,0,0,0,0,0,0,0,0,Josh,Sterzer,TE,,
519,97743c50-abaa-11ec-b6ea-913ac4d9e609,0,ff53e5e4-10ef-4842-a0b7-b489956fa07e,0,0,0,0,0,0,0,0,Josiah,Jackson,DL,,
149,6f7bdaaa-138f-4fec-8a61-6c1be48511c3,0,ff53e5e4-10ef-4842-a0b7-b489956fa07e,0,0,0,0,0,0,0,0,Henry,Rutledge,RB,,
181,98dfbd30-9061-11ec-8556-6fa97bcffaf0,0,ff53e5e4-10ef-4842-a0b7-b489956fa07e,0,0,0,0,0,0,0,0,Boston,Brinkley,OL,,
240,c74154b0-863c-11ec-8b4f-bfdcdbacd7ed,0,ff53e5e4-10ef-4842-a0b7-b489956fa07e,0,0,0,0,0,0,0,0,Mo,Clipper,OL,,
144,6e67e781-f023-44d0-94ae-3d547bace361,0,ff53e5e4-10ef-4842-a0b7-b489956fa07e,0,0,0,0,0,0,0,0,Logan,Mauldin,TE,,
701,486c92cc-9b66-477a-986a-7a01a8bdacb2,0,ff53e5e4-10ef-4842-a0b7-b489956fa07e,0,0,0,0,0,0,0,0,Jacob,Conover,QB,,
1066,4cf67650-1416-11ed-99ab-175543659a4f,0,ff53e5e4-10ef-4842-a0b7-b489956fa07e,0,0,0,0,0,0,0,0,AJ,DiNota,RB,,
1098,6f4f6bd0-901d-11ec-8556-6fa97bcffaf0,0,ff53e5e4-10ef-4842-a0b7-b489956fa07e,0,0,0,0,0,0,0,0,Micah,Riley,TE,,
440,5452b611-8f00-4d3e-a074-c2efa8ca8325,0,ff53e5e4-10ef-4842-a0b7-b489956fa07e,0,0,0,0,0,0,0,0,Tim,Gans,RB,,
792,9089e0f3-1310-4a52-a173-75411bfda372,0,ff53e5e4-10ef-4842-a0b7-b489956fa07e,0,0,0,0,0,0,0,0,Ike,Larsen,SAF,,
1093,66b90f65-a1b9-4cfc-8be8-10cee7955279,0,ff53e5e4-10ef-4842-a0b7-b489956fa07e,0,0,0,0,0,0,0,0,Reuben,Fatheree,OL,,
225,b015e7e0-9421-11ec-a0a0-bfb4bc95dfd2,0,ff53e5e4-10ef-4842-a0b7-b489956fa07e,0,0,0,0,0,0,0,0,Jayden,McGowan,WR,,
467,68034870-9003-11ec-8556-6fa97bcffaf0,0,ff53e5e4-10ef-4842-a0b7-b489956fa07e,0,0,0,0,0,0,0,0,Gabe,Peterson,DE,,
257,cfa89717-fbc0-4409-9f8c-8ba6d9cadc2e,0,ff53e5e4-10ef-4842-a0b7-b489956fa07e,0,0,0,0,0,0,0,0,Shay,Taylor,LB,,
901,e4958690-ff94-11ec-8cae-d9ab5518792a,0,ff53e5e4-10ef-4842-a0b7-b489956fa07e,0,0,0,0,0,0,0,0,Matthew,Wade,OL,,
1184,9a6337c0-850f-11ec-b84d-a909c14fc4b8,0,ff53e5e4-10ef-4842-a0b7-b489956fa07e,0,0,0,0,0,0,0,0,Le'Veon,Moss,RB,,
1333,15a8f4e0-f4f2-11ec-a1bd-5b7e571ac891,0,ff53e5e4-10ef-4842-a0b7-b489956fa07e,0,0,0,0,0,0,0,0,Qae'Shon,Sapp,OL,,
777,83f3e0c0-095d-11ed-988d-5f1c2a0e25d9,0,ff53e5e4-10ef-4842-a0b7-b489956fa07e,0,0,0,0,0,0,0,0,Chika,Ebunoha,SAF,,
247,cbcf1010-91f6-11ec-9587-0f8fa2cff168,0,ff53e5e4-10ef-4842-a0b7-b489956fa07e,0,0,0,0,0,0,0,0,Conner,Harrell,QB,,
489,79bd7b6b-b5d1-4c22-b3a7-4b956598276c,0,ff53e5e4-10ef-4842-a0b7-b489956fa07e,0,0,0,0,0,0,0,0,Malik,Williams,OL,,
1275,e2d23aa0-9447-11ec-adaa-8df9ab712ef8,0,ff53e5e4-10ef-4842-a0b7-b489956fa07e,0,0,0,0,0,0,0,0,Houston,Thomas,TE,,
955,09e36060-f893-11ec-8190-074ed0b20d38,0,ff53e5e4-10ef-4842-a0b7-b489956fa07e,0,0,0,0,0,0,0,0,Preston,Landis,RB,,
745,67575191-4ef4-417a-bcc6-a0820dfe5f67,0,ff53e5e4-10ef-4842-a0b7-b489956fa07e,0,0,0,0,0,0,0,0,Noah,Avinger,CB,,
402,3b2ad5d0-89bd-11ec-b4c8-9f80462526e1,0,ff53e5e4-10ef-4842-a0b7-b489956fa07e,0,0,0,0,0,0,0,0,Kaian,Roberts-Day,DL,,
918,f34dbb10-a668-11ec-92a5-573ac41867f7,0,ff53e5e4-10ef-4842-a0b7-b489956fa07e,0,0,0,0,0,0,0,0,Kadin,Lynch,OL,,
548,b402639b-f3b6-469f-ab63-f7f11c70be3c,0,ff53e5e4-10ef-4842-a0b7-b489956fa07e,0,0,0,0,0,0,0,0,Larenzo,McMillan,RB,,
452,5a6d9fad-91d9-47ab-8458-58cbab985303,0,ff53e5e4-10ef-4842-a0b7-b489956fa07e,0,0,0,0,0,0,0,0,Logan,Fife,QB,,
269,d9d2d8f6-d58d-4a0a-8d9a-471bdcecf3b5,0,ff53e5e4-10ef-4842-a0b7-b489956fa07e,0,0,0,0,0,0,0,0,Justin,Olson,WR,,
365,190afbc8-f9e1-4924-ab47-493048cfba6a,0,ff53e5e4-10ef-4842-a0b7-b489956fa07e,0,0,0,0,0,0,0,0,Florian,Staehler,OL,,
1137,89abe484-0e5c-4b37-9428-50d560ab6f52,0,ff53e5e4-10ef-4842-a0b7-b489956fa07e,0,0,0,0,0,0,0,0,Koli,Faaiu,OL,,
77,3efdb810-0b7f-11ec-88fe-27c45d3b5fb1,0,ff53e5e4-10ef-4842-a0b7-b489956fa07e,0,0,0,0,0,0,0,0,Kristos,Fernandez,OL,,
1169,92f041cb-6cc9-4a25-8ca2-8752dafbbc3b,0,ff53e5e4-10ef-4842-a0b7-b489956fa07e,0,0,0,0,0,0,0,0,Albert,Regis,DT,,
1009,2a00a31b-02d5-412a-a4c2-00f9787f302c,0,ff53e5e4-10ef-4842-a0b7-b489956fa07e,0,0,0,0,0,0,0,0,Truette,Tumey,P,,
8,0ffc9700-8ecb-11ec-8d02-85ead82574a9,0,ff53e5e4-10ef-4842-a0b7-b489956fa07e,0,0,0,0,0,0,0,0,CJ,Clinkscales,DB,,
730,60088e50-95b7-11ec-ac09-df8fdee6dbff,0,ff53e5e4-10ef-4842-a0b7-b489956fa07e,0,0,0,0,0,0,0,0,Antonio,Bluiett,DB,,
360,17b89e00-0d3b-11ed-bdf8-19cd47e5867a,0,ff53e5e4-10ef-4842-a0b7-b489956fa07e,0,0,0,0,0,0,0,0,Mark,Chapman,OL,,
200,a01963d0-9a5c-11ec-aa2d-1dee8c2946d2,0,ff53e5e4-10ef-4842-a0b7-b489956fa07e,0,0,0,0,0,0,0,0,Cole,Gonzales,QB,,
762,7ec48870-8f69-11ec-8556-6fa97bcffaf0,0,ff53e5e4-10ef-4842-a0b7-b489956fa07e,0,0,0,0,0,0,0,0,Chase,Tuatagaloa,TE,,
1350,1fa48034-263f-41d6-9a3d-bc31e8feae18,0,ff53e5e4-10ef-4842-a0b7-b489956fa07e,0,0,0,0,0,0,0,0,Alston,Hooker,QB,,
104,53f4c5e0-f636-11ec-a454-0195ac6142b0,0,ff53e5e4-10ef-4842-a0b7-b489956fa07e,0,0,0,0,0,0,0,0,Jamarrion,Solomon,DL,,
903,e7e898d0-85e8-11ec-85cd-e5aab2bdaefb,0,ff53e5e4-10ef-4842-a0b7-b489956fa07e,0,0,0,0,0,0,0,0,Carter,Brown,K,,
533,9f05fb6d-af1d-45f7-957c-a17cc7d0ef95,0,ff53e5e4-10ef-4842-a0b7-b489956fa07e,0,0,0,0,0,0,0,0,Devin,Ellison,WR,,
35,2051aa40-9002-11ec-8556-6fa97bcffaf0,0,ff53e5e4-10ef-4842-a0b7-b489956fa07e,0,0,0,0,0,0,0,0,Ta'ir,Brooks,WR,,
1127,825b16ba-2afc-4d05-9727-edab0fb0f126,0,ff53e5e4-10ef-4842-a0b7-b489956fa07e,0,0,0,0,0,0,0,0,Dayon,Hayes,DE,,
1191,9df59922-8e8e-48ed-abe9-ee3d04d44b81,0,ff53e5e4-10ef-4842-a0b7-b489956fa07e,0,0,0,0,0,0,0,0,EJ,Smith,RB,,
1026,3e417b90-84a2-11ec-a2e6-affc80bcd2fc,0,ff53e5e4-10ef-4842-a0b7-b489956fa07e,0,0,0,0,0,0,0,0,Julio,Humphrey,CB,,
496,7c12ef00-9003-11ec-8556-6fa97bcffaf0,0,ff53e5e4-10ef-4842-a0b7-b489956fa07e,0,0,0,0,0,0,0,0,Trevor,Stephens,TE,,
158,7f827cf6-3e26-4b20-8b59-53c8295b056c,0,ff53e5e4-10ef-4842-a0b7-b489956fa07e,0,0,0,0,0,0,0,0,Zion,Shockley,DL,,
587,d1e723d0-078e-11ed-be58-e3ef448594e4,0,ff53e5e4-10ef-4842-a0b7-b489956fa07e,0,0,0,0,0,0,0,0,Bryant,Jackson,LB,,
217,a9564c20-039c-11ed-82c0-ed1d42e26c7b,0,ff53e5e4-10ef-4842-a0b7-b489956fa07e,0,0,0,0,0,0,0,0,Sean,Brown,WR,,
57,2c0ef5c8-26e3-495a-83c1-c5dfaf726332,0,ff53e5e4-10ef-4842-a0b7-b489956fa07e,0,0,0,0,0,0,0,0,Derrick,Edwards,DB,,
409,436271b0-2295-11ed-9479-578a7cf992f8,0,ff53e5e4-10ef-4842-a0b7-b489956fa07e,0,0,0,0,0,0,0,0,Tyler,Keinath,OL,,
121,6247d884-40c6-4af5-8276-16cc34a37f25,0,ff53e5e4-10ef-4842-a0b7-b489956fa07e,0,0,0,0,0,0,0,0,Breon,Noel,DB,,
1213,ab3ce9e0-1418-11ed-8f55-53b238da45a2,0,ff53e5e4-10ef-4842-a0b7-b489956fa07e,0,0,0,0,0,0,0,0,Levi,Hancock,LS,,
843,b10e2df0-8f68-11ec-8556-6fa97bcffaf0,0,ff53e5e4-10ef-4842-a0b7-b489956fa07e,0,0,0,0,0,0,0,0,Enoka,Migao,OLB,,
84,432ada80-0ad0-11ec-9466-75df4dae1e10,0,ff53e5e4-10ef-4842-a0b7-b489956fa07e,0,0,0,0,0,0,0,0,Braden,Mullen,DL,,
888,d2b815d7-f782-405c-a89a-67622a720afb,0,ff53e5e4-10ef-4842-a0b7-b489956fa07e,0,0,0,0,0,0,0,0,Broc,Lane,TE,,
678,2e0277f2-4daf-4e32-a9cb-9ef85ec18aaa,0,ff53e5e4-10ef-4842-a0b7-b489956fa07e,0,0,0,0,0,0,0,0,John,Miller,LB,,
1112,7a1e5145-a3d7-414f-aea3-36d05e7fa8f9,0,ff53e5e4-10ef-4842-a0b7-b489956fa07e,0,0,0,0,0,0,0,0,Randy,Bond,K,,
212,a509f8d3-042e-4928-a938-9aab59ae9467,0,ff53e5e4-10ef-4842-a0b7-b489956fa07e,0,0,0,0,0,0,0,0,Andrew,Adair,OL,,
52,2a0f33d5-3ddc-4eac-930e-250b630ac785,0,ff53e5e4-10ef-4842-a0b7-b489956fa07e,0,0,0,0,0,0,0,0,Randy,Franklin,DB,,
833,a9df7310-8f4d-11ec-9f33-1965c9c46e44,0,ff53e5e4-10ef-4842-a0b7-b489956fa07e,0,0,0,0,0,0,0,0,Bryson,Taylor,CB,,
1075,55bb3770-850b-11ec-b446-1b024413db39,0,ff53e5e4-10ef-4842-a0b7-b489956fa07e,0,0,0,0,0,0,0,0,Bryce,Anderson,SAF,,
175,9041fb00-0a99-11ec-8b62-01d2825cc870,0,ff53e5e4-10ef-4842-a0b7-b489956fa07e,0,0,0,0,0,0,0,0,Rod,Green,OL,,
577,cdf38210-1f61-11ed-a14c-9bcddb7a0cb8,0,ff53e5e4-10ef-4842-a0b7-b489956fa07e,0,0,0,0,0,0,0,0,Sone,Aupiu,LB,,
207,a473ef04-9c3e-49a1-9319-d3ec996a67ec,0,ff53e5e4-10ef-4842-a0b7-b489956fa07e,0,0,0,0,0,0,0,0,Gavin,Shipman,DB,,
1038,411fc440-850e-11ec-b84d-a909c14fc4b8,0,ff53e5e4-10ef-4842-a0b7-b489956fa07e,0,0,0,0,0,0,0,0,Jarred,Kerr,SAF,,
668,253a59a7-fc1c-417d-a905-ddf73ab43fe2,0,ff53e5e4-10ef-4842-a0b7-b489956fa07e,0,0,0,0,0,0,0,0,Lawrence,Falatea,DE,,
138,6cdd7500-9fc1-11ec-8d3e-25cbf0d2c00a,0,ff53e5e4-10ef-4842-a0b7-b489956fa07e,0,0,0,0,0,0,0,0,Jorel,Liverpool,DL,,
170,8c517d10-9bfb-11ec-a07d-ffdc5a3c6e65,0,ff53e5e4-10ef-4842-a0b7-b489956fa07e,0,0,0,0,0,0,0,0,Chance,Williams,RB,,
1262,da346c40-1419-11ed-8f55-53b238da45a2,0,ff53e5e4-10ef-4842-a0b7-b489956fa07e,0,0,0,0,0,0,0,0,Chance,Jackson,OL,,
636,099c3a84-56b8-4274-833c-f918f1b12da6,0,ff53e5e4-10ef-4842-a0b7-b489956fa07e,0,0,0,0,0,0,0,0,Nu'uletau,Sellesin,OLB,,
535,a0ca7310-1468-11ed-82e6-6fe596000b9f,0,ff53e5e4-10ef-4842-a0b7-b489956fa07e,0,0,0,0,0,0,0,0,Allen,Ortiz,WR,,
5,0e40e373-9eb9-49d5-9c85-ee6e7aa52fc3,0,ff53e5e4-10ef-4842-a0b7-b489956fa07e,0,0,0,0,0,0,0,0,Donald,Chaney,RB,,
1257,d7edec4a-0e7d-46c5-bc9b-4a311c486356,0,ff53e5e4-10ef-4842-a0b7-b489956fa07e,0,0,0,0,0,0,0,0,Cashius,Howell,DE,,
969,14d10fe0-9033-11ec-8556-6fa97bcffaf0,0,ff53e5e4-10ef-4842-a0b7-b489956fa07e,0,0,0,0,0,0,0,0,CJ,Mims,DL,,
389,32b2bdcb-308d-481b-be93-1a3e12d64ef9,0,ff53e5e4-10ef-4842-a0b7-b489956fa07e,0,0,0,0,0,0,0,0,Jamall,Thompson,DE,,
1161,8ee02562-28be-4533-91f6-9692de970893,0,ff53e5e4-10ef-4842-a0b7-b489956fa07e,0,0,0,0,0,0,0,0,Amari,Daniels,RB,,
663,1eec079b-e6d2-44b6-88a7-e7ae26beac31,0,ff53e5e4-10ef-4842-a0b7-b489956fa07e,0,0,0,0,0,0,0,0,Bo,Maile,DT,,
352,0df8f060-94c1-11ec-9a13-bdad2320c674,0,ff53e5e4-10ef-4842-a0b7-b489956fa07e,0,0,0,0,0,0,0,0,Bernock,Iya,SAF,,
658,1c348490-8ec8-11ec-8d02-85ead82574a9,0,ff53e5e4-10ef-4842-a0b7-b489956fa07e,0,0,0,0,0,0,0,0,Kye,Stokes,SAF,,
288,e7261400-039b-11ed-82c0-ed1d42e26c7b,0,ff53e5e4-10ef-4842-a0b7-b489956fa07e,0,0,0,0,0,0,0,0,Isaiah,Bullerdick,OL,,
128,67ad5355-7dac-47b1-8a50-8579f464cf0e,0,ff53e5e4-10ef-4842-a0b7-b489956fa07e,0,0,0,0,0,0,0,0,Ja'Qurious,Conley,DB,,
1337,1b4fb500-9a5c-11ec-aa2d-1dee8c2946d2,0,ff53e5e4-10ef-4842-a0b7-b489956fa07e,0,0,0,0,0,0,0,0,Antoine,Bell,TE,,
863,bc0bbf30-08fc-11ec-b8fa-57b2949e3d13,0,ff53e5e4-10ef-4842-a0b7-b489956fa07e,0,0,0,0,0,0,0,0,Jake,Eichorn,OL,,
525,9ac4326b-8d32-4372-923d-d0b607b132b0,0,ff53e5e4-10ef-4842-a0b7-b489956fa07e,0,0,0,0,0,0,0,0,Sioeli,Helu,OL,,
1146,8b83aaea-9a5d-448e-b776-1bca1e229e94,0,ff53e5e4-10ef-4842-a0b7-b489956fa07e,0,0,0,0,0,0,0,0,Dametrious,Crownover,OT,,
456,5f00c340-892a-11ec-8f84-d9482b6bb8ac,0,ff53e5e4-10ef-4842-a0b7-b489956fa07e,0,0,0,0,0,0,0,0,TK,King,WR,,
1242,cd093fd0-8eab-11ec-8d02-85ead82574a9,0,ff53e5e4-10ef-4842-a0b7-b489956fa07e,0,0,0,0,0,0,0,0,Anto,Saka,DL,,
22,11723729-0313-461b-b439-f160fed91704,0,ff53e5e4-10ef-4842-a0b7-b489956fa07e,0,0,0,0,0,0,0,0,Thai,Baldwin,DB,,
113,5b6c4630-f899-11ec-8190-074ed0b20d38,0,ff53e5e4-10ef-4842-a0b7-b489956fa07e,0,0,0,0,0,0,0,0,Treyveon,McGee,DB,,
17,109eeb62-2c58-4600-a9e1-22cd82316dde,0,ff53e5e4-10ef-4842-a0b7-b489956fa07e,0,0,0,0,0,0,0,0,Jalar,Holley,DL,,
369,1a234230-1d9e-11ed-8092-5bce02fd28ab,0,ff53e5e4-10ef-4842-a0b7-b489956fa07e,0,0,0,0,0,0,0,0,Ma'Kyi,Lee,OL,,
1141,8af66110-8abc-11ec-accc-5b87d3320078,0,ff53e5e4-10ef-4842-a0b7-b489956fa07e,0,0,0,0,0,0,0,0,Ryan,Henderson,DE,,
108,5844d160-94d6-11ec-9a13-bdad2320c674,0,ff53e5e4-10ef-4842-a0b7-b489956fa07e,0,0,0,0,0,0,0,0,DJ,Burgess,DL,,
332,00ae2420-59f3-484b-89d8-00b1ac2a37be,0,ff53e5e4-10ef-4842-a0b7-b489956fa07e,0,0,0,0,0,0,0,0,Nick,Session,SAF,,
1322,0ce1f160-9c30-11ec-9d66-0193ceabd1a0,0,ff53e5e4-10ef-4842-a0b7-b489956fa07e,0,0,0,0,0,0,0,0,Willie,Hamilton,SAF,,
976,1a9ba170-8e8e-11ec-8d02-85ead82574a9,0,ff53e5e4-10ef-4842-a0b7-b489956fa07e,0,0,0,0,0,0,0,0,Amari,Niblack,TE,,
798,9204ea0c-8566-4a40-8ade-08ed0a471cc9,0,ff53e5e4-10ef-4842-a0b7-b489956fa07e,0,0,0,0,0,0,0,0,Dylan,Tucker,CB,,
295,e970149b-f19f-4316-af52-5c646c9bc253,0,ff53e5e4-10ef-4842-a0b7-b489956fa07e,0,0,0,0,0,0,0,0,Jonny,King,OL,,
1227,bfbf7db0-313c-11ed-bfcf-65eaff9f277b,0,ff53e5e4-10ef-4842-a0b7-b489956fa07e,0,0,0,0,0,0,0,0,Nana,Boadi-Owusu,DE,,
907,eadee650-8f68-11ec-8556-6fa97bcffaf0,0,ff53e5e4-10ef-4842-a0b7-b489956fa07e,0,0,0,0,0,0,0,0,Tavo,Motu'apuaka,OL,,
423,4c5248e5-5334-470f-9a52-98e2aaa98837,0,ff53e5e4-10ef-4842-a0b7-b489956fa07e,0,0,0,0,0,0,0,0,Ryan,Hawk,K,,
875,c8484ba0-a4c0-11ec-b346-69864c4e95e6,0,ff53e5e4-10ef-4842-a0b7-b489956fa07e,0,0,0,0,0,0,0,0,Tyree,Morris,DT,,
564,ba03ca1e-59d0-4b33-9b86-bda12e439154,0,ff53e5e4-10ef-4842-a0b7-b489956fa07e,0,0,0,0,0,0,0,0,Janik,Ogunlade,OL,,
1312,fe568ef6-751d-408f-916f-639031271455,0,ff53e5e4-10ef-4842-a0b7-b489956fa07e,0,0,0,0,0,0,0,0,Tyler,Onyedim,DT,,
998,241e19ea-3867-48c6-90eb-de96acea7e9c,0,ff53e5e4-10ef-4842-a0b7-b489956fa07e,0,0,0,0,0,0,0,0,Nate,Boerkircher,TE,,
189,9b5fb8a2-a5a0-4190-96fd-97510f6295db,0,ff53e5e4-10ef-4842-a0b7-b489956fa07e,0,0,0,0,0,0,0,0,Gus,McGee,TE,,
431,50885160-1e63-11ed-ac13-efcd76e63c74,0,ff53e5e4-10ef-4842-a0b7-b489956fa07e,0,0,0,0,0,0,0,0,Ilya,Uvaydov,K,,
847,b20183e0-9424-11ec-a0a0-bfb4bc95dfd2,0,ff53e5e4-10ef-4842-a0b7-b489956fa07e,0,0,0,0,0,0,0,0,BJ,Diakite,DE,,
1249,d018e8f0-1d86-11ed-94bb-9f870848f4f7,0,ff53e5e4-10ef-4842-a0b7-b489956fa07e,0,0,0,0,0,0,0,0,Nathan,Jackson,DT,,
